Date,Holiday
2017-01-01,신정
2017-01-27,구정연휴
2017-01-28,구정연휴
2017-01-29,구정연휴
2017-01-30,구정 대체휴일
2017-03-01,삼일절
2017-05-03,석가탄신일
2017-05-05,어린이날
2017-05-09,대통령선거일
2017-06-06,현충일
2017-08-15,광복절
2017-10-03,개천절
2017-10-04,추석연휴
2017-10-05,추석연휴
2017-10-06,추석연휴
2017-12-25,성탄절
2018-01-01,신정
2018-02-15,구정연휴
2018-02-16,구정연휴
2018-02-17,구정연휴
2018-03-01,삼일절
2018-05-05,어린이날
2018-05-22,석가탄신일
2018-06-06,현충일
2018-06-13,지방선거
2018-05-15,광복절
2018-09-24,추석연휴
2018-09-25,추석연휴
2018-09-26,추석연휴
2018-10-03,개천절
2018-10-09,한글날
2018-12-25,성탄절
