Creditability,Account Balance,Duration of Credit (month),Payment Status of Previous Credit,Purpose,Credit Amount($),Length of current employment(Month),Sex & Marital Status,Duration in Current address,Most valuable available asset,Age (years),Type of apartment,No of Credits at this Bank,Occupation,No of dependents,Telephone,Foreign Worker
1,3,24,2,0,1249,2,4,2,1,28,2,1,3,1,1,1
1,2,9,2,0,276,3,4,4,1,22,1,1,2,1,1,1
1,1,18,4,2,1049,2,2,4,2,21,1,1,3,1,1,1
1,1,24,4,1,6419,5,2,4,4,44,3,2,4,2,2,1
1,3,12,2,2,1424,5,2,4,1,55,2,1,4,1,2,1
1,2,30,2,3,1715,3,2,1,3,26,2,1,3,1,1,1
1,3,10,4,0,781,5,3,4,4,63,3,2,3,1,2,1
0,1,42,2,3,3965,2,3,3,3,34,2,1,3,1,1,1
1,2,24,2,3,3758,1,2,4,4,23,1,1,1,1,1,1
0,1,48,2,0,3931,4,3,4,4,46,3,1,3,2,1,1
1,3,30,4,3,2831,3,2,2,3,33,2,1,3,1,2,1
1,3,12,4,2,1935,5,3,4,1,43,2,3,3,1,2,1
0,3,12,1,9,609,2,2,1,1,26,2,1,1,1,1,1
0,1,12,2,3,674,4,4,1,2,20,2,1,3,1,1,1
1,1,15,2,9,806,3,2,4,2,22,2,1,2,1,1,1
1,3,21,2,3,3160,5,3,3,2,41,2,1,3,1,2,1
1,1,6,2,2,1374,3,3,2,1,36,2,1,2,1,2,1
1,3,36,4,3,3342,5,3,2,3,51,2,1,3,1,2,1
1,2,12,2,9,841,4,2,4,1,23,1,1,2,1,1,1
1,2,12,2,0,7472,1,2,2,1,24,1,1,1,1,1,1
1,2,18,2,0,6260,4,3,3,1,28,1,1,2,1,1,1
1,3,36,4,3,9566,3,2,2,3,31,2,2,3,1,1,1
1,1,24,1,1,3632,3,2,4,3,22,1,1,3,1,1,2
1,3,10,2,8,894,4,2,3,2,40,2,1,3,1,2,1
1,2,8,2,9,907,2,4,2,1,26,2,1,3,1,2,1
0,1,12,2,4,741,1,2,3,2,22,2,1,3,1,1,1
1,2,12,2,0,2002,4,3,4,2,30,1,1,3,2,2,1
0,2,12,2,3,1331,2,3,1,3,22,2,1,3,1,1,1
1,2,6,2,3,368,5,3,4,2,38,2,1,3,1,1,1
0,1,12,2,0,1274,2,2,1,1,37,2,1,2,1,1,1
0,3,18,2,3,433,1,2,4,1,22,1,1,3,1,1,1
0,1,48,0,1,4605,5,3,4,4,24,3,2,3,2,1,1
1,3,6,1,3,1750,5,3,4,2,45,2,1,2,2,1,1
0,2,12,2,3,1534,2,4,1,1,23,1,1,3,1,1,1
0,1,33,4,2,4281,3,2,4,3,23,2,2,3,1,1,1
0,2,12,2,5,639,3,3,2,3,30,2,1,3,1,1,1
1,2,9,2,3,1082,5,3,4,3,37,2,2,2,1,1,1
1,3,24,2,2,2892,5,1,4,4,51,3,1,3,1,1,1
0,2,30,2,0,2150,3,2,2,4,24,2,1,3,1,1,1
1,3,15,3,3,1478,3,4,3,1,33,2,2,3,1,1,1
1,3,24,2,0,1393,3,3,2,1,31,2,1,3,1,2,1
1,2,12,2,9,1037,4,3,4,1,39,2,1,2,1,1,1
1,2,12,4,0,958,4,3,3,1,47,2,2,2,2,1,1
0,1,12,2,0,1372,4,1,3,3,36,2,1,3,1,1,1
1,3,36,4,0,6614,5,3,4,3,34,2,2,4,1,2,1
1,3,24,2,3,1278,5,3,1,1,36,2,1,4,1,2,1
0,2,36,3,0,8086,5,3,4,3,42,2,4,4,1,2,1
0,2,36,2,0,14318,5,3,2,4,57,3,1,4,1,2,1
0,3,18,4,0,2775,4,3,2,2,31,2,2,3,1,1,1
0,1,24,2,0,4817,4,3,3,2,31,2,1,3,1,2,1
1,2,6,2,3,484,4,4,3,1,28,2,1,2,1,1,1
0,2,8,2,2,1237,3,2,4,1,24,2,1,3,1,1,1
0,1,36,2,0,9271,4,3,1,3,24,2,1,3,1,2,1
1,3,10,4,2,2069,3,4,1,3,26,2,2,3,1,1,2
1,3,12,2,3,1297,3,4,4,1,23,1,1,3,1,1,1
1,3,12,2,9,1076,3,4,2,1,26,2,1,3,1,2,1
1,2,6,2,3,590,2,4,3,1,26,2,1,2,1,1,2
1,3,12,4,9,1185,3,2,2,1,27,2,2,3,1,1,1
0,2,18,4,0,1056,5,3,3,1,30,2,2,3,1,1,1
1,3,12,4,3,618,5,3,4,1,56,2,1,3,1,1,1
1,1,11,4,0,3939,3,3,2,1,40,2,2,2,2,1,1
1,2,12,4,0,3124,2,3,3,1,49,2,2,2,2,1,1
1,3,30,4,3,5954,4,3,2,3,38,2,1,3,1,1,1
1,3,12,3,1,1503,3,4,4,1,41,1,1,3,1,1,1
1,3,12,4,0,926,1,2,2,2,38,2,1,1,1,1,1
1,3,18,4,3,1098,1,2,4,3,65,2,2,1,1,1,1
1,3,7,3,3,846,5,3,4,4,36,3,1,3,1,1,1
1,3,15,2,1,1300,5,3,4,4,45,3,1,3,2,1,1
1,3,18,2,2,1984,3,3,4,4,47,3,2,3,1,1,1
0,2,12,2,0,1223,5,1,1,1,46,1,2,3,1,1,1
1,3,6,2,8,1238,1,3,4,2,36,2,1,4,2,2,1
0,1,9,2,0,654,3,3,3,3,28,2,1,2,1,1,1
1,3,10,2,1,2848,3,3,2,1,32,2,1,3,2,1,1
1,3,4,4,0,1455,4,3,1,1,42,2,3,2,2,1,1
1,2,12,4,3,3573,3,2,1,1,23,2,1,2,1,1,1
0,2,21,2,9,1188,5,2,4,2,39,2,1,3,2,1,1
1,3,24,2,9,1258,4,3,1,1,25,2,1,3,1,2,1
1,3,12,2,3,2073,3,2,2,1,28,2,1,3,1,1,1
1,3,21,3,1,2993,3,3,2,1,28,2,2,2,1,1,1
0,2,12,2,0,685,4,4,3,3,25,2,1,2,1,1,1
1,3,12,2,3,1963,4,3,2,3,31,1,2,4,2,2,1
1,2,12,2,3,1103,4,3,3,1,29,2,2,3,1,1,1
1,1,12,2,2,1657,3,3,2,1,27,2,1,3,1,1,1
1,1,21,4,0,1602,5,4,3,3,30,2,2,3,1,2,1
1,3,9,2,6,3832,5,3,4,1,64,2,1,2,1,1,1
1,3,18,4,3,2404,3,2,2,3,26,2,2,3,1,1,1
1,1,36,2,10,15857,1,1,3,3,43,2,1,4,1,1,1
0,3,24,2,3,2397,5,3,2,3,35,2,2,3,1,2,1
1,3,12,4,9,1264,5,3,4,4,57,1,1,2,1,1,1
1,3,15,2,3,1213,5,3,3,2,47,2,1,3,1,2,1
1,2,6,4,8,932,4,2,3,2,39,2,2,2,1,1,1
1,3,24,4,9,1275,3,1,4,1,36,2,2,3,1,2,1
0,1,18,0,2,3114,2,2,4,2,26,1,1,3,1,1,1
1,2,18,2,0,5866,3,3,2,3,30,2,2,3,1,2,1
1,3,24,3,0,2032,5,3,4,4,60,3,2,3,1,2,1
0,2,9,1,1,5129,5,2,4,4,74,3,1,4,2,2,1
0,2,24,2,3,3092,2,4,2,3,22,1,1,3,1,2,1
1,1,8,4,0,3398,4,3,4,1,39,2,2,2,1,1,2
1,3,9,2,3,2697,3,3,2,1,32,2,1,3,2,1,1
1,1,24,4,9,1382,4,3,1,1,26,2,2,3,1,2,1
1,2,36,2,1,6948,3,3,2,3,35,1,1,4,1,2,1
1,3,12,2,3,2279,3,3,4,4,37,3,1,3,1,2,1
1,1,20,4,2,4272,5,2,4,2,24,2,2,3,1,1,1
0,2,60,2,6,6288,3,3,4,4,42,3,1,3,1,1,1
0,3,18,2,0,6761,3,3,4,3,68,1,2,3,1,1,1
1,2,9,2,9,1391,3,4,1,1,27,2,1,3,1,2,1
1,3,24,2,2,5511,3,3,1,3,25,2,1,3,1,1,1
1,3,28,4,3,2743,5,3,2,3,29,2,2,3,1,1,1
1,3,39,2,1,8588,5,3,2,3,45,2,1,4,1,2,1
1,1,15,3,2,3643,5,2,4,2,27,2,2,2,1,1,1
0,1,24,1,0,1193,1,2,4,4,29,1,2,1,1,1,1
0,1,12,2,1,3386,5,3,4,4,35,3,1,3,1,2,1
1,3,24,4,3,2578,5,3,2,3,34,2,1,3,1,1,1
1,1,6,4,0,609,4,2,3,2,37,2,2,3,1,1,1
0,1,21,3,6,3414,2,3,1,2,26,2,2,3,1,1,1
1,1,18,3,6,8471,3,2,2,3,23,1,2,3,1,2,1
0,1,12,0,3,6199,3,3,2,2,28,1,2,3,1,2,1
1,2,14,2,9,1410,5,4,2,1,35,2,1,3,1,2,1
1,3,30,4,3,3656,5,3,4,2,49,2,2,2,1,1,1
1,2,9,2,2,2030,4,3,1,3,24,2,1,3,1,2,1
0,1,12,0,0,1082,3,3,4,3,48,2,2,3,1,1,1
1,3,12,2,0,2390,5,3,3,3,50,2,1,3,1,2,1
0,2,24,2,1,11560,3,2,4,3,23,1,2,4,1,1,1
1,2,7,2,3,2329,2,2,1,1,45,2,1,3,1,1,1
1,3,24,2,1,2670,5,3,4,3,35,2,1,4,1,2,1
1,2,9,4,2,1919,4,3,3,3,35,1,1,3,1,2,1
1,3,6,2,2,2116,3,3,2,1,41,2,1,3,1,2,1
0,2,60,2,0,7408,2,2,2,2,24,2,1,4,1,1,1
0,3,21,4,6,2319,2,1,1,3,33,1,1,3,1,1,1
1,3,18,2,3,2051,2,3,1,1,33,2,1,3,1,1,1
0,2,18,4,2,1928,2,3,2,1,31,2,2,2,1,1,1
1,3,12,4,9,1412,3,2,2,1,29,2,2,4,1,2,1
0,3,12,4,0,939,4,4,2,1,28,2,3,3,1,2,1
1,1,12,2,3,701,3,4,2,1,40,2,1,2,1,1,1
1,1,24,2,10,1755,5,2,4,1,58,2,1,2,1,2,1
0,2,36,2,6,12612,3,3,4,4,47,3,1,3,2,2,1
1,1,36,4,2,5371,3,3,2,2,28,2,2,3,1,1,1
0,1,12,2,6,684,3,3,4,3,40,1,1,2,2,1,1
0,2,18,3,2,4297,5,1,3,4,40,2,1,4,1,2,1
1,2,18,0,2,3244,3,2,4,3,33,2,2,3,1,2,1
1,2,6,3,9,1449,5,1,2,3,31,2,2,3,2,1,1
1,3,21,2,1,2476,5,3,4,1,46,2,1,4,1,2,1
1,3,10,2,0,1364,3,2,4,3,64,2,1,3,1,2,1
1,3,9,2,9,1449,4,2,2,3,27,2,2,3,1,1,1
1,3,36,4,1,11054,3,3,2,3,30,2,1,4,1,2,1
1,3,18,2,0,1820,3,4,2,2,30,2,1,4,1,2,1
1,3,12,2,9,1542,4,3,4,3,36,2,1,3,1,2,1
0,1,36,2,1,8229,3,3,2,2,26,2,1,3,2,1,1
0,2,12,0,2,2969,2,2,3,2,25,1,2,3,1,1,1
0,2,12,2,2,2762,5,2,2,2,25,2,1,3,1,2,1
0,1,18,2,3,1882,3,2,4,3,25,1,2,3,1,1,1
1,3,12,4,3,1291,3,2,2,2,35,2,2,3,1,1,1
1,3,12,2,3,886,3,2,2,3,21,2,1,3,1,1,1
1,3,24,1,9,1559,4,3,4,3,40,2,1,3,1,2,1
0,1,36,2,2,3446,5,3,2,3,42,2,1,3,2,1,1
0,2,48,2,3,3060,4,3,4,1,28,2,2,3,1,1,1
1,3,15,4,6,1532,3,2,3,3,31,2,1,3,1,1,1
1,1,24,4,1,6615,1,3,4,4,75,3,2,4,1,2,1
0,3,36,2,3,4210,3,3,2,3,26,2,1,3,1,1,1
1,3,15,3,1,3594,2,2,2,2,46,2,2,2,1,1,1
1,3,15,4,3,1471,3,3,4,4,35,3,2,3,1,2,1
1,3,18,2,9,1568,3,2,4,2,24,1,1,2,1,1,1
0,1,24,2,2,2359,1,1,1,2,33,2,1,3,1,1,1
1,3,36,3,1,8947,4,3,2,3,31,2,1,4,2,2,1
1,1,12,2,3,2214,3,3,3,2,24,2,1,2,1,1,1
0,1,48,2,4,3051,3,3,4,3,54,2,1,3,1,1,1
1,3,21,2,9,1572,5,2,4,1,36,2,1,2,1,1,1
0,2,18,4,3,1245,3,4,2,3,33,2,1,3,1,1,1
1,2,30,2,2,3832,2,4,1,2,22,2,1,3,1,1,1
1,1,24,2,2,4169,3,3,4,2,28,2,1,3,1,1,1
0,1,18,4,2,2124,3,2,4,1,24,1,2,3,1,1,1
1,3,18,2,3,1126,2,2,2,1,21,1,1,3,1,2,1
0,2,9,4,6,1501,5,2,3,3,34,2,2,4,1,2,1
1,3,12,4,6,2748,5,2,4,4,57,3,3,2,1,1,1
1,3,9,4,6,936,5,3,2,3,52,2,2,3,1,2,1
0,3,10,2,0,1240,5,2,4,4,48,3,1,2,2,1,1
1,2,48,2,0,8487,4,2,2,3,24,2,1,3,1,1,1
0,2,18,0,0,2278,2,2,3,3,28,2,2,3,1,1,1
0,2,12,2,3,1484,3,4,1,1,25,2,1,3,1,2,1
1,3,9,2,3,1126,5,1,4,1,49,2,1,3,1,1,1
1,1,18,2,3,2389,2,2,1,3,27,2,1,3,1,1,1
1,3,12,2,0,640,3,1,2,1,49,2,1,2,1,1,1
0,1,18,2,0,1216,2,2,3,3,23,1,1,3,1,2,1
1,3,10,2,2,1275,2,2,2,2,23,2,1,3,1,1,1
1,3,9,4,0,1224,3,3,1,1,30,2,2,3,1,1,1
1,1,15,4,2,975,3,1,3,2,25,2,2,3,1,1,1
1,3,11,4,3,1154,1,2,4,1,57,2,3,2,1,1,1
1,3,60,2,3,10144,4,2,4,1,21,2,1,3,1,2,1
0,1,30,2,2,2406,4,2,4,1,23,1,1,3,1,1,1
1,3,6,3,9,1743,3,3,2,1,34,2,2,2,1,1,1
1,2,6,2,3,1068,5,3,4,3,28,2,1,3,2,1,1
1,1,21,2,2,3599,4,2,4,3,26,1,1,2,1,1,1
0,1,18,2,0,976,2,2,2,3,23,2,1,2,1,1,1
1,3,36,2,1,4686,3,3,2,4,32,3,1,4,1,2,1
1,1,30,0,2,4583,3,1,2,1,32,2,2,3,1,1,1
1,1,24,2,1,2964,5,3,4,4,49,3,1,3,2,2,1
1,3,36,4,0,3535,4,3,4,3,37,2,2,3,1,2,1
1,2,18,3,5,6204,3,3,4,1,44,2,1,2,2,2,1
1,1,13,4,9,1797,2,3,1,2,28,2,2,2,1,1,1
1,2,18,4,9,1887,3,4,4,1,28,2,2,3,1,1,1
1,2,6,3,2,1050,1,3,1,2,35,2,2,4,1,2,2
0,3,30,3,9,1908,5,3,4,1,66,2,1,4,1,2,1
1,3,15,2,3,1386,3,4,2,1,40,1,1,3,1,2,1
1,2,18,2,9,1913,2,4,3,1,36,2,1,3,1,2,1
1,2,21,4,2,2745,4,3,2,3,32,2,2,3,1,2,1
1,2,18,4,2,7374,1,3,4,2,40,2,2,4,1,2,1
1,3,9,4,3,3074,3,3,2,1,33,2,2,3,2,1,1
1,2,24,4,3,1743,5,3,2,2,48,2,2,2,1,1,1
0,1,15,2,4,1275,3,2,2,3,24,1,1,3,1,1,1
1,3,15,2,1,3029,4,3,2,3,33,2,1,3,1,1,1
1,2,18,2,5,3872,1,2,4,3,67,2,1,3,1,2,1
1,3,24,2,3,1533,2,2,3,3,38,2,1,3,1,2,1
0,1,12,4,0,4843,5,3,4,2,43,1,2,3,1,2,1
0,2,36,2,5,2384,2,3,1,4,33,1,1,2,1,1,1
1,3,48,3,3,12749,4,3,1,3,37,2,1,4,1,2,1
0,2,48,2,3,10961,4,3,2,4,27,2,2,3,1,2,1
1,1,18,4,0,5302,5,3,4,4,36,3,3,4,1,2,1
0,2,24,4,9,1935,5,1,4,1,31,2,2,3,1,2,1
0,1,12,2,2,1282,3,2,4,3,20,1,1,3,1,1,1
0,1,24,1,2,3349,2,3,4,4,30,3,1,3,2,2,1
1,2,10,2,0,7308,1,3,4,4,70,3,1,4,1,2,1
1,3,6,2,0,672,1,2,4,1,54,2,1,1,1,2,1
1,2,18,4,3,1795,5,2,4,1,48,1,2,2,1,2,1
1,3,18,4,0,1055,2,2,1,2,30,2,2,3,1,1,1
1,3,24,2,1,5433,1,2,4,2,26,1,1,4,1,2,1
0,3,24,3,0,2538,5,3,4,3,47,2,2,2,2,1,1
1,3,6,2,3,518,3,2,1,1,29,2,1,3,1,1,1
1,3,30,4,3,6742,4,3,3,2,36,2,2,3,1,1,1
1,2,18,2,9,1941,3,3,2,2,35,2,1,2,1,2,1
1,2,12,2,3,1092,3,2,4,1,49,2,2,3,1,2,1
0,1,18,2,6,750,1,2,1,1,27,2,1,1,1,1,1
1,1,18,2,0,4380,3,3,4,3,35,2,1,2,2,2,1
1,3,9,4,6,1244,5,2,4,2,41,1,2,2,1,1,1
0,1,24,1,2,6872,2,1,1,2,55,2,1,3,1,2,1
0,1,18,1,2,1553,3,3,3,3,44,2,1,3,1,1,1
1,3,6,4,0,6761,4,3,3,4,45,2,2,4,2,2,1
1,1,21,4,0,571,5,3,4,1,65,2,2,3,1,1,1
1,2,12,2,2,3017,2,2,1,1,34,1,1,4,1,1,1
1,2,39,3,6,11760,4,3,3,4,32,1,1,3,1,2,1
1,3,6,2,6,1538,2,2,2,4,56,2,1,3,1,1,1
1,2,12,2,0,6078,4,3,2,3,32,2,1,3,1,1,1
1,1,15,2,2,1845,2,2,1,2,46,1,1,3,1,1,1
0,2,9,2,2,918,3,2,1,2,30,2,1,3,1,1,1
1,3,24,2,3,1311,4,4,3,2,26,2,1,3,1,2,1
0,1,24,2,2,3345,5,3,2,2,39,1,1,4,1,2,1
1,3,24,2,3,1552,4,3,1,3,32,2,1,3,2,1,1
1,3,36,3,0,10875,5,3,2,3,45,2,2,3,2,2,1
1,3,12,2,2,1768,3,3,2,1,24,1,1,2,1,1,1
0,1,24,2,3,1987,3,3,4,1,21,1,1,2,2,1,1
0,3,36,2,2,10974,1,2,2,3,26,2,2,4,1,2,1
1,2,11,3,3,4771,4,3,4,2,51,2,1,3,1,1,1
1,1,15,2,0,1721,2,3,3,1,36,2,1,3,1,1,1
0,1,24,2,0,1207,2,2,4,2,24,1,1,3,1,1,1
1,3,18,2,9,1950,4,3,1,3,34,2,2,3,1,2,1
1,3,24,4,2,3617,5,3,4,4,20,1,2,3,1,1,1
1,3,6,4,0,362,3,2,4,3,52,2,2,2,1,1,1
1,3,20,4,0,3485,2,1,4,1,44,2,2,3,1,2,1
0,2,30,4,2,8386,4,3,2,2,49,2,1,3,1,1,1
1,1,15,2,0,2511,1,2,4,3,23,1,1,3,1,1,1
1,1,10,4,0,2241,2,3,3,1,48,1,2,2,2,1,2
1,2,9,2,0,3195,3,2,2,1,33,2,1,2,1,1,1
1,3,6,4,3,1382,3,2,1,3,28,2,2,3,1,2,1
1,2,12,4,2,3617,5,3,4,3,28,1,3,3,1,2,1
0,2,24,2,0,1355,2,2,4,3,25,2,1,2,1,2,1
1,3,10,2,4,1225,3,3,2,3,37,2,1,3,1,2,1
1,1,24,1,2,2828,3,3,4,1,22,2,1,3,1,2,1
0,3,18,1,0,6458,5,3,4,4,39,2,2,4,2,2,1
1,3,21,2,0,2923,3,2,1,3,28,2,1,4,1,2,1
1,3,18,2,0,1961,5,2,2,3,23,2,1,4,1,1,1
0,3,9,2,3,745,3,2,2,1,28,2,1,2,1,1,1
1,3,24,2,3,1258,3,2,3,3,57,2,1,2,1,1,1
0,2,36,0,9,1953,5,3,4,4,61,3,1,4,1,2,1
1,3,11,2,9,2142,5,1,2,1,28,2,1,3,1,2,1
1,1,18,2,0,2249,4,3,3,3,30,2,1,4,2,2,1
1,3,24,2,3,1377,5,2,2,4,47,3,1,3,1,2,1
0,1,18,2,2,2039,3,2,4,1,20,1,1,3,1,1,1
0,1,21,2,3,1835,3,2,2,1,25,2,2,3,1,2,1
1,2,15,2,5,1308,5,3,4,3,38,2,2,2,1,1,1
1,3,12,4,5,996,4,2,4,1,23,2,2,3,1,1,1
1,3,21,2,1,5248,3,3,3,3,26,2,1,3,1,1,1
1,1,27,2,3,3416,3,3,2,3,27,2,1,4,1,1,1
1,3,24,2,3,2284,4,3,2,3,28,2,1,3,1,2,1
1,3,36,2,3,2394,3,2,4,3,25,2,1,3,1,1,1
1,3,18,2,3,1473,2,4,4,1,39,2,1,3,1,2,1
1,3,48,3,3,7238,5,3,3,3,32,2,2,3,2,1,1
0,2,6,3,0,1209,1,3,4,2,47,2,1,4,1,2,1
1,3,12,4,3,930,5,3,4,1,65,2,4,3,1,1,1
0,3,24,2,0,947,4,3,3,4,38,3,1,3,2,1,1
1,2,36,4,1,5800,3,3,4,3,34,2,2,3,1,2,1
1,3,12,1,3,409,3,2,3,1,42,1,2,3,1,1,1
1,3,24,2,2,929,4,3,2,3,31,2,1,3,1,2,1
1,1,47,2,0,10722,2,2,1,1,35,2,1,2,1,2,1
0,2,30,3,3,1919,2,3,3,4,30,2,2,4,1,1,1
0,2,45,4,3,4746,2,3,2,2,24,2,2,2,1,1,1
1,3,12,4,3,976,5,3,4,3,35,2,2,3,1,1,1
1,1,48,2,6,7476,4,3,1,4,50,3,1,4,1,2,1
1,3,10,2,0,1597,3,3,2,4,40,1,1,2,2,1,2
1,3,12,2,0,3527,2,3,3,2,45,2,1,4,2,2,1
1,1,36,4,2,2348,3,4,2,2,46,2,2,3,1,2,1
1,1,24,1,0,2325,4,3,3,3,32,2,1,3,1,1,1
0,2,48,2,3,5951,3,2,2,1,22,2,1,3,1,1,1
1,3,24,3,0,717,5,4,4,3,54,2,2,3,1,2,1
0,1,12,0,5,1108,4,3,3,1,28,2,2,3,1,1,1
1,3,48,4,1,8858,4,3,1,4,35,3,2,3,1,2,1
1,3,21,2,0,2782,4,2,2,3,31,2,1,4,1,1,1
1,3,24,2,0,2255,2,3,1,2,54,2,1,3,1,1,1
1,3,12,2,3,2171,2,2,2,3,29,2,1,3,1,1,1
0,1,36,3,9,2145,4,3,1,3,24,2,2,3,1,2,1
1,1,6,2,4,343,2,2,1,1,27,2,1,3,1,1,1
1,3,15,2,1,4657,3,3,2,3,30,2,1,3,1,2,1
0,1,24,3,3,1659,2,2,2,3,29,1,1,2,1,2,1
1,3,21,2,2,2241,5,3,2,1,50,2,2,3,1,1,1
1,1,6,2,0,1203,5,3,2,2,43,2,1,3,1,2,1
0,2,36,2,1,9398,2,4,4,3,28,1,1,4,1,2,1
0,1,48,4,1,6143,5,2,4,4,58,3,2,2,1,1,1
0,3,18,3,9,2169,3,4,2,3,28,2,1,3,1,2,1
1,3,24,2,2,3749,2,2,4,3,26,2,1,3,1,1,1
1,2,12,3,3,585,3,4,4,1,20,1,2,3,1,1,1
0,2,24,2,10,11328,3,3,3,3,29,2,2,4,1,2,1
1,3,6,2,1,1236,3,3,4,2,50,1,1,3,1,1,1
0,2,24,2,0,2718,3,2,4,2,20,1,1,2,1,2,1
1,1,18,2,2,3650,2,2,4,3,22,1,1,3,1,1,1
1,1,6,2,0,1374,1,2,3,2,75,2,1,4,1,2,1
1,1,12,2,0,1893,3,2,4,2,29,2,1,3,1,2,1
1,2,60,3,3,7418,3,3,1,1,27,2,1,2,1,1,1
0,2,9,2,3,1670,2,2,2,3,22,2,1,3,1,2,1
1,1,24,2,2,3021,3,1,2,1,24,1,1,2,1,1,1
1,3,15,2,4,874,2,2,1,1,24,2,1,3,1,1,1
0,1,18,4,5,1190,1,2,4,4,55,3,3,1,2,1,1
1,3,24,2,3,3235,5,1,2,3,36,2,1,4,1,2,1
1,3,36,2,3,3595,5,3,2,3,28,2,1,3,1,1,1
1,1,15,4,2,1433,3,2,3,2,25,1,2,3,1,1,1
1,3,36,2,3,5848,3,3,1,3,24,2,1,3,1,1,1
1,2,24,4,0,3878,2,1,2,3,37,2,1,3,1,2,1
1,3,12,4,3,2331,5,3,4,1,49,2,1,3,1,2,1
1,2,12,4,1,1860,1,3,2,3,34,2,2,4,1,2,1
1,2,12,4,0,1995,2,3,1,3,27,2,1,3,1,1,1
1,2,12,2,2,983,2,2,4,1,19,1,1,2,1,1,1
0,3,12,4,9,2292,1,3,2,3,42,2,2,4,1,2,1
1,2,12,2,0,1318,5,3,4,1,54,2,1,3,1,2,1
1,3,18,4,3,1582,5,3,4,3,46,2,2,3,1,1,1
1,3,24,4,0,1940,5,3,4,1,60,2,1,3,1,2,1
0,3,12,4,3,797,5,2,3,2,33,2,1,2,2,1,1
1,3,24,2,1,2679,2,2,1,4,29,2,1,4,1,2,1
1,2,27,3,1,5965,5,3,2,3,30,2,2,4,1,2,1
1,2,15,4,9,2326,3,3,4,3,27,2,1,3,1,1,1
0,3,18,2,3,2100,3,3,2,1,37,2,1,3,1,1,1
0,1,24,2,3,2439,2,2,4,1,35,2,1,3,1,2,1
1,3,24,2,1,2603,3,2,4,3,28,1,1,3,1,2,1
1,3,12,2,1,1413,4,3,2,2,55,2,1,3,1,1,2
1,3,24,3,9,2375,3,3,2,3,44,2,2,3,2,2,1
0,1,36,2,0,1842,2,2,4,3,34,2,1,3,1,2,1
0,2,24,2,3,2039,2,4,1,2,22,2,1,3,1,2,1
1,2,18,3,9,2427,5,3,2,2,42,2,2,3,1,1,1
1,3,33,4,1,7253,4,3,2,3,35,2,2,4,1,2,1
0,1,24,3,0,1333,1,3,2,1,43,3,2,3,2,1,1
1,1,27,4,9,2442,5,3,4,3,43,2,4,4,2,2,1
1,1,18,2,3,1936,4,4,4,3,23,1,2,2,1,1,1
1,3,12,2,0,2133,5,2,4,4,52,3,1,4,1,2,1
1,1,6,4,0,860,5,2,4,4,39,2,2,3,1,2,1
1,2,11,2,2,1577,2,2,1,1,20,2,1,3,1,1,1
1,3,15,4,2,3343,3,3,2,4,28,3,1,3,1,2,1
1,3,36,2,0,909,5,3,4,2,36,2,1,3,1,1,1
1,2,30,3,9,2503,5,3,2,2,41,2,2,3,1,1,1
1,3,18,4,3,629,5,3,3,2,32,2,2,4,1,2,1
1,2,12,4,4,1424,4,3,3,2,26,2,1,3,1,1,1
1,3,22,2,3,2675,5,3,4,3,40,2,1,3,1,1,1
1,3,18,2,0,2662,4,3,3,2,32,2,1,3,1,1,2
0,3,21,0,0,5003,3,2,4,2,29,2,2,3,1,2,1
1,2,48,2,3,3979,4,3,1,3,41,2,2,3,2,2,1
1,1,48,2,1,4788,4,3,3,2,26,2,1,3,2,1,1
1,3,24,2,0,3757,5,2,4,4,62,3,1,3,1,2,1
1,2,48,1,0,12169,1,3,4,4,36,3,1,4,1,2,1
1,3,24,2,0,7393,3,3,4,2,43,2,1,2,2,1,1
0,2,36,2,2,9034,2,3,1,4,29,1,1,4,1,2,1
1,3,24,2,3,1413,3,4,2,2,28,2,1,3,1,1,1
1,3,6,4,0,1343,5,3,4,1,46,2,2,3,2,1,2
1,3,24,4,3,5103,2,4,3,4,47,3,3,3,1,2,1
1,3,27,4,2,4526,2,3,2,1,32,2,2,2,2,2,1
1,3,15,4,3,1459,3,2,2,3,43,2,1,2,1,1,1
1,2,6,2,3,2063,2,4,3,3,30,1,1,4,1,2,1
1,1,6,4,2,1872,1,3,4,4,36,3,3,4,1,2,1
1,1,36,2,2,3959,1,3,3,2,30,2,1,4,1,2,1
0,2,36,0,3,3804,3,2,1,3,42,2,1,3,1,2,1
1,3,6,4,0,1323,5,1,4,3,28,2,2,3,2,2,1
1,3,15,2,3,1979,5,3,2,3,35,2,1,3,1,1,1
1,3,6,2,5,660,4,4,4,1,23,1,1,2,1,1,1
0,2,24,2,1,12579,5,2,2,4,44,3,1,4,1,2,1
1,3,6,2,2,2978,3,3,2,3,32,2,1,3,1,2,1
1,3,24,4,3,2684,3,3,2,1,35,2,2,2,1,1,1
0,1,12,2,8,902,4,4,4,2,21,1,1,3,1,1,1
1,1,42,4,5,3394,1,3,4,3,65,2,2,1,1,1,1
1,3,24,4,3,2872,5,3,4,1,36,2,1,3,2,2,1
1,2,27,2,9,2528,2,2,1,2,32,2,1,3,2,2,1
1,1,24,2,1,2812,5,2,4,1,26,1,1,3,1,1,1
0,3,21,3,9,2580,2,3,2,1,41,2,1,2,2,1,1
1,1,8,4,10,1164,5,3,4,4,51,3,2,4,2,2,1
1,3,10,2,6,727,5,3,4,4,46,3,1,3,1,2,1
1,2,36,2,3,2323,4,3,4,3,24,1,1,3,1,1,1
1,3,12,2,3,804,5,3,4,3,38,2,1,3,1,1,1
1,1,24,1,2,2483,3,3,4,1,22,2,1,3,1,2,1
1,3,12,2,0,1884,5,3,4,3,39,2,1,4,1,2,1
0,1,24,2,3,1823,1,3,2,3,30,2,1,4,2,1,1
0,2,12,2,0,836,2,2,2,2,23,2,1,2,1,1,1
1,2,30,2,3,2991,5,2,4,3,25,2,1,3,1,1,1
0,1,48,2,1,10297,4,3,4,4,39,3,3,3,2,2,1
1,3,24,2,3,999,5,3,2,3,25,2,2,3,1,1,1
0,1,15,0,0,950,5,3,3,3,33,1,2,3,2,1,1
1,1,10,4,0,1038,4,3,3,2,49,2,2,3,1,2,1
1,3,30,2,3,1867,5,3,4,3,58,2,1,3,1,2,1
0,1,48,2,0,7763,5,3,4,4,42,3,1,4,1,1,1
1,3,15,4,3,1360,3,3,2,2,31,2,2,3,1,1,1
1,3,36,0,5,2613,3,3,2,3,27,2,2,3,1,1,1
1,3,48,4,6,6110,3,3,3,4,31,3,1,3,1,2,1
1,3,12,4,3,1655,5,3,4,1,63,2,2,2,1,2,1
1,2,18,2,9,2622,3,3,4,3,34,2,1,3,1,1,1
1,2,11,4,0,1322,3,2,4,3,40,2,2,3,1,1,1
1,3,15,2,9,2687,4,3,4,2,26,1,1,3,1,2,1
1,3,33,3,9,2764,3,2,2,3,26,2,2,3,1,2,1
1,3,4,2,2,601,2,2,3,1,23,1,1,2,2,1,1
0,2,18,2,1,12976,1,2,4,4,38,3,1,4,1,2,1
1,1,30,2,1,3857,3,1,4,2,40,2,1,4,1,2,1
1,1,12,4,1,1526,5,3,4,4,66,3,2,4,1,1,1
0,2,21,2,9,2767,5,1,2,3,61,1,2,2,1,1,1
1,1,24,2,2,1747,2,3,1,2,24,2,1,2,1,1,2
1,2,18,2,3,1113,3,2,4,1,26,2,1,2,2,1,1
1,3,18,2,3,1453,2,2,1,1,26,2,1,3,1,1,1
1,1,18,4,3,1880,4,4,1,2,32,2,2,4,1,2,1
0,2,24,2,1,4113,2,2,4,3,28,1,1,3,1,1,1
1,1,14,2,0,3973,1,3,4,4,22,3,1,3,1,1,1
1,3,24,2,3,5152,4,3,2,3,25,2,1,3,1,1,1
0,1,12,1,3,2149,3,1,1,4,29,3,1,3,1,1,1
1,2,24,2,3,1967,5,2,4,3,20,2,1,3,1,2,1
1,1,12,4,1,1409,5,3,3,1,54,2,1,3,1,1,1
1,3,21,3,2,1591,4,3,3,1,34,2,2,4,1,1,1
0,3,18,4,6,1864,3,2,2,1,30,2,2,3,1,1,1
1,2,18,2,6,1239,3,3,4,4,61,3,1,3,1,1,1
1,1,10,4,2,2132,2,2,3,1,27,1,2,3,1,1,2
1,2,24,2,0,1201,2,3,1,2,26,2,1,3,1,1,1
1,2,24,4,9,2825,4,3,3,4,34,2,2,3,2,2,1
1,3,30,4,3,4530,4,2,4,3,26,1,1,4,1,2,1
1,3,24,3,9,2978,3,3,4,1,32,2,2,3,2,2,1
1,3,12,4,3,1934,5,3,2,4,26,2,2,3,1,1,1
1,3,6,4,0,2080,3,4,2,3,24,2,1,3,1,1,1
0,1,6,4,2,3384,3,1,4,1,44,1,1,4,1,2,1
1,3,18,4,3,1800,3,3,2,3,24,2,2,3,1,1,1
1,1,30,4,1,6187,4,4,4,3,24,1,2,3,1,1,1
1,2,30,4,0,2181,5,3,4,1,36,2,2,3,1,1,1
1,1,6,2,2,428,5,2,1,2,49,2,1,3,1,2,1
1,3,24,4,3,2611,5,4,3,1,46,2,2,3,1,1,1
0,2,24,3,2,2064,1,2,2,2,34,2,1,4,1,2,1
1,1,18,0,9,3104,4,3,1,2,31,2,1,3,1,2,1
1,1,24,4,1,2957,5,3,4,2,63,2,2,3,1,2,1
0,1,24,1,9,3161,3,3,2,2,31,1,1,3,1,2,1
0,2,12,2,2,951,2,2,4,3,27,1,4,3,1,1,1
1,3,24,2,3,3181,2,2,4,2,26,2,1,3,1,2,1
1,3,5,2,9,3448,4,3,4,1,74,2,1,2,1,1,1
1,1,12,2,0,3651,3,3,3,2,31,2,1,3,2,1,1
1,1,12,2,6,1200,3,2,4,2,23,1,1,3,1,2,1
1,3,13,2,3,1409,1,2,4,1,64,2,1,3,1,1,1
0,2,39,4,3,4933,4,3,2,1,25,2,2,3,1,1,1
0,2,12,2,3,766,3,3,3,1,66,2,1,2,1,1,1
1,2,48,1,9,3566,4,3,2,3,30,2,1,3,1,1,1
1,3,27,2,5,5190,5,3,4,2,48,2,4,3,2,2,1
1,1,12,4,3,385,4,2,3,1,58,2,4,2,1,2,1
1,1,36,2,1,5493,5,3,4,4,42,3,1,3,2,1,1
1,3,48,4,1,2751,5,3,3,3,38,2,2,3,2,2,1
0,1,30,2,2,3108,2,1,4,2,31,2,1,2,1,1,1
0,3,9,2,2,1980,2,2,2,3,19,1,2,3,1,1,1
1,2,30,1,2,3496,3,3,2,3,34,2,1,3,2,2,1
1,3,12,4,2,1592,4,2,2,2,35,2,1,3,1,1,1
1,3,18,4,1,3850,4,3,1,3,27,2,2,3,1,1,1
0,1,18,2,2,4153,3,3,3,3,42,2,1,3,1,1,1
1,3,12,2,3,707,3,3,2,1,30,2,2,3,1,1,1
1,3,36,2,6,9055,3,3,4,4,35,3,1,2,2,2,1
1,3,12,2,3,3399,5,3,3,3,37,2,1,4,1,1,1
0,1,18,2,2,1131,1,2,2,3,33,2,1,3,1,1,1
0,3,18,2,5,1943,2,2,4,1,23,2,1,3,1,1,1
1,2,18,4,9,3590,1,4,3,3,40,2,3,1,2,2,1
1,3,12,2,3,3059,4,1,4,1,61,2,1,2,1,1,1
1,3,12,2,3,2141,4,3,1,4,35,2,1,3,1,1,1
1,3,48,1,9,3609,3,2,1,1,27,2,1,3,1,1,1
1,3,18,4,3,1169,3,3,3,2,29,2,2,3,1,2,1
1,2,36,2,6,3711,3,4,2,3,27,2,1,3,1,1,1
0,1,12,2,0,759,4,3,2,1,26,2,1,3,1,1,1
1,2,60,3,3,9157,3,3,2,4,27,3,1,4,1,1,1
1,2,21,4,9,3652,4,3,3,2,27,2,2,3,1,1,1
1,1,12,2,2,652,5,2,4,2,24,1,1,3,1,1,1
1,3,6,2,2,1543,3,1,2,1,33,2,1,3,1,1,1
1,1,12,4,0,2121,3,3,2,2,30,2,2,3,1,1,1
1,3,36,2,3,4473,5,3,2,3,31,2,1,3,1,1,1
1,3,12,2,0,1330,2,3,1,1,26,2,1,3,1,1,1
0,1,24,2,2,2996,3,4,4,3,20,2,1,3,1,1,1
1,3,12,2,2,2251,3,2,2,3,46,2,1,2,1,1,1
1,3,12,4,6,2012,4,2,2,3,61,2,1,3,1,1,1
1,3,24,2,2,3062,5,3,3,4,32,1,1,3,1,2,1
1,3,36,2,1,8133,3,2,2,2,30,2,1,3,1,1,1
1,3,6,4,3,700,5,3,4,4,36,3,2,3,1,1,1
1,3,22,2,0,1283,4,2,4,2,25,1,1,3,1,1,1
1,1,30,4,1,10623,5,3,4,4,38,3,3,4,2,2,1
0,3,24,4,0,1344,4,3,2,1,37,2,2,2,2,1,1
0,2,48,0,9,3844,4,3,4,4,34,3,1,2,2,1,1
1,2,45,4,1,4576,1,3,4,3,27,2,1,3,1,1,1
1,1,20,2,2,2212,4,3,4,3,39,2,1,3,1,2,1
1,2,12,2,3,625,2,4,1,1,26,2,1,2,1,1,1
1,3,60,2,0,6527,3,3,4,4,34,3,1,3,2,2,1
0,1,36,2,6,1977,5,3,4,4,40,2,1,4,1,2,1
0,1,48,2,3,6999,4,4,1,1,34,2,2,3,1,2,1
0,2,9,4,6,1136,5,3,3,4,32,3,2,3,2,1,1
1,2,24,2,3,5084,5,2,4,3,42,2,1,3,1,2,1
0,1,24,1,2,3552,4,3,4,3,27,2,1,3,1,1,1
0,2,6,2,0,14555,1,3,2,2,23,2,1,1,1,2,1
1,3,6,4,0,250,3,2,2,1,41,2,2,2,1,1,1
1,3,24,4,3,1851,4,4,2,3,33,2,2,3,1,2,1
0,1,18,2,2,2462,3,3,2,3,22,2,1,3,1,1,1
1,3,15,4,0,5045,5,2,4,3,59,2,1,3,1,2,1
1,3,24,3,9,3863,3,3,2,4,32,3,1,3,1,1,1
0,3,48,2,9,3914,3,1,2,1,38,2,1,3,1,1,1
0,3,15,2,6,4623,3,3,2,2,40,2,1,4,1,2,1
0,1,36,4,1,9629,4,3,4,3,24,2,2,3,1,2,1
1,3,18,2,2,2515,3,3,4,1,43,2,1,3,1,2,1
1,3,12,2,3,1262,3,3,2,3,25,2,1,3,1,1,1
0,1,42,2,3,7174,4,2,3,3,30,2,1,4,1,2,1
0,2,27,2,9,3915,3,3,2,3,36,2,1,3,2,2,1
1,1,6,2,1,1352,1,2,2,2,23,1,1,1,1,2,1
1,1,24,2,1,2910,4,3,1,4,34,3,1,4,1,2,1
1,2,48,0,0,8358,2,2,1,3,30,2,2,3,1,1,1
1,3,12,4,0,1495,5,3,1,1,38,2,2,2,2,1,1
0,1,30,2,5,11998,2,1,1,4,34,2,1,2,1,2,1
1,2,8,2,3,760,4,2,2,1,44,2,1,2,1,1,1
1,3,24,4,9,4139,3,3,3,2,27,2,2,2,1,2,1
0,2,36,4,0,2820,2,1,4,3,27,2,2,3,1,1,1
1,3,18,2,3,4594,2,3,2,3,32,2,1,3,1,2,1
1,3,24,2,3,3430,5,3,2,3,31,2,1,3,2,2,1
1,3,24,2,1,9277,3,1,4,4,48,3,1,3,1,2,1
1,3,15,4,1,2360,3,3,2,3,36,2,1,3,1,2,1
1,2,18,2,1,2779,3,4,3,3,21,1,1,3,1,2,1
0,1,12,2,3,727,2,4,3,4,33,2,1,2,1,2,1
1,1,11,4,0,3905,3,3,2,1,36,1,2,3,2,1,1
1,3,24,4,3,3148,3,3,2,3,31,2,2,3,1,2,1
1,3,24,4,10,6314,1,3,2,4,27,2,2,4,1,2,1
1,3,24,2,2,2835,5,3,4,2,53,2,1,3,1,1,1
0,2,15,1,0,1264,3,4,2,2,25,1,1,3,1,1,1
0,1,12,2,2,7865,5,3,4,4,53,3,1,4,1,2,1
1,3,9,2,0,3577,3,3,2,1,26,1,1,3,2,1,2
1,3,15,2,0,3556,3,3,2,4,29,2,1,3,1,1,1
1,1,15,4,2,1478,5,3,4,3,44,2,2,3,2,2,1
1,3,48,4,3,3578,5,3,1,1,47,2,1,3,1,2,1
0,2,27,4,3,2520,3,3,2,2,23,2,2,2,1,1,1
0,1,24,2,3,1938,2,1,3,2,32,2,1,3,1,1,1
1,1,21,2,3,3357,2,2,2,3,29,2,1,3,1,1,1
1,3,15,3,2,960,4,2,2,2,30,2,2,3,1,1,1
1,1,21,2,3,2606,2,2,4,2,28,1,1,4,1,2,1
1,3,24,4,1,2346,4,3,3,3,35,2,2,3,1,2,1
0,1,36,2,3,2302,3,1,4,3,31,1,1,3,1,1,1
0,1,12,2,6,795,2,2,4,2,53,2,1,3,1,1,1
1,1,12,2,3,1498,3,2,1,3,23,2,1,3,1,1,1
0,1,6,1,6,1198,5,2,4,4,35,3,1,3,1,1,1
1,3,12,4,0,682,4,2,3,3,51,2,2,3,1,2,1
1,3,12,4,6,3565,2,3,1,2,37,2,2,2,2,1,1
0,1,12,2,0,2579,2,3,1,1,33,2,1,2,2,1,1
0,3,18,0,9,4165,3,3,2,3,36,2,2,3,2,1,1
1,3,12,0,2,2759,5,3,4,2,34,2,2,3,1,1,1
1,3,12,3,0,2247,3,2,2,3,36,2,2,3,1,2,1
1,3,18,4,3,1149,3,3,3,1,46,2,2,3,1,1,1
1,1,24,2,3,1603,5,2,4,3,55,2,1,3,1,1,1
0,1,40,4,6,5998,3,3,3,4,27,2,1,3,1,2,1
1,3,9,2,2,1388,3,2,2,1,26,1,1,3,1,1,1
1,3,42,4,2,4041,3,3,4,1,36,2,2,3,1,2,1
1,1,24,2,2,4020,3,3,2,3,27,2,1,3,1,1,1
1,1,6,2,3,2647,3,3,3,1,44,1,1,3,2,1,1
1,2,30,0,9,4221,3,2,1,3,28,2,2,3,1,1,1
1,3,24,2,8,937,2,4,3,3,27,2,2,2,1,1,1
1,1,15,2,0,1403,3,2,4,3,28,1,1,3,1,1,1
0,1,18,2,4,1217,3,4,3,1,47,2,1,2,1,2,1
1,3,18,4,3,6070,5,3,4,3,33,2,2,3,1,2,1
0,3,10,2,0,1309,3,3,4,2,27,2,1,2,1,1,1
0,2,24,0,9,4241,3,3,4,1,36,2,3,2,1,2,1
1,2,16,4,0,1175,1,3,3,3,68,3,3,1,1,2,1
1,1,24,2,3,2384,5,3,4,1,64,1,1,2,1,1,1
1,1,30,2,3,2522,5,3,3,2,39,2,1,3,2,1,1
1,1,24,2,2,7721,2,2,2,2,30,2,1,3,1,2,2
1,3,18,1,3,1445,4,3,4,3,49,2,1,2,1,1,1
1,3,12,2,3,776,3,4,2,1,28,2,1,3,1,1,1
0,1,36,2,1,8335,5,3,4,4,47,3,1,3,1,1,1
1,3,12,4,2,3331,5,3,4,2,42,2,1,3,1,1,1
0,1,24,3,3,1024,2,4,4,1,48,2,1,3,1,1,1
0,1,36,2,2,2712,5,3,2,2,41,2,1,3,2,1,1
0,2,48,2,2,9960,2,2,2,3,26,2,1,3,1,2,1
1,2,12,2,0,1007,3,4,1,1,22,2,1,3,1,1,1
1,1,6,4,3,1957,4,2,4,3,31,2,1,3,1,1,1
1,3,10,2,1,2901,2,2,4,1,31,1,1,3,1,1,1
1,3,24,4,6,1927,3,2,2,3,33,2,2,3,1,2,1
1,2,9,2,3,790,3,2,3,1,66,2,1,2,1,1,1
1,1,36,2,2,3620,3,3,2,2,37,2,1,3,2,1,1
1,3,24,4,2,1585,4,3,3,2,40,2,2,3,1,1,1
1,3,30,2,1,4811,4,2,4,2,24,1,1,2,1,1,1
1,3,6,4,0,1299,3,3,1,1,74,2,3,1,2,1,2
1,2,36,3,0,7432,3,2,2,2,54,1,1,3,1,1,1
1,3,24,4,2,5150,5,3,4,3,33,2,1,3,1,2,1
1,3,30,4,1,7596,5,3,4,3,63,2,2,3,1,1,1
1,3,12,4,3,522,5,3,4,2,42,2,2,3,2,2,1
1,1,12,2,2,1858,2,2,1,3,22,1,1,3,1,1,1
1,1,12,2,2,1620,3,2,3,2,30,2,1,3,1,1,1
1,3,30,3,9,4272,3,3,2,2,26,2,2,2,1,1,1
1,3,24,4,2,2028,4,3,2,2,30,2,2,2,1,1,1
0,2,36,3,0,2225,5,3,4,4,57,3,2,3,1,2,1
1,2,13,4,3,882,2,3,4,1,23,2,2,3,1,1,1
1,2,26,2,1,7966,2,3,3,3,30,2,2,3,1,1,1
0,3,10,2,2,2210,3,3,2,1,25,1,1,2,1,1,1
0,1,14,2,0,8978,5,1,4,2,45,2,1,4,1,2,2
0,3,24,2,3,5943,2,2,1,3,44,2,2,3,1,2,1
1,2,42,1,1,9283,1,3,2,4,55,3,1,4,1,2,1
1,1,9,4,3,1138,3,3,4,1,25,2,2,2,1,1,1
1,3,24,4,1,4042,4,3,4,2,43,2,2,3,1,2,1
1,2,9,2,3,1206,5,2,4,1,25,2,1,3,1,1,1
0,1,12,2,0,900,3,4,2,3,23,2,1,3,1,1,1
0,2,48,4,2,5096,3,2,3,3,30,2,1,4,1,2,1
0,2,30,0,9,4280,3,2,4,3,26,1,2,2,1,1,1
0,1,48,2,9,4308,2,2,4,2,24,1,1,3,1,1,1
0,1,18,2,2,2473,1,3,1,3,25,2,1,1,1,1,1
0,3,12,3,5,1555,5,3,4,4,55,3,2,3,2,1,1
1,1,6,4,3,1169,5,3,4,1,67,2,2,3,1,2,1
1,1,8,4,0,713,5,3,4,1,47,2,2,2,1,1,1
1,3,10,2,0,1418,3,3,2,1,35,1,1,2,1,1,2
1,2,18,2,9,4439,5,3,1,1,33,2,1,4,1,2,1
1,2,24,2,1,2760,5,3,4,4,36,3,1,3,1,2,1
0,2,36,3,9,4455,3,1,2,1,30,2,2,4,1,2,1
1,3,60,4,0,13756,5,3,4,4,63,3,1,4,1,2,1
1,2,12,2,3,1158,3,1,1,3,26,2,1,3,1,2,1
1,3,12,2,3,3016,3,4,1,3,24,2,1,3,1,1,1
1,1,12,1,8,339,5,4,1,3,45,2,1,2,1,1,1
0,1,36,4,2,6229,2,2,4,4,23,1,2,2,1,2,1
1,3,15,1,3,1569,5,3,4,3,34,2,1,2,2,1,1
1,3,24,2,2,1925,3,3,2,1,26,2,1,3,1,1,1
1,3,10,2,0,1287,5,3,2,2,45,2,1,2,1,1,2
0,1,24,4,0,1199,5,3,4,3,60,2,2,2,1,1,1
0,3,48,4,1,11590,3,2,4,3,24,1,2,2,1,1,1
1,3,21,4,1,3275,5,3,4,3,36,2,1,4,1,2,1
0,2,9,2,2,959,3,2,2,3,29,2,1,3,1,1,1
1,3,24,4,9,4526,3,3,2,1,74,2,1,4,1,2,1
1,3,12,4,6,2096,4,3,3,1,49,2,1,2,2,1,1
0,1,16,4,0,2625,5,3,4,2,43,1,1,3,1,2,2
0,2,36,2,0,12389,3,3,4,4,37,3,1,3,1,2,1
1,3,15,4,3,1316,3,4,2,2,47,2,2,2,1,1,1
0,2,48,0,10,18424,3,2,2,2,32,2,1,4,1,2,2
1,3,24,4,5,2058,3,1,2,1,33,2,2,3,1,2,1
1,3,24,4,2,3777,3,3,4,1,40,2,1,3,1,2,1
1,3,36,2,3,3835,5,2,4,1,45,2,1,2,1,2,1
1,1,12,2,3,1107,3,3,2,1,20,1,1,4,2,2,1
1,3,36,3,2,7678,4,2,4,3,40,2,2,3,1,2,1
0,3,24,2,9,4591,3,3,3,2,54,2,3,4,1,2,1
1,1,15,2,3,1053,2,4,2,1,27,2,1,3,1,1,2
1,2,15,4,3,2728,4,3,2,1,35,2,3,3,1,2,1
1,2,9,2,0,1549,2,3,2,1,35,2,1,1,1,1,1
1,3,15,4,2,1520,5,3,4,2,63,2,1,3,1,1,1
1,2,36,4,3,2337,5,3,4,1,36,2,1,3,1,1,1
1,3,18,3,3,2320,1,4,3,1,34,2,2,3,1,1,1
0,2,48,2,0,6560,4,3,2,2,24,2,1,3,1,1,1
1,2,24,3,9,4712,3,3,2,2,34,2,2,4,1,2,1
0,1,18,4,0,3966,5,2,4,1,33,1,3,3,1,2,1
1,1,18,2,2,2659,3,3,2,3,28,2,1,3,1,1,1
1,3,15,2,3,3568,5,2,2,3,54,1,1,4,1,2,1
1,3,18,2,2,3422,5,3,4,2,47,2,3,3,2,2,1
1,3,24,2,3,1901,3,3,4,3,29,1,1,4,1,2,1
1,2,15,2,5,2631,3,2,2,1,25,2,1,2,1,1,1
1,3,18,4,1,3229,1,3,4,4,38,2,1,4,1,2,1
1,3,4,4,0,3380,4,2,1,1,37,2,1,3,2,1,1
1,3,6,2,3,1346,5,3,4,4,42,3,1,3,2,2,1
1,3,6,2,0,709,2,4,2,1,27,2,1,1,1,1,2
1,3,15,2,2,2186,4,2,4,1,33,1,1,2,1,1,1
0,1,18,2,3,3190,3,2,2,1,24,2,1,3,1,1,1
1,3,15,2,6,392,2,2,4,2,23,1,1,3,1,2,1
1,3,24,4,3,2424,5,3,4,2,53,2,2,3,1,1,1
1,3,9,2,3,2753,5,3,4,3,35,2,1,3,1,2,1
1,3,30,4,3,5771,4,2,2,3,25,2,2,3,1,1,1
1,3,10,4,2,2146,2,2,3,1,23,1,2,3,1,1,1
1,3,36,2,0,3079,3,3,4,1,36,2,1,3,1,1,1
1,3,12,4,0,1480,1,3,4,4,66,3,3,1,1,1,1
1,1,9,2,3,1364,4,3,4,1,59,2,1,3,1,1,1
1,3,12,2,1,4675,2,2,4,3,20,1,1,3,1,1,1
0,3,24,2,3,3621,5,3,4,3,31,2,2,3,1,1,1
1,2,21,3,0,2353,3,1,4,2,47,2,2,3,1,1,1
0,3,48,2,9,4844,1,3,2,3,33,1,1,4,1,2,1
1,3,24,4,0,2022,3,2,4,3,37,2,1,3,1,2,1
1,3,15,2,4,1262,4,3,3,2,36,2,2,3,1,2,1
1,1,12,2,2,1289,3,3,1,2,21,2,1,2,1,1,1
1,1,12,2,2,2577,3,1,1,3,42,2,1,3,1,1,1
1,3,21,4,2,2288,2,2,4,2,23,2,1,3,1,2,1
0,1,24,2,2,3234,2,2,4,1,23,1,1,2,1,2,1
1,3,36,3,3,4454,3,2,4,1,34,2,2,3,1,1,1
1,1,10,2,3,2315,5,3,4,1,52,2,1,2,1,1,1
1,3,6,0,3,426,5,4,4,3,39,2,1,2,1,1,1
1,3,18,4,0,1028,3,2,3,1,36,2,2,3,1,1,1
0,3,9,0,3,1337,2,3,2,3,34,2,2,4,1,2,1
1,3,10,4,0,1231,5,3,4,1,32,2,2,2,2,1,2
1,3,15,2,6,1905,5,3,4,3,40,1,1,4,1,2,1
1,1,12,4,0,2171,3,3,4,2,38,2,2,2,1,1,2
1,1,12,2,0,1168,3,4,3,1,27,2,1,2,1,1,1
1,1,24,4,3,1231,5,2,4,2,57,1,2,4,1,2,1
1,2,6,2,5,454,2,4,1,2,22,2,1,2,1,1,1
0,1,12,1,3,626,3,2,4,1,24,2,1,2,1,1,1
1,3,27,3,9,5117,4,3,4,3,26,2,2,3,1,1,1
0,1,36,4,6,8065,3,2,2,4,25,2,2,4,1,2,1
1,3,27,3,1,8613,3,3,2,3,27,2,2,3,1,1,1
1,3,24,2,1,7814,4,3,3,3,38,2,1,4,1,2,1
0,3,15,2,3,2327,2,2,3,1,25,2,1,2,1,1,1
1,1,12,2,2,708,3,3,3,2,38,2,1,2,2,1,1
1,3,15,2,1,3812,2,2,4,3,23,2,1,3,1,2,1
1,3,4,4,3,1544,4,3,1,1,42,2,3,2,2,1,1
1,2,18,4,2,1295,2,2,1,2,27,2,2,3,1,1,1
1,2,24,4,1,7758,5,2,4,4,29,1,1,3,1,1,1
1,1,24,2,2,3149,2,3,1,4,22,3,1,3,1,1,1
0,2,36,2,3,2671,3,2,4,4,50,3,1,3,1,1,1
0,1,24,1,3,1546,4,3,4,3,24,1,1,2,1,1,1
0,1,36,2,2,5179,4,3,2,2,29,2,1,3,1,1,1
0,1,36,1,2,2746,5,3,4,3,31,2,1,3,1,1,1
0,1,24,2,3,1282,3,2,2,3,32,2,1,2,1,1,1
1,3,6,2,4,1338,3,1,4,1,62,2,1,3,1,1,1
1,3,12,4,2,1402,4,2,4,3,37,1,1,3,1,2,1
1,2,12,2,3,1155,5,4,3,1,40,2,2,2,1,1,1
1,3,6,1,0,783,3,3,2,1,26,2,1,2,2,1,1
0,3,36,2,2,3349,3,2,2,3,28,2,1,4,1,2,1
1,3,10,2,3,1924,3,3,4,2,38,2,1,3,1,2,2
1,2,20,0,1,6148,5,4,4,3,31,2,2,3,1,2,1
1,3,10,2,0,3949,2,3,1,2,37,2,1,2,2,1,1
0,3,27,2,0,2570,3,2,3,1,21,1,1,3,1,1,1
1,3,24,4,3,1516,3,2,1,1,43,2,2,2,1,1,1
0,1,27,0,9,5293,1,3,4,2,50,2,2,3,1,2,1
1,3,54,0,1,9436,3,3,2,2,39,2,1,2,2,1,1
1,2,15,2,3,1444,2,3,1,2,23,2,1,3,1,1,1
0,1,36,3,6,6887,3,3,3,2,29,2,1,3,1,2,1
0,2,15,2,3,802,5,3,3,3,37,2,1,3,2,1,1
1,2,24,3,3,1553,4,2,2,2,23,1,2,3,1,2,1
1,1,9,4,0,2799,3,3,2,1,36,1,2,3,2,1,1
1,3,12,4,2,5801,5,3,4,2,49,1,1,3,1,2,2
1,3,6,4,3,1554,4,2,2,3,24,1,2,3,1,2,1
0,1,24,2,0,1381,3,2,2,2,35,2,1,3,1,1,1
0,1,48,4,1,6331,5,3,4,4,46,3,2,3,1,2,1
0,3,30,1,1,7485,1,2,1,1,53,2,1,4,1,2,1
1,3,24,4,1,3868,5,2,2,3,41,1,2,4,1,2,1
0,1,12,1,0,697,2,3,2,3,46,2,2,3,1,2,1
0,2,24,4,2,4736,2,2,4,3,25,2,1,2,1,1,1
1,3,6,4,6,1047,3,2,4,2,50,2,1,2,1,1,1
1,3,24,2,1,3488,4,2,4,3,23,2,1,3,1,1,1
1,3,15,2,0,3186,4,2,3,3,20,1,1,3,1,1,1
1,3,6,0,0,1204,3,3,1,4,35,1,1,3,1,1,2
1,3,12,2,2,1474,2,2,1,2,33,2,1,4,1,2,1
0,1,18,2,3,2600,3,3,4,4,65,3,2,3,1,1,1
1,3,24,4,1,2197,4,3,4,3,43,2,2,3,2,2,1
1,3,12,2,0,1101,3,4,2,1,27,2,2,3,1,2,1
1,1,24,2,3,3660,3,2,4,3,28,2,1,3,1,1,1
1,3,24,2,1,6313,5,3,4,3,41,2,1,4,2,2,1
0,2,24,2,2,4057,4,1,3,3,43,2,1,3,1,2,1
1,1,6,4,0,666,4,2,4,1,39,2,2,2,1,2,1
1,1,9,2,2,2136,3,3,2,1,25,2,1,3,1,1,1
1,3,12,2,0,2859,1,3,4,4,38,2,1,4,1,2,1
1,2,24,3,2,2333,2,3,2,2,29,2,1,2,1,1,1
1,2,12,0,8,1410,3,3,2,1,31,2,1,2,1,2,1
0,1,42,3,3,4370,4,3,2,2,26,2,2,3,2,2,1
0,1,24,0,2,4110,5,3,4,4,23,1,2,3,2,1,1
0,2,24,1,6,1837,4,2,4,4,34,3,1,2,1,1,1
1,2,9,2,3,2118,3,3,2,1,37,2,1,2,2,1,1
1,3,4,4,3,1503,4,3,1,1,42,2,2,2,2,1,1
1,1,9,4,5,1288,5,3,4,1,48,2,2,3,2,1,2
1,3,12,2,2,763,3,2,1,1,26,2,1,3,1,2,1
1,2,36,3,0,2862,5,3,3,4,30,3,1,3,1,1,1
0,3,12,2,6,719,5,3,4,3,41,2,1,2,2,1,1
0,1,21,1,0,1647,3,3,2,2,40,2,2,2,2,1,1
1,1,39,4,2,14179,4,3,4,2,30,2,2,4,1,2,1
0,1,24,2,0,2303,5,3,1,1,45,2,1,3,1,1,1
1,2,24,4,6,5743,2,2,4,4,24,3,2,3,1,2,1
1,3,6,4,2,1221,3,4,2,2,27,2,2,3,1,1,1
1,3,36,2,9,5742,4,3,2,3,31,2,2,3,1,2,1
0,2,12,2,0,888,5,3,4,3,41,2,1,2,2,1,1
1,2,42,4,9,5954,4,2,1,1,41,2,2,2,1,1,1
1,3,9,2,2,2301,2,2,4,2,22,1,1,3,1,1,1
0,2,60,1,10,14782,5,2,4,4,60,3,2,4,1,2,1
1,2,18,2,2,3001,4,2,4,1,40,1,1,3,1,1,1
1,2,12,4,0,2366,4,1,3,3,36,2,1,4,1,2,1
0,3,18,4,0,1530,3,3,2,2,32,2,2,3,1,1,1
0,1,30,2,2,6350,5,3,4,2,31,2,1,3,1,1,1
0,2,72,2,3,5595,3,4,2,3,24,2,1,3,1,1,1
1,1,6,2,0,662,2,3,4,1,41,2,1,2,2,2,1
1,2,24,3,0,1965,3,2,4,3,42,1,2,3,1,2,1
1,1,12,2,2,1262,5,1,4,2,49,2,1,2,1,2,1
1,3,6,3,3,935,3,2,2,1,24,2,1,3,1,1,1
1,3,6,3,3,683,2,2,1,2,29,2,1,3,1,1,1
0,1,24,2,0,1371,3,2,4,1,25,1,1,3,1,1,1
0,2,15,2,0,2631,3,2,4,3,28,1,2,3,1,2,1
1,3,24,2,3,1376,4,2,1,3,28,2,1,3,1,1,1
1,3,12,2,6,1393,5,3,4,2,47,2,3,3,2,2,1
1,3,15,2,2,2708,2,3,3,2,27,2,2,2,1,1,1
0,2,6,1,0,931,2,2,1,2,32,2,1,2,1,1,1
1,3,18,2,2,3049,2,2,1,2,45,2,1,2,1,1,1
0,3,18,2,2,1533,2,4,1,2,43,2,1,2,2,1,1
1,3,42,0,9,6289,2,1,1,2,33,2,2,3,1,1,1
0,3,36,4,0,7855,3,2,2,1,25,2,2,3,1,2,1
1,3,15,2,2,2221,3,2,4,3,20,1,1,3,1,1,1
1,3,12,4,3,1240,5,2,2,1,38,2,2,3,1,2,1
0,2,24,4,10,11938,3,3,3,3,39,2,2,4,2,2,1
1,3,6,2,3,1595,4,3,2,2,51,2,1,3,2,1,1
0,1,24,1,10,1358,5,3,3,3,40,2,1,4,1,2,1
0,2,12,2,0,1295,2,2,1,3,25,1,1,3,1,1,1
1,3,36,4,9,6304,5,3,4,1,36,2,2,3,1,1,1
0,2,48,3,6,6224,5,3,4,4,50,3,1,3,1,1,1
0,2,48,1,9,6416,5,2,3,4,59,1,1,3,1,1,1
1,1,24,2,9,6568,3,4,2,3,21,2,1,2,1,1,1
1,1,24,2,1,2924,3,3,4,4,63,2,1,3,2,2,1
1,3,15,4,3,1829,5,3,4,3,46,2,2,3,1,2,1
1,3,15,2,0,5324,5,2,4,4,35,3,1,3,1,1,1
1,3,24,4,1,6842,3,3,4,2,46,2,2,4,2,2,1
0,1,24,2,0,1285,4,2,4,4,32,1,1,3,1,1,1
0,2,15,1,0,6850,1,3,2,2,34,2,1,4,2,2,1
1,1,18,2,3,3509,4,2,1,1,25,2,1,3,1,1,1
1,3,36,4,1,5711,5,3,2,3,38,2,2,4,1,2,1
0,3,36,2,6,1819,3,3,4,4,37,3,1,3,1,2,1
1,3,14,3,0,802,3,3,2,3,27,2,2,2,1,1,1
0,3,18,3,2,1808,4,2,1,1,22,2,1,3,1,1,1
0,1,18,2,1,7511,5,3,4,2,51,3,1,3,2,2,1
0,2,18,2,2,1924,2,2,3,1,27,1,1,3,1,1,1
1,3,12,4,3,717,5,3,4,1,52,2,3,3,1,1,1
1,3,18,4,3,2238,3,2,1,3,25,2,2,3,1,1,1
1,3,48,2,3,10222,4,3,3,3,37,2,1,3,1,2,1
1,2,48,3,9,6681,3,3,4,4,38,3,1,3,2,2,1
1,3,24,4,3,2223,5,3,4,2,52,2,2,3,1,1,1
0,2,24,4,3,1216,2,3,4,4,38,2,2,3,2,1,1
1,2,18,3,0,2899,5,3,4,3,43,2,1,3,2,1,1
0,1,12,4,0,691,5,3,3,2,35,2,2,3,1,1,1
1,2,12,4,1,1804,2,3,4,2,44,2,1,3,1,1,1
1,2,20,3,1,7057,4,3,4,2,36,1,2,4,2,2,1
0,3,15,4,3,1271,3,3,4,4,39,3,2,3,1,2,1
1,2,36,2,6,2273,4,3,1,3,32,2,2,3,2,1,1
1,2,12,2,3,2930,4,2,1,1,27,2,1,3,1,1,1
1,1,6,4,0,1361,2,3,4,1,40,2,1,2,2,1,2
0,2,18,2,0,1042,3,2,2,2,33,2,1,3,1,1,1
1,3,15,4,1,3368,5,3,4,4,23,1,2,3,1,2,1
1,2,18,4,2,6361,5,3,1,4,41,2,1,3,1,2,1
1,3,24,3,1,4679,4,3,3,3,35,2,2,2,1,2,1
0,2,30,4,0,5234,1,4,2,3,28,2,2,4,1,1,1
1,3,12,4,6,701,3,3,2,3,32,2,2,3,1,1,1
1,1,12,4,0,2122,3,3,2,1,39,1,2,2,2,1,2
1,3,11,4,0,1393,2,2,4,3,35,2,2,4,1,1,1
1,3,15,4,2,2788,4,2,3,3,24,2,2,3,1,1,1
1,3,12,4,0,1255,5,3,4,1,61,2,2,2,1,1,1
0,2,6,1,6,433,2,2,2,2,24,1,1,3,2,1,1
1,2,36,2,3,4795,2,2,1,4,30,2,1,4,1,2,1
1,3,9,4,2,2406,1,3,3,3,31,2,1,4,1,1,1
1,3,12,2,2,1736,4,2,4,1,31,2,1,2,1,1,1
0,2,60,2,0,14027,4,3,2,4,27,2,1,4,1,2,1
1,1,6,4,0,4716,2,3,3,1,44,2,2,2,2,1,1
1,3,4,2,0,1494,2,3,2,1,29,2,1,2,2,1,2
1,1,12,3,0,1344,3,3,2,1,43,2,2,2,2,1,1
1,3,12,4,2,1258,2,2,4,2,22,1,2,2,1,1,1
1,3,6,4,3,1237,3,2,1,2,27,2,2,3,1,1,1
0,1,24,2,0,1442,4,2,4,3,23,1,2,3,1,1,1
0,1,9,2,0,1422,2,3,2,4,27,3,1,4,1,2,1
0,1,60,3,9,6836,5,3,4,4,63,2,2,3,1,2,1
1,3,24,3,2,4151,3,3,3,2,35,2,2,3,1,1,1
1,3,36,4,1,5842,5,3,2,2,35,2,2,3,2,2,1
1,1,18,1,3,1940,2,3,4,4,36,3,1,4,1,2,1
0,1,12,4,0,3499,3,2,2,1,29,2,2,3,1,1,1
1,3,12,4,0,1163,3,3,4,1,44,2,1,3,1,2,1
1,2,7,2,3,2576,3,3,2,1,35,2,1,3,1,1,2
1,2,6,2,3,753,3,2,3,1,64,2,1,3,1,1,1
1,3,6,4,3,1898,3,3,2,1,34,2,2,2,2,1,1
1,2,18,4,2,3612,5,2,4,2,37,2,1,3,1,2,2
1,2,20,3,10,2629,3,3,3,3,29,2,2,3,1,2,1
1,3,24,4,0,2463,4,4,3,2,27,2,2,3,1,2,1
0,1,12,4,2,2246,5,3,3,2,60,2,2,3,1,1,1
0,1,28,2,0,4006,3,3,2,3,45,2,1,2,1,1,1
1,3,24,4,5,5507,5,3,4,4,44,3,2,3,1,1,1
1,2,24,3,9,6967,4,3,4,3,36,1,1,4,1,2,1
1,2,10,2,2,1521,3,1,2,3,31,2,1,2,1,1,1
0,2,18,4,0,884,5,3,4,3,36,2,1,3,2,2,1
0,1,60,2,9,7297,5,3,4,4,36,1,1,3,1,1,1
1,3,60,3,3,15653,4,3,4,3,21,2,2,3,1,2,1
1,3,24,2,0,1525,4,2,3,3,34,2,1,3,2,2,1
0,2,12,2,2,1922,3,3,2,2,37,2,1,2,1,1,1
0,1,9,2,3,1366,2,2,4,2,22,1,1,3,1,1,1
1,3,30,2,3,2333,5,3,2,3,30,2,1,4,1,1,1
0,2,15,0,0,1778,2,2,1,1,26,1,2,1,1,1,1
1,2,21,2,2,3976,4,3,3,3,35,2,1,3,1,2,1
0,1,18,1,0,1442,4,3,4,4,32,3,2,2,2,1,1
1,2,24,2,2,4351,3,2,4,2,48,2,1,2,1,2,1
1,1,30,2,2,3622,5,2,4,2,57,1,2,3,1,2,1
1,3,12,2,2,1574,3,3,2,1,50,2,1,3,1,1,1
0,2,9,1,0,1437,4,3,3,4,29,2,1,3,1,1,1
0,1,18,2,3,1345,3,4,3,1,26,2,1,3,1,1,1
0,1,12,2,3,709,5,3,4,1,57,2,1,2,1,1,1
1,3,10,4,3,1347,4,3,2,2,27,2,2,3,1,2,1
1,2,8,2,3,1414,3,3,2,1,33,2,1,3,1,1,2
1,1,6,4,0,3676,3,3,3,1,37,1,3,3,2,1,1
1,2,48,3,10,7582,1,3,4,4,31,2,1,4,1,2,1
0,2,30,4,0,4249,1,4,2,3,28,2,2,4,1,1,1
1,3,18,2,3,1505,3,3,2,4,32,3,1,4,1,2,1
1,1,24,2,1,6579,1,3,2,4,29,3,1,4,1,2,1
1,3,36,2,9,7409,5,3,2,2,37,2,2,3,1,1,1
0,1,6,2,6,448,2,2,4,2,23,2,1,3,1,1,1
1,2,24,2,0,3512,4,3,3,3,38,2,2,3,1,2,1
0,1,48,2,3,6758,3,2,2,3,31,2,1,3,1,2,1
1,1,21,2,0,3763,4,3,2,1,24,2,1,2,1,1,2
1,2,48,2,10,5381,1,3,4,4,40,3,1,1,1,2,1
1,1,12,2,2,3590,3,3,2,2,29,2,1,2,2,1,1
1,3,24,2,2,3972,4,2,4,2,25,1,1,3,1,2,1
1,3,24,4,6,1597,5,3,4,4,54,3,2,3,2,1,1
1,3,48,4,9,7629,5,1,2,3,46,2,2,4,2,1,1
1,3,18,4,2,3780,2,1,2,3,35,2,2,4,1,2,1
1,2,18,2,3,1301,5,4,2,1,32,2,1,2,1,1,1
1,3,12,1,8,3447,3,2,3,1,35,2,1,2,2,1,1
1,3,30,4,3,3017,5,3,4,2,47,2,1,3,1,1,1
0,1,48,1,9,7685,4,2,4,3,37,1,1,3,1,1,1
0,3,48,4,0,10127,3,3,2,4,44,3,1,3,1,1,1
1,3,28,1,1,7824,2,3,4,1,40,1,2,3,2,2,1
0,2,30,2,2,3441,3,2,4,3,21,1,1,3,1,1,1
0,3,12,2,2,1123,3,2,4,3,29,1,1,2,1,1,1
1,3,24,2,0,1469,5,4,4,1,41,1,1,2,1,1,1
1,3,36,4,1,10477,5,3,4,4,42,3,2,3,1,1,1
1,3,10,2,0,1546,3,3,2,1,31,2,1,2,2,1,2
0,3,36,3,9,7980,2,3,4,3,27,1,2,3,1,2,1
1,2,12,2,3,1567,3,2,1,3,22,2,1,3,1,2,1
1,2,9,4,3,1154,5,3,4,1,37,2,3,2,1,1,1
1,1,30,0,9,8072,2,3,3,3,25,2,3,3,1,1,1
1,2,36,1,4,3990,2,2,2,4,29,2,1,1,1,1,1
1,3,42,4,1,4796,5,3,4,4,56,3,1,3,1,1,1
1,3,12,2,3,1881,3,2,2,3,44,1,1,2,1,2,1
1,2,24,2,3,2896,2,3,1,3,29,2,1,3,1,1,1
0,1,24,3,0,4870,3,3,4,4,53,3,2,3,2,1,1
1,3,12,2,3,1493,2,2,3,3,34,2,1,3,2,1,1
0,2,27,0,9,8318,5,2,4,4,42,3,2,4,1,2,1
1,3,9,2,4,1236,2,2,4,1,23,1,1,3,1,2,1
1,3,42,2,3,7166,4,4,4,2,29,1,1,3,1,2,1
0,3,24,3,9,8648,2,3,2,3,27,2,2,3,1,2,1
1,3,6,2,0,3518,3,3,3,2,26,1,1,3,1,1,1
1,2,9,2,3,458,3,3,3,1,24,2,1,3,1,1,1
1,3,30,4,3,3077,5,3,2,3,40,2,2,3,2,2,1
0,3,36,3,9,9572,2,1,1,3,28,2,2,3,1,1,1
1,2,7,2,3,2415,3,3,2,1,34,2,1,3,1,1,1
1,3,24,2,0,1474,2,4,3,1,33,2,1,3,1,2,1
0,3,9,2,3,1478,4,3,2,3,22,2,1,3,1,1,1
0,1,15,2,0,3959,3,2,2,2,29,2,1,3,1,2,1
1,2,18,2,3,866,3,4,2,1,25,2,1,2,1,1,1
1,2,15,2,5,1514,3,3,2,1,22,2,1,3,1,1,1
0,2,24,2,0,1246,2,3,2,1,23,2,1,2,1,1,1
1,3,6,2,3,2108,4,4,2,1,29,1,1,3,1,1,1
1,3,39,2,1,2569,3,3,4,3,24,2,1,3,1,1,1
1,1,6,4,3,338,5,3,4,3,52,2,2,3,1,1,1
1,2,24,3,3,6403,2,3,2,3,33,2,1,3,1,1,1
0,3,36,4,2,7127,2,2,4,2,23,1,2,3,1,2,1
1,2,12,2,8,754,5,3,4,2,38,2,2,3,1,1,1
0,1,24,2,0,3123,2,2,1,2,27,2,1,3,1,1,1
0,2,45,2,3,3031,3,3,4,2,21,1,1,3,1,1,1
1,2,12,2,1,2028,3,3,2,3,30,2,1,3,1,1,1
0,1,20,4,0,2235,3,4,2,2,33,1,2,3,1,1,2
1,3,24,2,3,3105,2,3,2,3,25,2,2,3,1,1,1
1,3,11,4,0,7228,3,3,4,2,39,2,2,2,1,1,1
1,2,13,2,3,2101,2,2,4,2,23,2,1,2,1,1,1
0,1,45,2,3,1845,3,3,4,4,23,3,1,3,1,2,1
1,2,36,3,9,9857,4,3,3,2,31,2,2,2,2,2,1
1,3,6,4,3,1740,5,4,2,1,30,1,2,3,1,1,1
1,2,24,2,2,3069,5,3,4,4,30,3,1,3,1,1,1
1,3,36,2,3,2299,5,3,4,3,39,2,1,3,1,1,1
1,1,36,2,0,3249,4,3,4,4,39,3,1,4,2,2,1
1,2,20,2,1,6468,1,1,4,1,60,2,1,4,1,2,1
1,3,12,2,1,2445,2,4,4,3,26,1,1,3,1,2,1
1,3,18,2,1,3378,3,3,1,2,31,2,1,3,1,2,1
1,2,9,2,6,1199,4,2,4,2,67,2,2,4,1,2,1
0,2,15,3,5,1512,3,4,3,2,61,2,2,3,1,1,1
0,1,45,0,9,11816,5,3,4,3,29,1,2,3,1,1,1
0,1,24,2,0,915,5,2,2,3,29,2,1,3,1,1,1
1,1,12,2,2,2578,1,2,4,4,55,3,1,4,1,1,1
0,3,6,2,2,4611,2,2,4,2,32,2,1,3,1,1,1
0,2,12,2,3,6468,1,3,1,4,52,2,1,4,1,2,1
1,3,9,4,0,2134,3,3,4,3,48,2,3,3,1,2,1
1,3,6,2,2,1766,3,4,2,2,21,1,1,3,1,1,1
1,3,24,4,0,1287,5,2,4,1,37,2,2,3,1,2,1
1,3,9,2,0,2507,5,3,4,4,51,3,1,2,1,1,1
1,2,10,1,3,1048,3,3,4,1,23,2,1,2,1,1,1
1,3,9,2,2,1313,5,3,4,3,20,2,1,3,1,1,1
0,3,18,2,2,2864,3,3,1,1,34,2,1,2,2,1,1
1,2,48,0,9,12204,3,3,2,3,48,2,1,4,1,2,1
1,2,18,2,3,3213,2,4,3,1,25,1,1,3,1,1,1
0,1,12,2,0,1228,3,2,2,1,24,2,1,2,1,1,1
1,3,60,2,0,10366,5,3,4,2,42,2,1,4,1,2,1
1,3,18,4,2,1817,3,2,2,4,28,2,2,3,1,1,1
0,2,48,0,9,14421,3,3,2,3,25,2,1,3,1,2,1
0,3,36,3,3,4463,3,3,2,3,26,2,2,4,1,2,1
0,2,48,2,9,15672,3,3,2,3,23,2,1,3,1,2,1
1,3,24,4,1,5804,3,3,2,1,27,2,2,3,1,1,1
1,3,36,2,3,3919,3,3,2,1,23,2,1,3,1,2,1
0,1,6,2,0,14896,5,3,4,4,68,2,1,4,1,2,1
1,3,7,4,3,730,5,3,2,2,46,1,2,2,1,2,1
0,1,48,0,2,7119,3,3,4,4,53,3,2,3,2,1,1
1,3,12,2,3,3077,3,3,4,3,52,2,1,3,1,2,1
0,3,21,4,0,12680,5,3,4,4,30,3,1,4,1,2,1
1,1,12,2,3,1680,5,4,1,1,35,2,1,3,1,1,1
1,1,42,2,2,7882,4,3,4,2,45,3,1,3,2,1,1
0,2,54,0,9,15945,2,3,4,4,58,1,1,3,1,2,1
1,2,15,4,3,1537,5,3,4,1,50,2,2,3,1,2,1
0,3,12,2,0,1386,3,2,2,2,26,2,1,3,1,1,1
