CustomerID,RegisterDate,Gender,BirthYear
c328222,2014-09-25,F,1960
c281448,2013-06-18,F,1974
c038336,2003-10-10,F,1968
c084237,2007-03-09,F,1982
c162600,2010-06-14,F,1978
c271549,2013-03-09,M,1980
c278454,2013-05-26,F,1954
c083862,2007-03-01,F,1973
c167876,2010-08-28,F,1973
c017522,2002-07-31,F,1965
c130452,2009-06-08,F,1975
c146132,2009-12-30,F,1971
c354310,2015-07-16,F,1964
c121989,2009-03-03,F,1975
c216478,2011-12-08,F,1983
c211169,2011-10-10,F,1979
c390828,2016-10-15,F,1984
c131572,2009-06-22,F,1971
c162537,2010-06-14,F,1966
c096939,2008-01-24,F,1977
c109670,2008-08-20,F,1957
c259903,2012-10-18,F,1962
c049550,2004-07-05,F,1955
c052094,2004-09-15,F,1972
c088295,2007-05-11,F,1965
c171698,2010-10-12,F,1970
c119884,2009-02-02,F,1977
c272968,2013-03-23,M,1980
c386399,2016-08-18,F,1972
c093024,2007-10-05,F,1967
c367116,2015-12-29,F,1970
c398495,2017-02-02,F,1981
c334038,2014-11-21,F,1976
c345766,2015-04-12,M,1980
c265473,2012-12-24,F,1960
c347955,2015-05-05,F,1957
c123874,2009-03-27,F,1975
c351869,2015-06-17,F,1963
c348599,2015-05-12,F,1973
c356995,2015-08-22,F,1967
c127482,2009-05-03,F,1977
c264371,2012-12-07,F,1968
c372227,2016-03-05,F,1981
c098938,2008-03-13,F,1979
c139786,2009-10-07,F,1966
c146815,2010-01-11,F,1967
c153365,2010-04-05,F,1968
c267054,2013-01-14,F,1980
c300005,2013-10-31,F,1981
c188728,2011-03-26,F,1969
c155301,2010-04-22,F,1940
c298787,2013-10-18,F,1981
c337831,2015-01-09,F,1984
c017669,2002-07-31,F,1973
c142902,2009-11-12,F,1968
c367221,2015-12-30,F,1984
c096068,2007-12-28,F,1966
c164403,2010-07-06,F,1974
c237565,2012-07-31,F,1973
c067443,2005-12-31,F,1971
c268217,2013-01-27,F,1975
c347315,2015-04-27,F,1971
c212034,2011-10-19,F,1975
c032944,2003-04-28,M,1969
c218035,2012-01-05,F,1980
c093283,2007-10-12,F,1987
c339572,2015-01-31,F,1985
c343447,2015-03-19,F,1975
c365610,2015-12-08,F,1978
c107468,2008-07-04,F,1967
c269003,2013-02-04,F,1979
c202961,2011-06-30,F,1958
c343320,2015-03-18,F,1955
c359629,2015-09-19,F,1966
c341313,2015-02-24,F,1979
c017706,2002-07-31,M,1974
c082656,2007-01-26,F,1972
c136498,2009-08-29,F,1979
c356815,2015-08-19,F,1965
c200338,2011-06-02,F,1980
c385713,2016-08-08,F,1968
c123085,2009-03-17,F,1974
c399643,2017-02-22,F,1967
c214899,2011-11-19,F,1975
c366301,2015-12-17,F,1972
c379760,2016-05-27,F,1973
c335945,2014-12-16,F,1971
c222420,2012-03-03,F,1987
c237792,2012-08-03,F,1969
c372869,2016-03-12,F,1975
c040340,2003-12-05,F,1946
c070249,2006-04-07,F,1965
c363589,2015-11-12,F,1983
c335469,2014-12-09,F,1970
c024582,2002-08-14,F,1968
c186158,2011-02-28,F,1960
c219362,2012-01-21,F,1971
c111939,2008-10-03,F,1967
c049626,2004-07-07,F,1973
c379879,2016-05-29,F,1989
c057038,2005-02-23,F,1968
c329284,2014-10-06,F,1979
c349582,2015-05-23,F,1981
c357744,2015-08-28,F,1985
c276338,2013-04-30,F,1948
c090821,2007-07-24,F,1973
c135010,2009-08-06,F,1978
c130574,2009-06-09,F,1968
c172178,2010-10-16,F,1978
c017487,2002-07-31,F,1968
c084251,2007-03-09,M,1967
c381060,2016-06-12,F,1992
c328664,2014-09-30,F,1979
c391152,2016-10-19,F,1965
c323093,2014-07-23,M,1978
c262765,2012-11-17,F,1970
c316358,2014-05-14,F,1950
c356629,2015-08-17,F,1984
c107882,2008-07-14,F,1964
c300072,2013-11-01,F,1983
c017754,2002-07-31,F,1960
c040011,2003-11-25,M,1966
c104743,2008-05-22,F,1970
c307519,2014-02-08,F,1953
c038099,2003-10-02,F,1971
c131403,2009-06-19,F,1966
c054711,2004-11-30,F,1954
c180480,2011-01-13,F,1985
c077339,2006-09-02,F,1974
c341307,2015-02-24,F,1967
c353614,2015-07-07,F,1984
c142612,2009-11-09,M,1961
c358171,2015-09-02,F,1977
c088439,2007-05-16,F,1971
c134589,2009-07-30,F,1970
c229091,2012-05-11,F,1975
c040832,2003-12-19,F,1970
c327669,2014-09-19,F,1957
c277968,2013-05-20,F,1970
c354346,2015-07-16,F,1973
c063941,2005-09-14,F,1968
c208240,2011-09-06,F,1971
c341135,2015-02-22,F,1962
c357840,2015-08-31,F,1981
c229117,2012-05-11,F,1971
c164480,2010-07-07,F,1980
c312251,2014-04-01,F,1981
c340893,2015-02-15,F,1976
c147743,2010-01-21,F,1975
c258537,2012-10-05,F,1975
c354478,2015-07-18,F,1977
c310553,2014-03-13,F,1971
c367481,2016-01-04,F,1968
c115583,2008-11-21,F,1962
c185805,2011-02-24,F,1975
c097736,2008-02-18,F,1957
c114429,2008-11-04,F,1975
c116212,2008-12-04,F,1973
c162966,2010-06-18,F,1968
c199305,2011-05-24,F,1982
c206581,2011-08-17,F,1979
c230815,2012-05-30,F,1971
c323069,2014-07-23,F,1957
c324337,2014-08-09,F,1979
c343469,2015-03-19,F,1983
c344134,2015-03-26,F,1963
c353494,2015-07-06,F,1961
c048340,2004-06-12,F,1955
c069762,2006-03-27,F,1972
c356904,2015-08-20,M,1973
c363730,2015-11-13,M,1979
c365459,2015-12-06,F,1979
c399287,2017-02-16,F,1971
c399725,2017-02-23,M,1982
c146882,2010-01-11,F,1957
c166593,2010-08-10,F,1970
c178218,2010-12-20,F,1972
c208495,2011-09-09,F,1974
c209784,2011-09-27,F,1984
c232120,2012-06-12,F,1971
c262541,2012-11-14,F,1949
c264899,2012-12-15,M,1979
c265761,2012-12-28,F,1981
c276284,2013-04-30,F,1962
c293590,2013-08-20,F,1979
c301261,2013-11-14,F,1980
c307738,2014-02-11,M,1977
c308455,2014-02-18,F,1972
c314866,2014-04-28,F,1979
c318126,2014-05-29,F,1968
c331655,2014-10-29,M,1982
c342735,2015-03-11,F,1979
c067983,2006-01-23,F,1974
c353857,2015-07-10,F,1982
c017544,2002-07-31,M,1965
c235867,2012-07-17,F,1965
c313441,2014-04-14,F,1975
c181300,2011-01-21,F,1976
c273437,2013-03-28,F,1988
c360428,2015-10-03,F,1970
c206248,2011-08-12,M,1969
c193412,2011-05-09,F,1970
c319034,2014-06-10,F,1974
c047616,2004-05-30,F,1967
c097385,2008-02-05,F,1952
c381503,2016-06-16,M,1977
c371075,2016-02-19,F,1968
c135760,2009-08-19,F,1989
c334275,2014-11-24,F,1980
c342914,2015-03-13,F,1979
c017611,2002-07-31,F,1964
c047213,2004-05-21,F,1970
c054396,2004-11-19,F,1969
c058487,2005-04-05,F,1971
c082560,2007-01-23,F,1972
c083132,2007-02-07,F,1972
c357993,2015-09-01,F,1979
c211313,2011-10-11,F,1972
c071910,2006-05-29,F,1961
c106428,2008-06-18,F,1972
c112307,2008-10-07,F,1961
c138175,2009-09-15,F,1967
c199913,2011-05-29,M,1969
c391647,2016-10-25,F,1970
c306199,2014-01-17,F,1977
c040494,2003-12-11,F,1940
c352817,2015-06-29,F,1962
c362875,2015-11-03,F,1980
c109509,2008-08-15,F,1945
c119748,2009-01-31,F,1971
c160622,2010-05-18,F,1942
c165841,2010-07-28,F,1968
c218626,2012-01-12,F,1977
c273755,2013-04-01,F,1969
c299230,2013-10-23,F,1975
c057783,2005-03-16,F,1971
c125014,2009-04-08,M,1964
c274375,2013-04-08,F,1979
c295037,2013-09-02,F,1970
c349634,2015-05-25,F,1967
c165944,2010-07-29,M,1971
c126211,2009-04-20,F,1976
c108249,2008-07-20,M,1978
c109152,2008-08-07,F,1975
c219130,2012-01-18,F,1973
c294420,2013-08-27,F,1980
c104056,2008-05-14,F,1971
c174605,2010-11-09,F,1965
c238448,2012-08-13,F,1973
c345899,2015-04-13,F,1981
c017538,2002-07-31,F,1964
c389049,2016-09-24,F,1983
c107578,2008-07-07,F,1965
c118296,2009-01-08,F,1962
c260661,2012-10-26,F,1976
c316556,2014-05-15,F,1980
c139758,2009-10-07,F,1973
c337495,2015-01-06,F,1975
c095789,2007-12-17,F,1969
c088320,2007-05-12,F,1976
c387615,2016-09-01,F,1988
c347234,2015-04-27,F,1983
c230163,2012-05-23,F,1954
c037261,2003-09-02,F,1966
c398264,2017-01-30,F,1984
c108128,2008-07-17,F,1945
c223840,2012-03-16,F,1970
c237049,2012-07-25,F,1980
c296864,2013-09-26,F,1968
c342408,2015-03-07,F,1980
c226584,2012-04-14,F,1970
c139739,2009-10-07,F,1974
c344774,2015-04-02,F,1978
c336759,2014-12-26,F,1976
c227060,2012-04-19,F,1974
c320161,2014-06-20,F,1981
c134441,2009-07-28,F,1959
c187765,2011-03-17,F,1974
c221669,2012-02-23,F,1982
c034999,2003-07-02,F,1970
c222080,2012-02-28,M,1958
c239498,2012-08-23,F,1988
c186255,2011-03-02,F,1970
c187241,2011-03-11,F,1973
c298739,2013-10-17,F,1942
c128460,2009-05-14,F,1979
c144712,2009-12-05,F,1963
c032201,2003-04-04,F,1969
c064094,2005-09-22,F,1965
c026507,2002-10-12,F,1968
c392831,2016-11-07,F,1969
c103413,2008-05-02,F,1981
c312197,2014-04-01,F,1985
c368157,2016-01-11,F,1973
c313204,2014-04-11,M,1979
c262152,2012-11-09,F,1983
c039396,2003-11-05,F,1969
c350148,2015-05-30,F,1983
c093697,2007-10-23,F,1969
c048606,2004-06-17,F,1956
c062124,2005-07-06,F,1944
c090006,2007-06-28,F,1972
c343799,2015-03-23,F,1974
c314144,2014-04-21,F,1957
c175531,2010-11-18,M,1955
c295995,2013-09-12,F,1967
c097661,2008-02-15,F,1964
c057792,2005-03-16,F,1973
c193265,2011-05-06,F,1977
c360613,2015-10-05,M,1981
c098437,2008-03-03,F,1971
c257932,2012-09-27,F,1976
c155049,2010-04-20,F,1958
c177762,2010-12-14,F,1974
c265446,2012-12-24,F,1969
c300199,2013-11-02,F,1965
c377134,2016-04-26,F,1967
c034847,2003-06-28,F,1968
c097949,2008-02-21,F,1961
c366888,2015-12-26,F,1977
c090485,2007-07-11,F,1973
c322766,2014-07-19,F,1980
c325237,2014-08-19,F,1982
c300378,2013-11-04,F,1960
c344728,2015-04-01,F,1960
c351034,2015-06-09,F,1978
c017552,2002-07-31,F,1960
c100815,2008-04-14,M,1969
c167363,2010-08-21,F,1971
c167520,2010-08-23,F,1976
c204329,2011-07-16,F,1983
c303110,2013-12-06,F,1979
c254747,2012-08-29,F,1979
c017610,2002-07-31,F,1971
c355658,2015-08-04,F,1962
c130317,2009-06-06,F,1952
c193555,2011-05-10,F,1968
c330325,2014-10-16,F,1976
c085697,2007-04-07,F,1973
c098958,2008-03-14,F,1964
c115391,2008-11-19,F,1964
c121217,2009-02-21,F,1974
c130391,2009-06-08,F,1968
c153046,2010-04-01,F,1961
c384383,2016-07-19,F,1977
c375520,2016-04-08,F,1968
c055599,2004-12-31,F,1973
c078193,2006-09-21,F,1970
c085558,2007-04-05,F,1974
c359520,2015-09-17,F,1980
c234902,2012-07-09,F,1971
c274836,2013-04-12,F,1967
c367579,2016-01-05,F,1972
c115512,2008-11-20,F,1980
c178768,2010-12-27,F,1971
c339083,2015-01-26,F,1979
c037845,2003-09-24,F,1956
c070852,2006-04-24,F,1973
c362929,2015-11-04,F,1984
c103818,2008-05-09,F,1969
c126771,2009-04-25,F,1960
c148979,2010-02-08,F,1955
c300385,2013-11-04,F,1972
c301618,2013-11-19,F,1978
c309627,2014-03-04,F,1975
c325775,2014-08-25,F,1970
c333692,2014-11-18,M,1981
c082838,2007-01-31,F,1970
c110374,2008-09-02,F,1954
c117841,2009-01-02,F,1970
c365376,2015-12-04,F,1962
c295626,2013-09-09,M,1979
c389540,2016-09-29,F,1972
c030204,2003-02-03,F,1961
c017646,2002-07-31,F,1961
c295036,2013-09-02,F,1967
c352238,2015-06-22,F,1981
c319782,2014-06-17,F,1949
c106015,2008-06-11,F,1968
c225387,2012-03-31,F,1981
c345572,2015-04-09,F,1978
c083107,2007-02-06,F,1967
c112244,2008-10-07,F,1971
c121128,2009-02-19,F,1945
c401555,2017-03-20,F,1981
c111322,2008-09-23,F,1976
c317471,2014-05-23,F,1985
c330770,2014-10-21,M,1968
c331082,2014-10-24,F,1980
c017517,2002-07-31,M,1967
c017741,2002-07-31,F,1969
c044231,2004-03-08,F,1970
c055777,2005-01-08,F,1975
c356929,2015-08-21,F,1980
c360197,2015-09-30,F,1971
c386860,2016-08-24,F,1960
c400735,2017-03-09,F,1970
c166699,2010-08-11,F,1958
c220225,2012-02-05,F,1950
c275248,2013-04-17,F,1976
c057163,2005-02-28,F,1969
c089400,2007-06-11,F,1968
c111580,2008-09-29,F,1968
c076581,2006-08-08,F,1969
c219608,2012-01-27,F,1968
c294987,2013-09-02,F,1981
c310138,2014-03-10,F,1962
c283926,2013-07-09,F,1961
c179965,2011-01-08,F,1969
c215200,2011-11-23,F,1971
c038174,2003-10-06,F,1962
c175594,2010-11-19,F,1982
c317345,2014-05-22,F,1988
c136928,2009-09-02,F,1976
c110727,2008-09-08,F,1970
c083958,2007-03-03,F,1961
c067950,2006-01-22,M,1986
c269408,2013-02-12,F,1982
c096617,2008-01-16,M,1972
c235016,2012-07-10,F,1975
c212755,2011-10-25,F,1982
c192163,2011-04-26,F,1979
c324615,2014-08-12,F,1983
c334322,2014-11-24,F,1981
c340690,2015-02-12,F,1956
c017660,2002-07-31,F,1966
c260290,2012-10-22,F,1979
c337558,2015-01-07,M,1977
c324236,2014-08-07,F,1978
c282263,2013-06-26,F,1973
c237040,2012-07-24,F,1963
c214809,2011-11-18,F,1971
c385109,2016-07-29,F,1978
c112749,2008-10-13,F,1969
c367948,2016-01-08,F,1989
c116535,2008-12-09,F,1974
c307671,2014-02-10,F,1974
c302768,2013-12-03,F,1969
c304195,2013-12-22,F,1978
c201616,2011-06-15,F,1968
c132464,2009-07-01,F,1953
c226242,2012-04-10,F,1968
c345760,2015-04-12,F,1972
c205660,2011-08-04,F,1975
c293494,2013-08-19,F,1986
c338489,2015-01-17,M,1965
c058327,2005-03-31,F,1971
c391637,2016-10-24,F,1973
c307908,2014-02-12,F,1988
c326888,2014-09-11,F,1957
c356404,2015-08-14,F,1977
c066141,2005-11-24,F,1976
c056399,2005-01-28,F,1978
c166550,2010-08-09,M,1967
c368106,2016-01-10,F,1980
c189122,2011-03-30,F,1975
c297997,2013-10-09,F,1976
c306915,2014-01-29,F,1975
c082866,2007-01-31,F,1974
c307480,2014-02-07,F,1979
c209787,2011-09-27,F,1974
c362922,2015-11-04,F,1978
c330886,2014-10-22,F,1982
c036238,2003-08-13,F,1976
c335309,2014-12-06,F,1974
c077390,2006-09-04,F,1965
c229107,2012-05-11,F,1969
c017526,2002-07-31,F,1960
c352800,2015-06-28,F,1980
c385783,2016-08-09,F,1983
c106552,2008-06-19,F,1974
c059737,2005-05-06,F,1970
c370258,2016-02-06,F,1976
c225247,2012-03-29,F,1967
c062902,2005-08-09,F,1971
c116550,2008-12-09,F,1974
c291927,2013-07-31,F,1978
c168775,2010-09-08,F,1976
c396728,2017-01-04,F,1977
c039938,2003-11-22,F,1972
c063176,2005-08-20,F,1971
c116443,2008-12-08,F,1973
c263514,2012-11-26,F,1979
c302834,2013-12-03,F,1974
c219745,2012-01-30,F,1988
c255098,2012-09-01,F,1969
c312325,2014-04-02,F,1975
c332761,2014-11-07,F,1975
c203789,2011-07-09,F,1976
c350213,2015-06-01,F,1976
c017554,2002-07-31,M,1964
c045490,2004-04-08,F,1967
c061446,2005-06-15,F,1976
c062610,2005-07-25,F,1975
c067375,2005-12-29,F,1971
c173680,2010-10-30,M,1961
c270012,2013-02-19,F,1974
c293538,2013-08-19,F,1955
c314620,2014-04-25,F,1971
c315613,2014-05-08,F,1982
c292271,2013-08-04,F,1979
c260317,2012-10-23,F,1984
c350918,2015-06-08,F,1968
c112286,2008-10-07,M,1965
c238327,2012-08-10,F,1976
c395638,2016-12-18,F,1985
c104231,2008-05-15,F,1979
c181747,2011-01-26,F,1954
c094744,2007-11-16,F,1975
c189316,2011-04-01,F,1971
c348181,2015-05-07,F,1972
c040668,2003-12-15,M,1959
c093421,2007-10-16,F,1965
c304031,2013-12-19,F,1975
c127646,2009-05-06,F,1978
c385436,2016-08-03,F,1981
c317556,2014-05-24,F,1981
c223940,2012-03-16,F,1970
c118079,2009-01-06,F,1974
c150837,2010-03-08,F,1965
c344634,2015-04-01,F,1968
c363115,2015-11-06,F,1964
c121270,2009-02-23,M,1972
c228036,2012-05-01,F,1977
c234800,2012-07-07,F,1960
c238786,2012-08-16,F,1950
c342721,2015-03-11,F,1981
c165917,2010-07-29,F,1952
c283398,2013-07-04,F,1976
c041765,2004-01-14,F,1966
c057271,2005-03-03,F,1974
c080967,2006-12-04,F,1966
c364899,2015-11-28,F,1969
c372461,2016-03-08,F,1986
c394161,2016-11-25,F,1959
c109333,2008-08-12,F,1968
c395075,2016-12-08,F,1984
c305675,2014-01-11,F,1975
c346490,2015-04-20,F,1979
c055154,2004-12-14,F,1972
c168758,2010-09-07,F,1961
c231689,2012-06-07,F,1981
c323180,2014-07-24,F,1976
c017546,2002-07-31,F,1966
c067927,2006-01-20,F,1960
c071649,2006-05-19,F,1970
c362367,2015-10-28,F,1979
c378210,2016-05-10,F,1986
c103522,2008-05-05,F,1974
c161265,2010-05-27,F,1963
c208697,2011-09-13,F,1962
c221557,2012-02-22,F,1965
c232214,2012-06-13,F,1979
c268228,2013-01-27,F,1978
c310164,2014-03-10,F,1953
c319464,2014-06-13,F,1983
c366892,2015-12-26,F,1952
c221668,2012-02-23,F,1980
c201165,2011-06-10,F,1980
c113932,2008-10-28,F,1972
c222461,2012-03-04,F,1983
c026318,2002-10-05,F,1966
c145247,2009-12-14,F,1974
c152574,2010-03-29,F,1971
c179633,2011-01-05,F,1978
c188938,2011-03-29,F,1967
c367899,2016-01-07,F,1961
c318713,2014-06-05,F,1983
c173180,2010-10-25,M,1986
c322524,2014-07-16,F,1972
c177941,2010-12-17,F,1981
c349924,2015-05-28,F,1969
c109889,2008-08-23,F,1974
c322759,2014-07-19,F,1981
c229358,2012-05-15,F,1953
c336062,2014-12-17,M,1981
c359395,2015-09-16,F,1979
c339128,2015-01-26,F,1980
c095452,2007-12-05,F,1972
c373351,2016-03-17,F,1981
c215674,2011-11-29,F,1974
c343734,2015-03-23,F,1972
c385981,2016-08-11,F,1975
c038272,2003-10-08,F,1952
c394790,2016-12-05,F,1975
c323642,2014-07-30,F,1976
c360039,2015-09-25,F,1977
c150417,2010-03-03,F,1974
c318849,2014-06-07,F,1980
c051732,2004-09-03,F,1966
c350113,2015-05-30,M,1982
c105430,2008-06-02,F,1954
c029643,2003-01-09,F,1969
c261843,2012-11-07,F,1982
c368054,2016-01-09,F,1983
c017735,2002-07-31,F,1960
c396749,2017-01-04,F,1983
c069426,2006-03-17,F,1954
c352999,2015-06-30,F,1962
c054256,2004-11-15,F,1973
c394131,2016-11-24,F,1959
c401584,2017-03-20,F,1979
c255589,2012-09-03,F,1965
c154590,2010-04-15,F,1972
c224309,2012-03-21,F,1961
c305065,2014-01-03,F,1967
c367340,2015-12-31,F,1971
c353056,2015-07-01,F,1979
c292763,2013-08-09,F,1943
c222596,2012-03-05,F,1970
c054232,2004-11-15,F,1977
c305371,2014-01-07,F,1979
c339507,2015-01-30,F,1973
c352730,2015-06-26,F,1971
c064759,2005-10-13,F,1972
c067870,2006-01-18,F,1966
c397552,2017-01-16,F,1980
c038315,2003-10-09,F,1962
c083411,2007-02-14,F,1971
c099519,2008-03-24,F,1969
c343446,2015-03-19,F,1989
c347520,2015-04-29,F,1968
c045953,2004-04-21,F,1973
c088423,2007-05-15,F,1970
c362472,2015-10-29,M,1985
c365956,2015-12-12,F,1961
c380218,2016-06-01,F,1965
c105259,2008-05-30,F,1967
c145535,2009-12-18,F,1970
c152370,2010-03-26,F,1969
c189576,2011-04-04,F,1962
c224249,2012-03-20,F,1980
c259917,2012-10-18,F,1970
c271386,2013-03-07,F,1948
c295047,2013-09-02,F,1976
c298204,2013-10-11,F,1993
c317550,2014-05-24,F,1965
c368342,2016-01-12,F,1982
c360455,2015-10-03,F,1969
c274414,2013-04-08,F,1954
c296737,2013-09-25,F,1970
c123010,2009-03-17,F,1968
c402010,2017-03-25,F,1969
c226725,2012-04-16,F,1973
c237072,2012-07-25,F,1983
c112156,2008-10-06,F,1950
c341885,2015-03-02,F,1987
c167194,2010-08-19,F,1961
c354515,2015-07-19,F,1983
c069521,2006-03-20,F,1962
c280899,2013-06-13,F,1985
c061954,2005-06-30,F,1970
c168924,2010-09-09,F,1962
c174027,2010-11-03,F,1969
c277294,2013-05-13,F,1983
c088526,2007-05-18,F,1971
c325075,2014-08-18,F,1969
c044830,2004-03-22,F,1967
c122804,2009-03-13,F,1972
c051627,2004-08-31,F,1971
c155150,2010-04-21,F,1974
c268624,2013-01-30,F,1959
c281737,2013-06-21,F,1982
c357383,2015-08-26,F,1978
c260848,2012-10-29,M,1974
c206383,2011-08-15,F,1972
c210861,2011-10-06,F,1968
c190115,2011-04-08,F,1975
c372059,2016-03-03,F,1986
c146888,2010-01-11,F,1981
c192172,2011-04-26,F,1974
c344030,2015-03-25,F,1980
c080721,2006-11-27,F,1971
c037554,2003-09-16,M,1970
c084900,2007-03-24,F,1974
c303751,2013-12-16,F,1950
c258787,2012-10-09,F,1980
c352336,2015-06-23,F,1978
c161685,2010-06-02,F,1970
c155294,2010-04-22,F,1968
c225522,2012-04-02,M,1949
c084202,2007-03-08,F,1941
c366106,2015-12-14,F,1981
c104840,2008-05-24,M,1961
c142261,2009-11-05,F,1970
c294145,2013-08-25,F,1975
c025177,2002-08-27,F,1981
c076462,2006-08-02,M,1958
c297466,2013-10-02,F,1978
c092647,2007-09-22,F,1959
c305406,2014-01-07,F,1970
c063225,2005-08-23,F,1966
c266979,2013-01-13,F,1955
c319857,2014-06-18,F,1980
c368084,2016-01-10,M,1983
c356987,2015-08-21,F,1993
c219424,2012-01-25,F,1968
c310515,2014-03-12,F,1976
c237261,2012-07-27,F,1961
c363963,2015-11-17,M,1986
c365676,2015-12-09,M,1976
c164815,2010-07-12,F,1947
c355980,2015-08-08,F,1975
c227582,2012-04-26,F,1968
c313997,2014-04-19,F,1983
c081327,2006-12-14,F,1965
c121442,2009-02-24,F,1975
c275453,2013-04-20,F,1970
c231393,2012-06-04,F,1979
c397789,2017-01-19,F,1966
c108978,2008-08-04,F,1970
c134102,2009-07-22,F,1960
c037863,2003-09-25,F,1973
c376203,2016-04-17,F,1978
c282489,2013-06-27,F,1978
c049713,2004-07-09,F,1964
c389635,2016-09-30,F,1991
c349508,2015-05-22,F,1979
c354639,2015-07-20,F,1968
c070813,2006-04-21,F,1953
c217406,2011-12-25,F,1973
c351567,2015-06-15,F,1972
c123891,2009-03-27,F,1971
c345534,2015-04-09,F,1980
c135606,2009-08-17,F,1974
c307527,2014-02-08,F,1979
c380445,2016-06-03,F,1969
c344309,2015-03-28,F,1967
c055296,2004-12-20,F,1969
c373818,2016-03-22,F,1982
c160648,2010-05-18,F,1969
c161057,2010-05-25,F,1949
c208175,2011-09-06,F,1975
c282146,2013-06-25,F,1968
c040572,2003-12-12,F,1966
c051771,2004-09-04,F,1943
c306678,2014-01-25,F,1972
c274185,2013-04-05,F,1962
c378333,2016-05-12,F,1976
c383761,2016-07-12,F,1979
c048601,2004-06-17,F,1966
c169810,2010-09-20,F,1975
c217913,2012-01-03,F,1957
c038352,2003-10-10,F,1957
c110521,2008-09-04,F,1972
c321748,2014-07-09,F,1976
c113572,2008-10-23,F,1972
c312668,2014-04-05,F,1972
c348103,2015-05-07,F,1979
c366163,2015-12-15,M,1984
c037443,2003-09-08,F,1963
c387273,2016-08-29,F,1983
c282942,2013-07-01,F,1980
c114512,2008-11-05,F,1966
c363110,2015-11-06,F,1982
c039296,2003-11-03,F,1973
c107328,2008-07-02,F,1969
c082557,2007-01-23,M,1957
c228671,2012-05-07,F,1968
c126194,2009-04-20,F,1970
c081832,2007-01-02,F,1967
c330733,2014-10-21,F,1964
c333025,2014-11-11,F,1967
c350776,2015-06-06,F,1983
c039743,2003-11-17,F,1979
c056249,2005-01-25,F,1952
c064125,2005-09-23,F,1970
c366686,2015-12-23,F,1981
c103446,2008-05-02,F,1975
c128377,2009-05-13,F,1974
c222157,2012-02-29,M,1973
c224604,2012-03-23,F,1973
c226048,2012-04-08,F,1975
c271068,2013-03-04,F,1958
c290510,2013-07-17,F,1975
c317422,2014-05-23,F,1980
c037575,2003-09-16,F,1966
c319644,2014-06-16,F,1978
c392240,2016-10-31,F,1988
c043530,2004-02-18,F,1967
c352409,2015-06-23,F,1985
c265859,2012-12-31,F,1955
c350641,2015-06-04,F,1967
c303674,2013-12-14,M,1969
c112275,2008-10-07,F,1970
c369369,2016-01-25,F,1968
c325792,2014-08-26,F,1964
c068245,2006-02-04,M,1957
c201389,2011-06-13,F,1973
c267786,2013-01-22,F,1976
c327775,2014-09-21,M,1955
c191125,2011-04-16,F,1973
c400263,2017-03-03,F,1980
c368315,2016-01-12,M,1987
c226662,2012-04-16,F,1965
c112745,2008-10-13,M,1971
c263144,2012-11-21,F,1961
c082255,2007-01-15,F,1977
c275002,2013-04-15,F,1963
c338921,2015-01-23,F,1958
c070216,2006-04-06,F,1963
c394239,2016-11-26,F,1960
c090766,2007-07-23,F,1973
c211661,2011-10-14,F,1954
c117627,2008-12-29,F,1962
c383352,2016-07-06,M,1979
c205213,2011-07-28,F,1961
c346820,2015-04-22,F,1977
c277016,2013-05-09,F,1980
c104034,2008-05-13,M,1976
c031556,2003-03-18,F,1971
c328823,2014-10-01,F,1982
c058113,2005-03-24,F,1969
c274891,2013-04-13,F,1948
c312359,2014-04-02,F,1977
c317700,2014-05-26,F,1978
c296357,2013-09-18,F,1985
c084130,2007-03-07,F,1970
c096369,2008-01-09,F,1972
c147015,2010-01-13,F,1948
c061923,2005-06-29,F,1967
c220756,2012-02-12,M,1973
c125491,2009-04-13,F,1962
c127709,2009-05-06,F,1978
c089556,2007-06-15,F,1973
c280471,2013-06-10,F,1969
c371753,2016-02-29,F,1966
c339767,2015-02-03,F,1982
c399196,2017-02-15,F,1973
c038104,2003-10-02,F,1965
c099967,2008-03-31,F,1969
c345780,2015-04-12,F,1973
c208551,2011-09-09,M,1938
c348180,2015-05-07,F,1987
c173540,2010-10-28,F,1970
c329288,2014-10-06,F,1978
c184775,2011-02-12,F,1939
c257773,2012-09-26,M,1974
c216646,2011-12-12,F,1967
c052367,2004-09-22,F,1973
c095005,2007-11-23,F,1962
c357192,2015-08-24,F,1977
c368078,2016-01-10,M,1985
c121303,2009-02-23,F,1968
c149901,2010-02-23,F,1971
c293483,2013-08-19,F,1941
c316682,2014-05-16,F,1963
c319545,2014-06-15,M,1972
c337078,2014-12-31,F,1962
c081187,2006-12-11,F,1936
c026307,2002-10-04,F,1968
c111432,2008-09-25,F,1976
c264449,2012-12-08,F,1976
c192673,2011-04-30,F,1979
c216253,2011-12-05,F,1980
c280876,2013-06-13,F,1982
c290936,2013-07-22,F,1978
c226019,2012-04-07,F,1963
c325765,2014-08-25,F,1979
c078992,2006-10-14,M,1970
c118110,2009-01-06,F,1981
c131702,2009-06-23,F,1959
c261447,2012-11-02,F,1976
c270946,2013-03-04,M,1970
c017567,2002-07-31,F,1946
c234998,2012-07-09,F,1979
c239107,2012-08-21,F,1980
c200289,2011-06-01,F,1977
c232687,2012-06-16,F,1967
c153787,2010-04-08,F,1945
c043113,2004-02-10,F,1962
c052684,2004-10-06,F,1970
c339456,2015-01-30,F,1979
c099839,2008-03-28,F,1973
c151952,2010-03-22,F,1980
c233476,2012-06-23,F,1973
c304973,2014-01-02,F,1983
c398332,2017-01-31,F,1970
c078968,2006-10-13,M,1977
c362980,2015-11-04,F,1985
c228904,2012-05-09,F,1964
c071054,2006-04-28,F,1967
c213748,2011-11-04,F,1973
c098286,2008-02-29,F,1973
c283989,2013-07-10,F,1963
c258682,2012-10-08,F,1980
c397675,2017-01-18,F,1972
c171094,2010-10-06,F,1979
c362001,2015-10-23,F,1986
c206400,2011-08-15,F,1971
c129299,2009-05-25,F,1975
c043687,2004-02-23,M,1964
c366188,2015-12-15,F,1992
c188648,2011-03-25,F,1976
c363235,2015-11-08,F,1968
c063593,2005-09-02,F,1963
c121713,2009-02-27,F,1976
c344237,2015-03-27,F,1970
c211881,2011-10-17,F,1959
c350834,2015-06-07,M,1970
c103450,2008-05-02,M,1948
c134625,2009-07-30,F,1970
c063087,2005-08-17,F,1944
c238049,2012-08-07,F,1969
c098413,2008-03-03,F,1977
c107853,2008-07-11,M,1961
c371568,2016-02-26,F,1954
c386206,2016-08-16,F,1988
c337898,2015-01-11,F,1973
c313364,2014-04-13,M,1983
c230884,2012-05-30,F,1965
c324542,2014-08-12,F,1983
c138443,2009-09-17,M,1978
c149399,2010-02-16,F,1973
c215381,2011-11-24,F,1952
c059646,2005-05-03,F,1944
c367704,2016-01-06,F,1968
c177682,2010-12-13,F,1978
c348136,2015-05-07,M,1978
c336644,2014-12-25,F,1980
c220028,2012-02-02,F,1962
c366614,2015-12-22,F,1982
c205191,2011-07-28,F,1970
c037999,2003-09-30,F,1970
c349783,2015-05-26,F,1973
c349804,2015-05-27,F,1990
c147873,2010-01-23,F,1974
c105423,2008-06-02,F,1975
c216975,2011-12-17,F,1959
c227646,2012-04-26,F,1978
c317725,2014-05-26,F,1976
c141777,2009-10-30,F,1980
c097121,2008-01-29,F,1963
c260657,2012-10-26,F,1978
c349724,2015-05-26,F,1955
c077365,2006-09-04,F,1976
c227351,2012-04-23,M,1974
c383040,2016-07-02,F,1942
c343594,2015-03-20,F,1984
c037924,2003-09-27,F,1961
c017624,2002-07-31,M,1964
c312857,2014-04-07,F,1980
c017731,2002-07-31,F,1966
c193651,2011-05-11,F,1978
c354567,2015-07-20,F,1959
c393550,2016-11-16,F,1971
c346253,2015-04-16,F,1985
c105891,2008-06-10,F,1973
c171283,2010-10-08,F,1964
c201518,2011-06-14,M,1975
c191864,2011-04-23,F,1973
c292114,2013-08-01,F,1981
c267105,2013-01-14,F,1959
c274126,2013-04-04,F,1982
c083607,2007-02-22,M,1969
c388454,2016-09-13,F,1969
c359801,2015-09-22,F,1974
c261569,2012-11-04,F,1982
c279499,2013-06-04,F,1987
c072084,2006-06-01,F,1971
c017672,2002-07-31,F,1966
c315666,2014-05-08,F,1980
c330499,2014-10-18,F,1969
c266952,2013-01-12,F,1979
c347991,2015-05-06,F,1975
c210472,2011-09-30,F,1974
c254571,2012-08-27,F,1979
c040445,2003-12-10,F,1972
c352899,2015-06-29,F,1977
c358319,2015-09-04,F,1982
c134628,2009-07-30,M,1976
c177887,2010-12-16,F,1973
c176263,2010-11-26,F,1981
c081451,2006-12-18,F,1960
c034376,2003-06-17,F,1963
c095391,2007-12-04,F,1955
c115266,2008-11-17,F,1976
c193909,2011-05-12,F,1955
c309712,2014-03-04,F,1971
c111750,2008-09-30,F,1976
c116982,2008-12-16,M,1979
c297255,2013-09-30,F,1975
c130304,2009-06-05,F,1972
c342362,2015-03-06,F,1971
c389630,2016-09-30,F,1970
c105246,2008-05-30,F,1975
c115575,2008-11-21,F,1956
c314875,2014-04-28,F,1972
c123925,2009-03-27,M,1975
c368129,2016-01-11,F,1981
c317750,2014-05-26,F,1979
c056226,2005-01-24,F,1967
c123195,2009-03-18,F,1964
c017551,2002-07-31,F,1962
c127244,2009-04-30,F,1957
c317003,2014-05-20,F,1978
c275548,2013-04-22,F,1958
c328839,2014-10-02,F,1978
c200092,2011-05-31,F,1972
c257192,2012-09-19,F,1991
c310506,2014-03-12,M,1972
c319351,2014-06-12,F,1982
c091352,2007-08-14,F,1982
c331473,2014-10-28,F,1971
c060131,2005-05-16,F,1970
c083863,2007-03-01,F,1972
c357740,2015-08-28,F,1981
c382028,2016-06-22,F,1963
c107067,2008-06-30,F,1976
c148616,2010-02-02,F,1978
c156079,2010-04-30,F,1976
c211366,2011-10-12,M,1962
c118926,2009-01-18,F,1963
c114635,2008-11-07,F,1960
c303135,2013-12-07,F,1988
c395401,2016-12-14,F,1964
c217352,2011-12-23,F,1965
c108900,2008-08-02,F,1974
c351875,2015-06-17,F,1981
c278028,2013-05-21,F,1978
c117495,2008-12-26,F,1969
c266280,2013-01-04,F,1977
c273629,2013-03-30,F,1972
c307471,2014-02-07,F,1956
c318568,2014-06-04,F,1950
c358531,2015-09-07,F,1963
c355007,2015-07-25,F,1985
c227829,2012-04-28,M,1977
c086592,2007-04-24,M,1981
c142543,2009-11-09,F,1974
c076461,2006-08-02,F,1946
c133167,2009-07-09,F,1971
c108176,2008-07-18,F,1946
c122735,2009-03-12,F,1957
c113117,2008-10-17,F,1969
c098233,2008-02-28,F,1973
c075027,2006-06-16,F,1967
c202512,2011-06-24,F,1978
c340285,2015-02-06,F,1986
c324087,2014-08-05,F,1962
c385300,2016-08-01,F,1969
c175224,2010-11-16,F,1933
c163961,2010-06-30,F,1957
c349167,2015-05-19,F,1982
c308113,2014-02-14,F,1958
c089765,2007-06-21,F,1961
c203235,2011-07-02,F,1978
c291488,2013-07-26,F,1938
c131055,2009-06-16,F,1959
c121452,2009-02-24,M,1966
c127610,2009-05-05,F,1979
c349522,2015-05-22,F,1985
c047352,2004-05-24,F,1968
c339401,2015-01-29,F,1970
c237917,2012-08-06,M,1967
c160195,2010-05-13,F,1975
c322763,2014-07-19,F,1982
c186011,2011-02-26,F,1971
c222232,2012-03-01,F,1973
c148320,2010-01-29,F,1969
c330348,2014-10-16,F,1969
c173870,2010-11-01,F,1976
c146438,2010-01-05,F,1975
c350428,2015-06-02,F,1987
c335275,2014-12-05,F,1982
c366582,2015-12-22,F,1984
c300810,2013-11-10,F,1975
c360040,2015-09-25,F,1975
c142648,2009-11-10,F,1967
c352512,2015-06-24,F,1969
c299140,2013-10-22,F,1974
c119964,2009-02-03,F,1978
c177633,2010-12-13,F,1968
c084180,2007-03-08,F,1976
c017718,2002-07-31,F,1971
c174661,2010-11-09,F,1967
c314698,2014-04-25,F,1975
c200041,2011-05-30,F,1967
c333221,2014-11-12,F,1971
c357553,2015-08-27,F,1962
c374212,2016-03-25,F,1963
c223944,2012-03-16,M,1979
c387389,2016-08-30,F,1983
c277839,2013-05-19,F,1977
c366063,2015-12-14,F,1970
c099866,2008-03-29,F,1968
c190795,2011-04-14,M,1974
c345211,2015-04-06,F,1976
c112355,2008-10-08,F,1964
c112401,2008-10-08,F,1976
c204015,2011-07-12,F,1980
c232869,2012-06-18,F,1981
c236759,2012-07-20,F,1957
c091310,2007-08-13,F,1969
c345378,2015-04-08,F,1979
c385913,2016-08-10,F,1976
c353769,2015-07-09,F,1974
c138630,2009-09-20,F,1979
c086449,2007-04-21,F,1971
c324617,2014-08-12,F,1973
c330165,2014-10-15,F,1963
c353616,2015-07-07,F,1986
c017577,2002-07-31,F,1973
c017727,2002-07-31,F,1959
c043205,2004-02-11,F,1957
c057902,2005-03-19,F,1964
c065797,2005-11-12,F,1950
c079236,2006-10-19,F,1969
c093272,2007-10-12,F,1974
c366903,2015-12-26,F,1982
c373441,2016-03-17,F,1977
c385993,2016-08-12,F,1970
c387126,2016-08-26,M,1981
c399680,2017-02-23,F,1985
c104440,2008-05-19,F,1968
c105319,2008-05-31,F,1978
c128162,2009-05-12,F,1970
c136900,2009-09-02,F,1977
c143361,2009-11-18,F,1955
c175118,2010-11-15,F,1972
c182677,2011-02-09,F,1972
c189468,2011-04-03,F,1959
c226603,2012-04-15,F,1973
c229571,2012-05-17,M,1985
c237236,2012-07-26,F,1972
c272388,2013-03-18,F,1982
c275313,2013-04-18,M,1975
c042176,2004-01-26,F,1969
c096108,2007-12-31,F,1946
c362893,2015-11-03,F,1969
c167637,2010-08-25,F,1975
c320305,2014-06-23,F,1970
c341151,2015-02-23,F,1982
c044768,2004-03-19,F,1968
c363971,2015-11-17,F,1979
c381717,2016-06-19,F,1980
c110804,2008-09-09,F,1974
c318047,2014-05-29,F,1974
c366873,2015-12-26,F,1964
c082146,2007-01-11,F,1971
c210950,2011-10-07,F,1972
c038319,2003-10-09,F,1948
c038304,2003-10-09,F,1967
c335797,2014-12-13,F,1973
c332568,2014-11-06,F,1980
c037266,2003-09-02,M,1959
c238991,2012-08-20,F,1976
c054697,2004-11-29,M,1971
c120267,2009-02-07,F,1960
c317723,2014-05-26,F,1954
c384119,2016-07-15,F,1985
c068394,2006-02-10,F,1969
c371569,2016-02-26,F,1978
c400470,2017-03-06,F,1979
c103757,2008-05-08,F,1963
c153235,2010-04-03,M,1946
c202863,2011-06-29,F,1973
c222726,2012-03-06,F,1987
c230379,2012-05-25,F,1973
c231811,2012-06-08,M,1974
c270223,2013-02-22,F,1976
c312280,2014-04-01,F,1979
c315433,2014-05-06,F,1965
c350980,2015-06-09,F,1982
c364016,2015-11-18,F,1957
c118395,2009-01-10,F,1977
c122048,2009-03-04,F,1963
c130077,2009-06-03,M,1974
c134514,2009-07-29,F,1969
c212716,2011-10-24,F,1981
c213269,2011-10-31,F,1978
c293026,2013-08-13,F,1966
c315780,2014-05-09,F,1972
c060029,2005-05-14,F,1965
c082264,2007-01-15,F,1973
c349205,2015-05-19,F,1975
c045486,2004-04-08,F,1965
c046178,2004-04-27,F,1968
c078754,2006-10-03,F,1962
c394007,2016-11-23,F,1970
c104962,2008-05-26,F,1969
c168287,2010-09-01,M,1972
c175819,2010-11-22,F,1959
c187366,2011-03-12,F,1958
c274550,2013-04-10,F,1978
c320672,2014-06-26,F,1981
c342823,2015-03-12,F,1977
c327488,2014-09-17,F,1980
c333131,2014-11-12,F,1980
c086983,2007-05-01,F,1970
c363363,2015-11-10,F,1978
c364087,2015-11-19,F,1980
c376722,2016-04-22,F,1985
c125672,2009-04-14,F,1963
c402634,2017-03-30,F,1960
c255519,2012-09-03,F,1962
c263517,2012-11-26,F,1973
c202538,2011-06-25,F,1978
c340631,2015-02-11,F,1984
c283206,2013-07-03,F,1940
c214911,2011-11-19,F,1971
c323397,2014-07-27,F,1979
c085186,2007-03-30,F,1975
c357756,2015-08-28,M,1978
c119928,2009-02-03,F,1968
c163488,2010-06-24,F,1973
c166291,2010-08-04,F,1968
c343106,2015-03-16,F,1982
c138203,2009-09-15,F,1984
c329534,2014-10-08,M,1973
c097665,2008-02-15,F,1971
c046044,2004-04-23,F,1967
c093369,2007-10-15,F,1969
c119127,2009-01-20,F,1965
c309707,2014-03-04,F,1979
c392000,2016-10-28,F,1979
c146116,2009-12-30,F,1973
c117925,2009-01-04,F,1975
c350345,2015-06-02,F,1983
c059303,2005-04-25,M,1969
c123918,2009-03-27,M,1974
c137589,2009-09-09,F,1974
c149838,2010-02-22,F,1970
c150928,2010-03-09,F,1964
c223585,2012-03-13,F,1961
c227862,2012-04-29,F,1983
c305895,2014-01-14,F,1979
c335766,2014-12-12,F,1983
c339129,2015-01-26,M,1988
c345371,2015-04-07,F,1973
c356418,2015-08-14,F,1987
c094407,2007-11-08,F,1977
c099268,2008-03-19,F,1974
c128348,2009-05-13,F,1972
c136882,2009-09-02,F,1974
c152579,2010-03-29,F,1971
c167844,2010-08-27,F,1965
c170122,2010-09-28,F,1978
c173861,2010-11-01,F,1972
c181972,2011-01-28,F,1966
c221681,2012-02-23,F,1980
c222515,2012-03-05,F,1975
c255595,2012-09-03,F,1974
c306887,2014-01-28,M,1956
c309111,2014-02-26,F,1976
c200957,2011-06-08,F,1971
c093605,2007-10-21,F,1973
c238417,2012-08-13,F,1981
c346882,2015-04-23,F,1967
c369284,2016-01-25,F,1966
c385994,2016-08-12,F,1977
c238776,2012-08-16,M,1961
c342774,2015-03-11,F,1973
c104459,2008-05-19,F,1964
c048774,2004-06-21,F,1957
c373957,2016-03-23,F,1981
c140393,2009-10-15,F,1977
c296736,2013-09-25,F,1957
c341675,2015-02-28,F,1986
c352850,2015-06-29,F,1982
c254964,2012-08-31,F,1976
c338923,2015-01-23,F,1981
c345428,2015-04-08,F,1960
c235233,2012-07-11,F,1942
c335135,2014-12-04,F,1969
c337102,2014-12-31,F,1972
c090124,2007-07-02,F,1971
c050169,2004-07-17,F,1969
c382438,2016-06-27,F,1980
c323726,2014-07-31,F,1993
c120907,2009-02-17,F,1973
c344952,2015-04-03,F,1970
c017620,2002-07-31,F,1966
c274665,2013-04-11,F,1952
c318585,2014-06-04,F,1977
c215485,2011-11-26,F,1971
c360109,2015-09-29,F,1981
c224074,2012-03-19,M,1978
c296739,2013-09-25,M,1974
c377969,2016-05-07,M,1956
c153065,2010-04-01,F,1952
c091138,2007-08-06,F,1983
c352720,2015-06-26,F,1970
c213813,2011-11-06,F,1979
c077371,2006-09-04,F,1965
c295988,2013-09-12,F,1979
c122996,2009-03-16,F,1970
c111028,2008-09-16,F,1973
c301634,2013-11-19,F,1972
c212859,2011-10-25,M,1974
c076781,2006-08-16,F,1968
c396022,2016-12-23,F,1983
c172729,2010-10-21,F,1975
c323777,2014-07-31,F,1965
c219318,2012-01-21,F,1981
c230965,2012-05-31,F,1977
c118274,2009-01-08,F,1949
c040723,2003-12-17,F,1968
c360632,2015-10-06,F,1972
c357165,2015-08-24,F,1972
c147774,2010-01-21,F,1967
c150852,2010-03-08,F,1977
c163255,2010-06-22,M,1974
c224143,2012-03-19,F,1971
c350577,2015-06-04,F,1967
c369132,2016-01-22,F,1971
c091271,2007-08-11,F,1952
c153135,2010-04-02,F,1967
c257142,2012-09-19,F,1981
c280317,2013-06-08,F,1965
c121344,2009-02-23,F,1966
c038572,2003-10-16,F,1969
c139215,2009-09-28,F,1977
c335053,2014-12-03,F,1977
c377127,2016-04-26,F,1966
c141838,2009-10-31,F,1969
c054598,2004-11-25,F,1977
c118410,2009-01-10,F,1976
c271108,2013-03-05,F,1961
c299652,2013-10-28,F,1966
c347501,2015-04-29,F,1975
c071952,2006-05-30,F,1956
c383085,2016-07-03,F,1960
c226168,2012-04-09,M,1958
c192087,2011-04-25,F,1962
c124747,2009-04-06,F,1957
c170363,2010-09-29,F,1984
c052308,2004-09-21,F,1977
c395673,2016-12-19,F,1972
c094185,2007-11-03,F,1965
c069347,2006-03-16,F,1971
c167343,2010-08-21,F,1965
c336439,2014-12-23,F,1980
c182210,2011-02-01,F,1969
c120064,2009-02-04,F,1977
c225069,2012-03-28,F,1972
c341209,2015-02-23,M,1944
c339526,2015-01-30,M,1984
c331210,2014-10-25,M,1971
c363228,2015-11-08,F,1983
c155875,2010-04-28,F,1974
c341095,2015-02-21,F,1976
c017667,2002-07-31,F,1966
c255544,2012-09-03,F,1963
c236714,2012-07-20,F,1967
c062155,2005-07-07,F,1970
c400706,2017-03-09,F,1981
c017503,2002-07-31,F,1971
c206579,2011-08-17,F,1938
c088683,2007-05-22,F,1976
c055600,2004-12-31,F,1942
c112772,2008-10-14,F,1978
c038180,2003-10-06,F,1947
c220631,2012-02-10,F,1962
c399578,2017-02-21,F,1985
c068727,2006-02-22,F,1970
c095448,2007-12-05,F,1974
c155936,2010-04-29,F,1960
c283212,2013-07-03,F,1979
c275699,2013-04-23,F,1985
c305733,2014-01-12,F,1975
c255833,2012-09-05,M,1967
c119077,2009-01-20,F,1966
c367093,2015-12-29,F,1985
c335380,2014-12-08,F,1984
c261253,2012-11-01,F,1975
c079150,2006-10-18,F,1968
c090177,2007-07-03,F,1970
c078549,2006-09-28,F,1965
c160844,2010-05-20,F,1972
c321677,2014-07-08,F,1976
c096214,2008-01-03,F,1965
c228710,2012-05-08,F,1961
c270442,2013-02-25,F,1952
c349846,2015-05-27,F,1970
c199854,2011-05-28,M,1965
c171256,2010-10-08,F,1976
c039004,2003-10-27,F,1963
c271462,2013-03-08,F,1967
c095560,2007-12-10,F,1957
c317839,2014-05-27,F,1975
c373485,2016-03-18,F,1974
c327833,2014-09-22,F,1975
c100599,2008-04-10,F,1974
c260634,2012-10-25,F,1975
c219934,2012-02-01,F,1954
c086145,2007-04-16,F,1971
c307396,2014-02-06,F,1984
c234291,2012-07-02,F,1953
c392656,2016-11-05,F,1975
c231043,2012-06-01,F,1963
c111027,2008-09-16,F,1971
c358887,2015-09-10,M,1970
c069948,2006-03-29,F,1973
c359997,2015-09-24,F,1971
c397251,2017-01-11,F,1981
c096538,2008-01-14,F,1951
c352212,2015-06-22,F,1973
c118362,2009-01-09,F,1964
c296091,2013-09-14,F,1966
c341192,2015-02-23,F,1973
c316640,2014-05-16,F,1975
c214450,2011-11-14,M,1979
c209562,2011-09-24,F,1971
c357766,2015-08-29,F,1985
c388924,2016-09-22,F,1989
c135336,2009-08-11,F,1979
c398644,2017-02-04,F,1972
c338151,2015-01-13,F,1979
c124222,2009-04-01,F,1979
c303514,2013-12-12,M,1957
c381859,2016-06-20,F,1972
c345759,2015-04-12,F,1985
c040493,2003-12-11,F,1945
c187029,2011-03-09,F,1973
c352010,2015-06-18,F,1973
c063594,2005-09-02,F,1974
c077719,2006-09-12,F,1959
c268330,2013-01-28,F,1973
c277404,2013-05-14,F,1982
c305921,2014-01-14,F,1977
c366335,2015-12-17,F,1967
c093176,2007-10-10,F,1974
c208377,2011-09-08,F,1948
c103861,2008-05-09,F,1973
c223349,2012-03-12,F,1973
c366330,2015-12-17,F,1983
c299385,2013-10-24,F,1977
c368828,2016-01-19,F,1960
c274736,2013-04-11,F,1973
c121138,2009-02-19,F,1971
c164806,2010-07-12,F,1974
c352739,2015-06-27,F,1967
c147379,2010-01-16,F,1972
c222824,2012-03-07,F,1968
c111472,2008-09-25,F,1977
c305167,2014-01-05,F,1982
c315289,2014-05-02,F,1979
c368012,2016-01-09,F,1973
c320617,2014-06-26,F,1977
c266817,2013-01-10,F,1964
c298664,2013-10-16,F,1980
c341245,2015-02-23,F,1982
c273797,2013-04-01,F,1975
c349063,2015-05-18,F,1974
c137369,2009-09-07,F,1981
c301528,2013-11-18,F,1955
c201252,2011-06-12,F,1972
c321209,2014-07-03,F,1980
c319179,2014-06-11,F,1965
c148529,2010-02-01,F,1977
c309295,2014-02-28,F,1980
c300760,2013-11-08,F,1978
c238884,2012-08-17,F,1968
c359069,2015-09-13,F,1975
c378428,2016-05-12,F,1984
c104876,2008-05-26,F,1967
c364279,2015-11-21,F,1972
c070800,2006-04-21,M,1973
c269741,2013-02-16,F,1960
c354828,2015-07-23,F,1969
c292381,2013-08-05,F,1978
c256672,2012-09-13,F,1980
c059003,2005-04-18,F,1966
c100792,2008-04-14,F,1971
c068224,2006-02-03,F,1976
c275305,2013-04-18,F,1985
c280269,2013-06-07,F,1945
c393267,2016-11-13,M,1977
c171385,2010-10-09,F,1978
c312835,2014-04-07,F,1981
c069632,2006-03-22,F,1973
c360710,2015-10-06,F,1982
c367261,2015-12-31,F,1967
c111738,2008-09-30,F,1968
c215483,2011-11-26,F,1980
c259362,2012-10-13,F,1963
c265007,2012-12-17,F,1969
c279451,2013-06-03,F,1985
c305163,2014-01-05,F,1975
c316754,2014-05-18,M,1974
c204231,2011-07-14,F,1962
c192564,2011-04-29,F,1964
c262304,2012-11-12,F,1970
c314143,2014-04-21,F,1980
c383611,2016-07-10,F,1989
c311943,2014-03-28,M,1932
c166454,2010-08-07,F,1965
c329445,2014-10-08,M,1975
c392672,2016-11-05,F,1977
c078522,2006-09-28,F,1973
c385259,2016-08-01,F,1994
c372992,2016-03-14,F,1982
c050494,2004-07-26,F,1963
c328698,2014-09-30,F,1983
c038309,2003-10-09,F,1966
c392058,2016-10-29,F,1954
c143548,2009-11-20,F,1957
c085328,2007-04-02,F,1971
c173976,2010-11-02,M,1967
c093505,2007-10-18,F,1952
c338224,2015-01-14,F,1969
c191750,2011-04-21,F,1973
c282277,2013-06-26,F,1953
c351898,2015-06-17,F,1974
c368109,2016-01-10,M,1984
c368172,2016-01-11,F,1977
c104451,2008-05-19,F,1969
c119729,2009-01-31,F,1976
c124687,2009-04-06,F,1976
c126138,2009-04-20,F,1963
c152029,2010-03-23,F,1964
c215033,2011-11-21,F,1963
c238833,2012-08-17,F,1975
c274203,2013-04-05,F,1978
c295648,2013-09-09,F,1969
c296638,2013-09-24,F,1981
c320790,2014-06-27,F,1984
c345084,2015-04-05,M,1983
c258782,2012-10-09,F,1973
c049344,2004-06-30,F,1954
c170180,2010-09-28,F,1969
c186167,2011-02-28,F,1976
c319923,2014-06-18,F,1961
c321689,2014-07-08,M,1979
c340251,2015-02-06,F,1971
c363992,2015-11-18,F,1979
c345390,2015-04-08,F,1972
c051626,2004-08-31,F,1966
c109252,2008-08-09,F,1964
c276910,2013-05-08,F,1974
c060972,2005-06-02,F,1971
c362576,2015-10-30,F,1972
c352864,2015-06-29,F,1964
c054644,2004-11-26,F,1978
c095909,2007-12-21,F,1973
c387638,2016-09-01,F,1956
c137227,2009-09-05,F,1975
c137351,2009-09-07,F,1968
c187622,2011-03-15,F,1964
c221752,2012-02-24,F,1975
c280375,2013-06-09,F,1945
c319841,2014-06-18,M,1971
c237099,2012-07-25,F,1979
c378996,2016-05-19,F,1971
c221444,2012-02-20,F,1971
c098957,2008-03-14,F,1975
c365181,2015-12-02,F,1970
c170207,2010-09-29,F,1980
c088828,2007-05-26,F,1984
c088490,2007-05-17,F,1970
c233561,2012-06-25,F,1973
c063797,2005-09-09,F,1970
c118028,2009-01-05,F,1968
c148505,2010-02-01,F,1957
c238056,2012-08-07,F,1977
c350273,2015-06-01,F,1977
c356352,2015-08-13,F,1963
c398722,2017-02-06,F,1974
c225681,2012-04-04,F,1983
c227415,2012-04-24,F,1960
c366906,2015-12-26,F,1971
c222172,2012-02-29,M,1969
c324125,2014-08-06,F,1970
c044804,2004-03-22,F,1962
c066245,2005-11-29,F,1973
c277658,2013-05-16,F,1987
c297088,2013-09-28,F,1965
c349653,2015-05-25,F,1983
c314205,2014-04-22,F,1969
c156419,2010-05-04,F,1984
c266359,2013-01-06,F,1976
c306206,2014-01-17,M,1973
c211284,2011-10-11,F,1971
c344090,2015-03-26,F,1961
c030706,2003-02-22,M,1962
c387185,2016-08-27,F,1970
c118603,2009-01-13,F,1972
c205545,2011-08-02,F,1981
c223192,2012-03-10,F,1976
c213326,2011-11-01,F,1955
c349025,2015-05-18,F,1956
c343292,2015-03-18,F,1975
c059914,2005-05-12,F,1971
c093681,2007-10-23,F,1956
c095888,2007-12-21,F,1957
c371209,2016-02-22,F,1976
c373673,2016-03-20,F,1983
c115806,2008-11-26,F,1971
c144797,2009-12-07,F,1967
c171257,2010-10-08,F,1968
c218664,2012-01-12,F,1979
c278626,2013-05-28,F,1972
c281886,2013-06-23,F,1968
c283663,2013-07-07,F,1982
c121013,2009-02-18,F,1955
c172877,2010-10-22,F,1974
c153528,2010-04-06,F,1974
c342149,2015-03-05,F,1977
c068640,2006-02-17,F,1969
c354780,2015-07-22,F,1976
c051125,2004-08-17,F,1977
c043524,2004-02-18,F,1964
c178621,2010-12-25,F,1954
c347836,2015-05-04,F,1979
c221347,2012-02-20,F,1951
c310596,2014-03-13,F,1979
c172979,2010-10-23,F,1980
c068243,2006-02-04,F,1973
c369179,2016-01-22,F,1984
c297902,2013-10-08,F,1971
c366986,2015-12-28,F,1973
c091147,2007-08-07,F,1933
c305393,2014-01-07,F,1979
c350768,2015-06-06,F,1976
c150156,2010-02-26,F,1963
c017732,2002-07-31,F,1968
c374619,2016-03-30,F,1976
c313438,2014-04-14,F,1976
c278409,2013-05-25,F,1948
c260024,2012-10-19,F,1956
c055596,2004-12-31,F,1963
c221180,2012-02-17,F,1972
c270691,2013-02-28,F,1976
c357801,2015-08-29,F,1983
c107911,2008-07-14,F,1979
c131272,2009-06-18,F,1958
c061619,2005-06-20,F,1973
c117330,2008-12-23,F,1969
c178212,2010-12-20,F,1976
c293190,2013-08-14,F,1974
c228889,2012-05-09,F,1975
c260294,2012-10-22,F,1980
c331217,2014-10-26,F,1982
c209895,2011-09-28,F,1983
c302963,2013-12-04,F,1975
c396177,2016-12-26,F,1979
c234643,2012-07-05,F,1986
c395989,2016-12-23,F,1986
c083678,2007-02-23,F,1962
c117492,2008-12-26,F,1967
c338238,2015-01-14,F,1977
c343267,2015-03-18,F,1963
c298921,2013-10-19,M,1969
c310143,2014-03-10,F,1977
c164775,2010-07-12,F,1962
c299857,2013-10-30,F,1973
c342764,2015-03-11,F,1973
c085861,2007-04-11,F,1967
c386397,2016-08-18,F,1976
c098406,2008-03-03,F,1969
c103243,2008-04-29,F,1970
c017752,2002-07-31,F,1966
c078075,2006-09-19,F,1964
c272190,2013-03-15,F,1975
c055348,2004-12-22,F,1970
c129791,2009-05-30,F,1973
c363073,2015-11-05,F,1962
c261935,2012-11-07,F,1976
c354640,2015-07-20,F,1980
c352184,2015-06-21,F,1984
c308419,2014-02-18,F,1962
c313636,2014-04-16,F,1973
c105872,2008-06-09,F,1978
c051734,2004-09-03,F,1968
c222390,2012-03-02,F,1969
c039211,2003-10-31,F,1959
c358409,2015-09-06,F,1985
c184812,2011-02-13,F,1982
c064075,2005-09-21,M,1973
c361375,2015-10-15,F,1975
c136916,2009-09-02,F,1959
c165396,2010-07-21,M,1964
c218366,2012-01-10,M,1977
c223372,2012-03-12,F,1979
c298549,2013-10-16,M,1946
c307057,2014-02-03,F,1976
c094724,2007-11-15,F,1939
c345078,2015-04-04,F,1977
c344633,2015-04-01,F,1988
c098851,2008-03-12,F,1971
c188082,2011-03-21,F,1977
c234397,2012-07-03,F,1976
c283124,2013-07-02,F,1990
c348907,2015-05-15,F,1964
c353531,2015-07-06,M,1979
c097944,2008-02-21,F,1973
c105413,2008-06-02,F,1973
c217153,2011-12-20,F,1972
c310170,2014-03-10,F,1973
c312185,2014-04-01,F,1974
c230879,2012-05-30,F,1975
c118750,2009-01-15,F,1960
c296670,2013-09-24,M,1983
c373217,2016-03-15,F,1956
c037932,2003-09-27,M,1945
c354039,2015-07-13,F,1978
c017614,2002-07-31,F,1958
c094531,2007-11-12,F,1965
c390013,2016-10-05,F,1981
c179219,2010-12-31,M,1972
c268216,2013-01-27,F,1979
c307070,2014-02-03,M,1978
c366727,2015-12-23,F,1987
c093685,2007-10-23,F,1938
c226940,2012-04-18,F,1952
c047907,2004-06-04,F,1970
c303455,2013-12-11,F,1983
c110883,2008-09-11,M,1979
c091568,2007-08-22,F,1954
c323588,2014-07-29,F,1960
c056795,2005-02-15,F,1971
c076508,2006-08-04,M,1963
c379116,2016-05-21,M,1974
c396532,2017-01-02,F,1974
c166039,2010-07-31,F,1960
c261933,2012-11-07,F,1976
c276083,2013-04-27,F,1971
c350495,2015-06-03,F,1974
c355876,2015-08-06,F,1982
c099310,2008-03-20,F,1969
c099503,2008-03-24,F,1979
c105415,2008-06-02,F,1970
c223557,2012-03-13,F,1954
c229861,2012-05-19,F,1977
c156998,2010-05-10,F,1972
c172612,2010-10-20,F,1969
c356438,2015-08-14,F,1971
c027996,2002-11-01,M,1974
c345762,2015-04-12,F,1991
c339321,2015-01-28,F,1988
c114024,2008-10-29,F,1968
c174033,2010-11-03,F,1971
c038779,2003-10-22,F,1945
c395106,2016-12-09,F,1979
c367111,2015-12-29,F,1974
c169958,2010-09-26,F,1978
c058364,2005-04-01,F,1964
c096167,2008-01-02,F,1974
c349755,2015-05-26,F,1963
c354713,2015-07-21,F,1957
c054177,2004-11-12,F,1976
c152439,2010-03-27,F,1970
c317858,2014-05-27,F,1974
c300978,2013-11-12,M,1980
c150525,2010-03-04,F,1955
c304275,2013-12-23,F,1979
c238944,2012-08-18,F,1971
c030869,2003-02-27,F,1968
c320832,2014-06-29,F,1985
c388365,2016-09-12,F,1984
c232939,2012-06-19,F,1959
c157090,2010-05-11,F,1955
c153215,2010-04-03,F,1976
c356063,2015-08-10,F,1980
c181732,2011-01-26,F,1960
c258719,2012-10-08,F,1977
c399424,2017-02-18,F,1977
c217179,2011-12-20,F,1975
c091749,2007-08-28,F,1948
c132418,2009-06-30,F,1974
c217049,2011-12-19,F,1971
c304355,2013-12-24,M,1954
c085584,2007-04-05,F,1972
c399282,2017-02-15,F,1975
c186143,2011-02-28,F,1948
c025176,2002-08-27,F,1971
c259395,2012-10-13,F,1974
c131359,2009-06-19,F,1974
c343724,2015-03-23,F,1954
c349544,2015-05-23,F,1984
c230788,2012-05-30,F,1975
c037481,2003-09-09,F,1964
c129957,2009-06-02,F,1974
c258209,2012-10-02,F,1983
c145562,2009-12-19,F,1962
c389262,2016-09-27,F,1975
c290664,2013-07-18,F,1983
c324796,2014-08-14,F,1977
c347096,2015-04-24,F,1963
c079691,2006-10-31,F,1973
c389970,2016-10-05,F,1980
c122631,2009-03-11,F,1974
c214205,2011-11-10,F,1971
c256847,2012-09-16,F,1980
c259666,2012-10-16,F,1970
c272292,2013-03-16,F,1978
c306719,2014-01-26,F,1969
c377588,2016-05-02,F,1980
c338629,2015-01-19,F,1976
c192457,2011-04-28,F,1976
c222322,2012-03-02,F,1952
c348527,2015-05-12,F,1970
c144000,2009-11-26,F,1972
c037926,2003-09-27,F,1942
c084101,2007-03-06,F,1969
c095479,2007-12-06,F,1954
c314136,2014-04-21,F,1985
c201920,2011-06-18,F,1973
c325191,2014-08-19,F,1986
c171937,2010-10-14,F,1958
c143469,2009-11-19,F,1957
c128135,2009-05-11,F,1971
c297812,2013-10-07,F,1970
c337168,2015-01-02,F,1986
c398579,2017-02-03,F,1954
c384183,2016-07-17,F,1980
c293705,2013-08-21,F,1978
c051339,2004-08-23,F,1949
c146449,2010-01-05,F,1977
c217725,2011-12-30,F,1967
c141837,2009-10-31,F,1979
c334072,2014-11-21,F,1968
c095721,2007-12-14,F,1969
c149615,2010-02-19,F,1979
c033504,2003-05-19,F,1972
c341734,2015-03-01,F,1971
c316488,2014-05-15,F,1978
c131218,2009-06-17,F,1958
c290282,2013-07-15,F,1974
c208282,2011-09-07,F,1966
c317547,2014-05-24,M,1979
c124389,2009-04-02,F,1976
c341969,2015-03-03,F,1977
c017605,2002-07-31,F,1973
c376675,2016-04-21,F,1972
c140683,2009-10-19,F,1980
c177861,2010-12-15,F,1978
c224247,2012-03-20,F,1972
c232865,2012-06-18,F,1973
c296998,2013-09-27,F,1968
c130428,2009-06-08,F,1970
c054365,2004-11-18,F,1950
c125469,2009-04-13,F,1961
c275598,2013-04-22,F,1979
c075696,2006-07-07,F,1957
c121934,2009-03-03,F,1973
c038886,2003-10-24,F,1938
c377720,2016-05-03,F,1982
c395272,2016-12-12,F,1980
c207069,2011-08-23,F,1977
c057298,2005-03-04,F,1953
c109646,2008-08-19,F,1957
c131602,2009-06-22,F,1978
c293458,2013-08-19,F,1969
c234152,2012-06-29,F,1971
c209073,2011-09-18,M,1980
c393450,2016-11-15,F,1949
c104135,2008-05-14,F,1978
c290581,2013-07-17,F,1963
c323884,2014-08-02,F,1979
c069371,2006-03-16,F,1973
c368121,2016-01-11,F,1977
c256570,2012-09-12,F,1976
c334413,2014-11-25,F,1984
c333731,2014-11-18,F,1972
c384268,2016-07-18,F,1979
c270885,2013-03-02,F,1979
c212211,2011-10-21,F,1960
c349895,2015-05-27,F,1964
c121166,2009-02-20,F,1966
c204646,2011-07-20,F,1950
c358320,2015-09-04,F,1978
c081800,2007-01-02,F,1973
c371226,2016-02-22,F,1979
c112705,2008-10-13,F,1980
c271006,2013-03-04,F,1976
c312278,2014-04-01,F,1981
c017594,2002-07-31,F,1967
c263277,2012-11-22,F,1978
c203062,2011-07-01,F,1975
c134314,2009-07-27,F,1975
c256744,2012-09-14,F,1966
c081748,2006-12-29,F,1961
c153211,2010-04-03,F,1972
c209794,2011-09-27,F,1980
c212255,2011-10-21,F,1958
c319603,2014-06-16,F,1982
c207505,2011-08-29,F,1967
c166705,2010-08-11,F,1980
c386641,2016-08-22,F,1953
c342059,2015-03-04,F,1969
c058288,2005-03-30,F,1966
c080508,2006-11-20,M,1971
c312420,2014-04-02,F,1978
c347118,2015-04-25,F,1955
c038172,2003-10-06,F,1965
c043717,2004-02-23,F,1971
c123945,2009-03-28,F,1971
c124632,2009-04-05,F,1976
c069623,2006-03-22,F,1969
c362298,2015-10-27,F,1981
c346321,2015-04-17,F,1978
c171243,2010-10-07,F,1974
c078947,2006-10-12,F,1969
c017566,2002-07-31,F,1964
c145872,2009-12-25,F,1967
c389199,2016-09-26,F,1987
c065066,2005-10-21,M,1965
c173750,2010-11-01,F,1977
c067506,2006-01-03,F,1958
c280766,2013-06-12,F,1956
c177499,2010-12-10,F,1976
c298592,2013-10-16,F,1982
c236919,2012-07-23,F,1971
c400312,2017-03-03,F,1975
c343257,2015-03-17,F,1974
c204613,2011-07-20,F,1972
c165734,2010-07-27,F,1955
c265975,2013-01-02,F,1965
c297698,2013-10-05,F,1983
c394736,2016-12-03,F,1987
c269638,2013-02-14,F,1977
c343044,2015-03-16,F,1966
c086227,2007-04-18,F,1952
c391998,2016-10-28,F,1976
c261652,2012-11-05,F,1973
c218997,2012-01-17,F,1969
c334534,2014-11-26,M,1978
c048405,2004-06-14,F,1972
c087047,2007-05-02,F,1974
c090147,2007-07-02,F,1971
c235203,2012-07-11,F,1972
c348709,2015-05-14,F,1979
c341597,2015-02-27,F,1977
c387391,2016-08-30,F,1972
c098587,2008-03-06,F,1974
c102408,2008-04-23,F,1976
c328828,2014-10-01,F,1977
c354434,2015-07-17,F,1962
c236903,2012-07-23,F,1960
c330406,2014-10-17,M,1982
c345702,2015-04-10,F,1983
c070756,2006-04-20,F,1970
c082056,2007-01-09,F,1973
c399056,2017-02-12,F,1983
c119485,2009-01-28,F,1973
c298768,2013-10-17,F,1985
c316463,2014-05-15,F,1977
c363866,2015-11-16,F,1985
c300788,2013-11-09,M,1974
c141087,2009-10-24,F,1973
c294498,2013-08-28,F,1978
c365400,2015-12-04,F,1951
c044598,2004-03-15,F,1974
c150670,2010-03-06,F,1968
c308266,2014-02-17,F,1979
c344773,2015-04-02,F,1973
c274804,2013-04-12,F,1979
c080999,2006-12-05,F,1944
c205607,2011-08-03,F,1981
c337999,2015-01-12,F,1977
c090349,2007-07-09,F,1970
c161898,2010-06-05,F,1960
c328709,2014-10-01,F,1981
c260686,2012-10-26,F,1975
c157116,2010-05-12,F,1979
c051894,2004-09-08,F,1971
c146444,2010-01-05,F,1966
c084957,2007-03-26,F,1969
c045896,2004-04-20,F,1949
c037915,2003-09-27,F,1959
c348539,2015-05-12,M,1975
c362266,2015-10-27,F,1981
c178272,2010-12-21,F,1982
c280418,2013-06-10,F,1975
c309773,2014-03-05,M,1973
c376397,2016-04-19,F,1984
c399994,2017-02-28,M,1981
c232842,2012-06-18,F,1967
c270755,2013-02-28,F,1973
c352349,2015-06-23,F,1973
c378004,2016-05-08,F,1948
c067632,2006-01-09,F,1972
c086164,2007-04-17,F,1943
c400253,2017-03-03,F,1956
c400665,2017-03-08,F,1964
c125381,2009-04-11,F,1971
c171748,2010-10-13,F,1970
c346100,2015-04-15,F,1964
c059876,2005-05-11,M,1968
c380501,2016-06-04,M,1981
c400937,2017-03-12,F,1980
c204770,2011-07-22,F,1975
c256610,2012-09-13,F,1970
c256600,2012-09-13,M,1963
c305608,2014-01-10,F,1980
c065481,2005-11-02,F,1955
c169418,2010-09-15,F,1953
c029717,2003-01-13,F,1956
c017658,2002-07-31,F,1957
c090214,2007-07-04,F,1951
c365954,2015-12-12,F,1985
c276666,2013-05-06,M,1970
c334919,2014-12-02,F,1971
c042986,2004-02-07,F,1954
c379922,2016-05-30,F,1963
c106754,2008-06-24,F,1974
c220170,2012-02-04,F,1971
c385317,2016-08-01,F,1984
c396059,2016-12-24,F,1962
c309850,2014-03-06,F,1987
c109363,2008-08-12,F,1972
c299582,2013-10-27,M,1981
c263578,2012-11-26,M,1942
c390262,2016-10-09,F,1967
c065833,2005-11-14,F,1960
c393823,2016-11-21,F,1984
c305176,2014-01-05,F,1976
c337211,2015-01-02,F,1975
c291862,2013-07-30,F,1969
c346172,2015-04-16,F,1980
c098100,2008-02-25,F,1975
c135481,2009-08-13,F,1963
c305120,2014-01-04,F,1982
c305143,2014-01-04,F,1981
c324061,2014-08-05,F,1992
c326331,2014-09-01,F,1995
c151657,2010-03-17,F,1968
c295877,2013-09-11,F,1980
c033372,2003-05-14,F,1966
c359081,2015-09-13,F,1972
c169892,2010-09-24,F,1974
c181647,2011-01-25,F,1981
c343022,2015-03-15,M,1971
c113333,2008-10-20,F,1974
c265814,2012-12-29,F,1980
c260411,2012-10-23,F,1984
c148366,2010-01-30,F,1976
c333911,2014-11-20,F,1979
c310837,2014-03-17,F,1972
c345672,2015-04-10,M,1947
c037703,2003-09-19,F,1968
c130228,2009-06-04,F,1967
c217219,2011-12-21,F,1978
c120644,2009-02-12,F,1975
c346952,2015-04-23,M,1965
c254532,2012-08-26,F,1977
c028666,2002-11-25,F,1969
c378497,2016-05-13,F,1973
c179592,2011-01-05,F,1999
c309376,2014-03-01,F,1986
c357417,2015-08-26,F,1978
c113762,2008-10-27,F,1968
c212955,2011-10-26,F,1981
c223219,2012-03-10,F,1975
c226820,2012-04-17,F,1982
c300414,2013-11-05,F,1960
c311266,2014-03-21,F,1961
c222561,2012-03-05,F,1976
c267785,2013-01-22,F,1970
c384271,2016-07-18,F,1980
c336640,2014-12-25,M,1990
c340498,2015-02-10,F,1969
c238581,2012-08-14,F,1964
c277352,2013-05-13,F,1980
c357569,2015-08-27,F,1981
c184804,2011-02-13,F,1979
c316825,2014-05-19,F,1977
c351428,2015-06-13,F,1978
c342334,2015-03-06,F,1961
c353994,2015-07-12,F,1980
c215741,2011-11-30,F,1973
c347552,2015-04-29,F,1965
c185841,2011-02-24,F,1965
c188059,2011-03-20,F,1980
c039165,2003-10-30,F,1963
c355506,2015-08-01,F,1960
c132501,2009-07-01,F,1977
c323865,2014-08-02,F,1978
c083645,2007-02-23,M,1967
c347407,2015-04-28,F,1980
c077404,2006-09-04,F,1969
c112428,2008-10-09,F,1977
c135416,2009-08-12,F,1956
c235076,2012-07-10,F,1978
c267551,2013-01-18,F,1952
c310202,2014-03-10,F,1989
c146783,2010-01-11,F,1972
c153641,2010-04-07,F,1966
c135799,2009-08-19,F,1973
c395370,2016-12-14,F,1985
c370688,2016-02-15,F,1980
c146792,2010-01-11,F,1971
c302689,2013-12-02,F,1980
c313987,2014-04-19,F,1978
c341133,2015-02-22,F,1977
c051386,2004-08-24,F,1964
c063771,2005-09-09,F,1970
c362338,2015-10-28,F,1975
c378408,2016-05-12,F,1984
c143041,2009-11-14,F,1977
c155920,2010-04-28,F,1976
c194094,2011-05-14,F,1959
c343622,2015-03-21,F,1980
c095577,2007-12-10,F,1977
c361312,2015-10-14,F,1981
c261220,2012-11-01,M,1956
c124315,2009-04-01,F,1974
c075822,2006-07-12,F,1974
c110910,2008-09-11,F,1977
c218286,2012-01-09,F,1975
c132676,2009-07-03,F,1976
c269764,2013-02-16,M,1971
c295395,2013-09-05,F,1978
c335794,2014-12-13,F,1971
c366918,2015-12-26,F,1977
c108482,2008-07-24,F,1969
c214928,2011-11-20,F,1957
c348855,2015-05-15,F,1960
c366858,2015-12-25,F,1974
c206662,2011-08-18,M,1983
c206826,2011-08-20,F,1977
c277996,2013-05-21,F,1970
c309022,2014-02-25,F,1978
c316579,2014-05-16,F,1967
c076259,2006-07-27,F,1950
c220817,2012-02-13,F,1964
c368205,2016-01-11,F,1978
c199863,2011-05-28,F,1970
c117860,2009-01-02,F,1967
c400035,2017-02-28,F,1961
c115496,2008-11-20,F,1967
c167075,2010-08-17,F,1969
c365633,2015-12-08,F,1975
c200579,2011-06-03,F,1986
c363739,2015-11-14,F,1983
c071815,2006-05-25,F,1968
c259009,2012-10-10,F,1986
c313433,2014-04-14,F,1973
c017531,2002-07-31,F,1970
c271704,2013-03-11,F,1981
c017650,2002-07-31,F,1957
c229579,2012-05-17,F,1963
c096120,2007-12-31,F,1966
c199973,2011-05-30,F,1967
c142372,2009-11-06,F,1972
c261418,2012-11-02,F,1956
c057780,2005-03-16,F,1969
c302146,2013-11-25,F,1968
c260402,2012-10-23,F,1977
c341672,2015-02-28,F,1970
c340239,2015-02-06,F,1983
c341870,2015-03-02,F,1972
c125354,2009-04-10,F,1963
c157172,2010-05-12,F,1972
c165359,2010-07-20,F,1941
c225462,2012-04-02,F,1983
c297064,2013-09-28,F,1978
c331925,2014-10-31,F,1974
c173963,2010-11-02,F,1974
c089407,2007-06-11,F,1980
c123044,2009-03-17,F,1974
c044380,2004-03-10,F,1970
c105953,2008-06-11,F,1974
c153903,2010-04-09,F,1950
c024546,2002-08-14,M,1971
c168409,2010-09-03,M,1959
c170037,2010-09-27,F,1977
c318873,2014-06-08,F,1977
c060045,2005-05-16,F,1971
c308745,2014-02-21,F,1974
c362951,2015-11-04,F,1984
c265578,2012-12-26,F,1964
c140627,2009-10-19,F,1977
c142912,2009-11-12,F,1983
c155385,2010-04-23,F,1951
c349485,2015-05-22,F,1932
c355902,2015-08-07,F,1968
c017664,2002-07-31,F,1970
c039210,2003-10-31,F,1945
c041694,2004-01-13,M,1957
c068423,2006-02-10,F,1971
c091211,2007-08-09,F,1972
c356954,2015-08-21,F,1969
c366435,2015-12-19,F,1975
c391925,2016-10-27,F,1941
c399799,2017-02-24,M,1983
c115132,2008-11-14,F,1977
c116538,2008-12-09,F,1953
c140253,2009-10-14,F,1978
c166562,2010-08-09,F,1951
c187295,2011-03-11,F,1974
c207648,2011-08-30,F,1960
c261555,2012-11-04,F,1972
c265520,2012-12-25,F,1987
c266623,2013-01-09,F,1981
c278247,2013-05-23,F,1983
c315320,2014-05-02,M,1980
c332026,2014-11-01,F,1977
c349533,2015-05-22,F,1971
c351778,2015-06-16,F,1947
c025386,2002-09-02,F,1964
c070348,2006-04-10,F,1966
c155063,2010-04-20,F,1963
c193316,2011-05-07,F,1976
c291489,2013-07-26,F,1964
c306632,2014-01-24,F,1942
c176135,2010-11-25,F,1978
c122515,2009-03-10,F,1944
c217820,2012-01-02,F,1942
c218961,2012-01-16,F,1977
c292460,2013-08-06,F,1970
c397040,2017-01-08,F,1954
c136865,2009-09-02,F,1975
c328468,2014-09-29,F,1979
c368015,2016-01-09,F,1982
c140124,2009-10-12,F,1973
c225989,2012-04-07,F,1958
c315607,2014-05-08,F,1984
c225944,2012-04-06,F,1972
c317158,2014-05-21,F,1970
c319538,2014-06-15,F,1973
c118315,2009-01-08,F,1968
c366415,2015-12-18,F,1978
c025721,2002-09-11,F,1973
c172837,2010-10-21,M,1977
c136627,2009-08-31,F,1970
c341674,2015-02-28,M,1973
c055122,2004-12-13,F,1970
c280590,2013-06-11,F,1968
c316736,2014-05-17,F,1976
c276915,2013-05-08,F,1983
c141835,2009-10-31,F,1979
c097480,2008-02-11,F,1969
c310508,2014-03-12,F,1981
c084715,2007-03-21,F,1969
c277674,2013-05-16,F,1957
c352708,2015-06-26,F,1980
c147397,2010-01-16,F,1977
c017629,2002-07-31,F,1964
c140658,2009-10-19,F,1958
c233402,2012-06-22,F,1971
c112142,2008-10-06,F,1979
c037998,2003-09-30,F,1959
c096700,2008-01-18,F,1966
c395061,2016-12-08,F,1958
c172383,2010-10-18,F,1960
c302101,2013-11-23,F,1981
c213699,2011-11-04,F,1967
c314668,2014-04-25,F,1977
c160301,2010-05-15,F,1953
c181797,2011-01-26,F,1981
