Date,ProductID,ProductName,in_ton
20190103,23100,무,616
20190103,23200,당근,105
20190103,24400,양파,879
20190103,15100,고구마,148
20190103,22500,토마토,181
20190104,23100,무,550
20190104,23200,당근,146
20190104,24400,양파,842
20190104,22500,토마토,202
20190104,15100,고구마,138
20190105,22500,토마토,120
20190105,15100,고구마,106
20190105,23100,무,585
20190105,23200,당근,144
20190105,24400,양파,691
20190107,23100,무,1023
20190107,23200,당근,230
20190107,24400,양파,1004
20190107,15100,고구마,174
20190107,22500,토마토,172
20190108,22500,토마토,109
20190108,15100,고구마,126
20190108,23100,무,881
20190108,23200,당근,253
20190108,24400,양파,735
20190109,23100,무,687
20190109,23200,당근,148
20190109,24400,양파,912
20190109,22500,토마토,114
20190109,15100,고구마,147
20190110,22500,토마토,99
20190110,15100,고구마,131
20190110,23200,당근,145
20190110,24400,양파,820
20190110,23100,무,549
20190111,23100,무,415
20190111,23200,당근,150
20190111,24400,양파,871
20190111,22500,토마토,151
20190111,15100,고구마,165
20190112,23100,무,308
20190112,23200,당근,77
20190112,24400,양파,582
20190112,22500,토마토,103
20190112,15100,고구마,79
20190114,23100,무,472
20190114,15100,고구마,184
20190114,23200,당근,152
20190114,24400,양파,822
20190114,22500,토마토,133
20190115,23100,무,587
20190115,23200,당근,131
20190115,24400,양파,733
20190115,22500,토마토,102
20190115,15100,고구마,112
20190116,23100,무,582
20190116,23200,당근,160
20190116,22500,토마토,102
20190116,24400,양파,768
20190116,15100,고구마,137
20190117,23100,무,603
20190117,23200,당근,467
20190117,24400,양파,699
20190117,15100,고구마,114
20190117,22500,토마토,97
20190118,23100,무,578
20190118,23200,당근,209
20190118,24400,양파,713
20190118,22500,토마토,147
20190118,15100,고구마,142
20190119,23100,무,423
20190119,23200,당근,113
20190119,24400,양파,547
20190119,22500,토마토,115
20190119,15100,고구마,100
20190121,23100,무,677
20190121,23200,당근,212
20190121,24400,양파,791
20190121,22500,토마토,182
20190121,15100,고구마,133
20190122,22500,토마토,102
20190122,15100,고구마,119
20190122,23100,무,611
20190122,23200,당근,154
20190122,24400,양파,702
20190123,23100,무,604
20190123,23200,당근,217
20190123,24400,양파,807
20190123,22500,토마토,123
20190123,15100,고구마,122
20190124,23100,무,639
20190124,23200,당근,207
20190124,24400,양파,994
20190124,22500,토마토,85
20190124,15100,고구마,156
20190125,24400,양파,1125
20190125,22500,토마토,163
20190125,23100,무,804
20190125,23200,당근,184
20190125,15100,고구마,129
20190126,23100,무,704
20190126,23200,당근,160
20190126,24400,양파,746
20190126,22500,토마토,106
20190126,15100,고구마,90
20190128,23100,무,759
20190128,23200,당근,389
20190128,24400,양파,1038
20190128,22500,토마토,175
20190128,15100,고구마,194
20190129,23100,무,667
20190129,23200,당근,131
20190129,24400,양파,1077
20190129,22500,토마토,88
20190129,15100,고구마,108
20190130,23100,무,526
20190130,23200,당근,194
20190130,24400,양파,755
20190130,22500,토마토,108
20190130,15100,고구마,152
20190131,23100,무,527
20190131,23200,당근,228
20190131,24400,양파,947
20190131,22500,토마토,105
20190131,15100,고구마,108
20190201,23100,무,613
20190201,23200,당근,254
20190201,24400,양파,789
20190201,22500,토마토,202
20190201,15100,고구마,121
20190202,24400,양파,889
20190202,22500,토마토,116
20190202,15100,고구마,57
20190202,23100,무,682
20190202,23200,당근,93
20190204,23100,무,272
20190204,23200,당근,5
20190204,24400,양파,7
20190204,22500,토마토,108
20190208,23100,무,585
20190208,23200,당근,189
20190208,24400,양파,899
20190208,22500,토마토,292
20190208,15100,고구마,141
20190209,23100,무,293
20190209,23200,당근,156
20190209,24400,양파,520
20190209,22500,토마토,174
20190209,15100,고구마,60
20190211,24400,양파,645
20190211,22500,토마토,209
20190211,15100,고구마,165
20190211,23100,무,410
20190211,23200,당근,186
20190212,23100,무,454
20190212,23200,당근,161
20190212,24400,양파,686
20190212,22500,토마토,119
20190212,15100,고구마,117
20190213,23100,무,477
20190213,23200,당근,217
20190213,24400,양파,825
20190213,22500,토마토,134
20190213,15100,고구마,128
20190214,23100,무,682
20190214,23200,당근,181
20190214,24400,양파,822
20190214,22500,토마토,106
20190214,15100,고구마,114
20190215,23100,무,571
20190215,23200,당근,220
20190215,24400,양파,771
20190215,22500,토마토,176
20190215,15100,고구마,125
20190216,23100,무,488
20190216,23200,당근,96
20190216,24400,양파,657
20190216,22500,토마토,109
20190216,15100,고구마,69
20190218,23100,무,713
20190218,23200,당근,297
20190218,24400,양파,687
20190218,15100,고구마,172
20190218,22500,토마토,197
20190219,24400,양파,757
20190219,23100,무,491
20190219,23200,당근,161
20190219,22500,토마토,114
20190219,15100,고구마,92
20190220,23100,무,425
20190220,23200,당근,133
20190220,24400,양파,536
20190220,22500,토마토,117
20190220,15100,고구마,118
20190221,23100,무,415
20190221,23200,당근,88
20190221,24400,양파,721
20190221,22500,토마토,112
20190221,15100,고구마,126
20190222,23100,무,551
20190222,23200,당근,148
20190222,24400,양파,732
20190222,22500,토마토,198
20190222,15100,고구마,133
20190223,22500,토마토,142
20190223,15100,고구마,63
20190223,23100,무,353
20190223,23200,당근,117
20190223,24400,양파,522
20190225,23100,무,534
20190225,23200,당근,194
20190225,24400,양파,816
20190225,22500,토마토,228
20190225,15100,고구마,101
20190226,23100,무,546
20190226,23200,당근,161
20190226,24400,양파,902
20190226,22500,토마토,149
20190226,15100,고구마,63
20190227,23100,무,506
20190227,23200,당근,91
20190227,24400,양파,1236
20190227,22500,토마토,171
20190227,15100,고구마,97
20190228,23100,무,516
20190228,23200,당근,428
20190228,24400,양파,981
20190228,22500,토마토,127
20190228,15100,고구마,68
20190301,22500,토마토,201
20190301,15100,고구마,113
20190301,23100,무,509
20190301,23200,당근,91
20190301,24400,양파,715
20190302,23100,무,528
20190302,23200,당근,88
20190302,24400,양파,623
20190302,22500,토마토,148
20190302,15100,고구마,57
20190304,23100,무,574
20190304,15100,고구마,175
20190304,23200,당근,183
20190304,24400,양파,704
20190304,22500,토마토,263
20190305,23100,무,577
20190305,23200,당근,177
20190305,24400,양파,639
20190305,22500,토마토,146
20190305,15100,고구마,136
20190306,23100,무,538
20190306,23200,당근,121
20190306,24400,양파,697
20190306,22500,토마토,183
20190306,15100,고구마,147
20190307,23100,무,566
20190307,23200,당근,194
20190307,24400,양파,641
20190307,22500,토마토,162
20190307,15100,고구마,109
20190308,23100,무,548
20190308,23200,당근,130
20190308,24400,양파,757
20190308,22500,토마토,243
20190308,15100,고구마,97
20190309,23100,무,557
20190309,23200,당근,170
20190309,24400,양파,653
20190309,22500,토마토,175
20190309,15100,고구마,70
20190311,23100,무,500
20190311,23200,당근,245
20190311,15100,고구마,174
20190311,24400,양파,793
20190311,22500,토마토,234
20190312,22500,토마토,154
20190312,15100,고구마,87
20190312,23100,무,484
20190312,23200,당근,239
20190312,24400,양파,584
20190313,23100,무,379
20190313,23200,당근,173
20190313,24400,양파,594
20190313,15100,고구마,130
20190313,22500,토마토,187
20190314,23100,무,498
20190314,23200,당근,202
20190314,24400,양파,590
20190314,22500,토마토,144
20190314,15100,고구마,62
20190315,23100,무,555
20190315,23200,당근,190
20190315,24400,양파,878
20190315,22500,토마토,219
20190315,15100,고구마,124
20190316,23100,무,526
20190316,23200,당근,108
20190316,24400,양파,836
20190316,22500,토마토,170
20190316,15100,고구마,74
20190318,23100,무,536
20190318,23200,당근,279
20190318,24400,양파,933
20190318,22500,토마토,247
20190318,15100,고구마,190
20190319,23200,당근,143
20190319,24400,양파,948
20190319,22500,토마토,170
20190319,15100,고구마,121
20190319,23100,무,596
20190320,23100,무,576
20190320,23200,당근,171
20190320,24400,양파,707
20190320,22500,토마토,202
20190320,15100,고구마,148
20190321,24400,양파,824
20190321,22500,토마토,163
20190321,15100,고구마,89
20190321,23100,무,450
20190321,23200,당근,120
20190322,23100,무,601
20190322,23200,당근,197
20190322,24400,양파,663
20190322,22500,토마토,257
20190322,15100,고구마,147
20190323,15100,고구마,71
20190323,23100,무,434
20190323,23200,당근,115
20190323,24400,양파,566
20190323,22500,토마토,196
20190325,23100,무,452
20190325,23200,당근,242
20190325,24400,양파,691
20190325,22500,토마토,275
20190325,15100,고구마,189
20190326,23100,무,450
20190326,23200,당근,187
20190326,24400,양파,586
20190326,22500,토마토,195
20190326,15100,고구마,86
20190327,22500,토마토,199
20190327,15100,고구마,130
20190327,23100,무,448
20190327,24400,양파,710
20190327,23200,당근,143
20190328,23100,무,487
20190328,23200,당근,86
20190328,24400,양파,614
20190328,15100,고구마,83
20190328,22500,토마토,181
20190329,23100,무,508
20190329,23200,당근,87
20190329,24400,양파,629
20190329,22500,토마토,257
20190329,15100,고구마,109
20190330,23100,무,387
20190330,23200,당근,164
20190330,24400,양파,667
20190330,15100,고구마,36
20190330,22500,토마토,244
20190401,23100,무,512
20190401,23200,당근,294
20190401,24400,양파,728
20190401,22500,토마토,305
20190401,15100,고구마,132
20190402,23100,무,506
20190402,23200,당근,164
20190402,15100,고구마,87
20190402,24400,양파,749
20190402,22500,토마토,220
20190403,23100,무,589
20190403,23200,당근,138
20190403,24400,양파,726
20190403,22500,토마토,221
20190403,15100,고구마,112
20190404,23100,무,724
20190404,23200,당근,146
20190404,24400,양파,792
20190404,15100,고구마,90
20190404,22500,토마토,194
20190405,23100,무,622
20190405,23200,당근,143
20190405,15100,고구마,112
20190405,24400,양파,1092
20190405,22500,토마토,282
20190406,23100,무,432
20190406,23200,당근,37
20190406,24400,양파,937
20190406,22500,토마토,232
20190406,15100,고구마,82
20190408,23100,무,528
20190408,23200,당근,187
20190408,24400,양파,587
20190408,22500,토마토,293
20190408,15100,고구마,160
20190409,23100,무,514
20190409,23200,당근,123
20190409,24400,양파,561
20190409,22500,토마토,227
20190409,15100,고구마,122
20190410,22500,토마토,254
20190410,23100,무,410
20190410,23200,당근,139
20190410,24400,양파,661
20190410,15100,고구마,131
20190411,23100,무,396
20190411,23200,당근,150
20190411,24400,양파,758
20190411,22500,토마토,193
20190411,15100,고구마,103
20190412,23100,무,263
20190412,23200,당근,152
20190412,24400,양파,575
20190412,22500,토마토,273
20190412,15100,고구마,103
20190413,23100,무,350
20190413,23200,당근,65
20190413,24400,양파,735
20190413,22500,토마토,228
20190413,15100,고구마,66
20190415,23100,무,644
20190415,23200,당근,222
20190415,24400,양파,1067
20190415,22500,토마토,325
20190415,15100,고구마,122
20190416,22500,토마토,237
20190416,15100,고구마,92
20190416,23100,무,619
20190416,23200,당근,174
20190416,24400,양파,836
20190417,23100,무,655
20190417,23200,당근,246
20190417,24400,양파,895
20190417,22500,토마토,269
20190417,15100,고구마,100
20190418,23100,무,508
20190418,23200,당근,107
20190418,24400,양파,775
20190418,22500,토마토,224
20190418,15100,고구마,87
20190419,23100,무,488
20190419,23200,당근,177
20190419,24400,양파,884
20190419,22500,토마토,301
20190419,15100,고구마,91
20190420,23100,무,489
20190420,23200,당근,73
20190420,24400,양파,787
20190420,22500,토마토,242
20190420,15100,고구마,37
20190422,22500,토마토,332
20190422,15100,고구마,97
20190422,23100,무,452
20190422,23200,당근,204
20190422,24400,양파,1116
20190423,23100,무,466
20190423,23200,당근,136
20190423,24400,양파,741
20190423,22500,토마토,313
20190423,15100,고구마,82
20190424,23100,무,384
20190424,23200,당근,134
20190424,24400,양파,701
20190424,22500,토마토,288
20190424,15100,고구마,104
20190425,23100,무,527
20190425,23200,당근,134
20190425,24400,양파,1145
20190425,22500,토마토,243
20190425,15100,고구마,83
20190426,15100,고구마,81
20190426,23100,무,467
20190426,23200,당근,102
20190426,24400,양파,927
20190426,22500,토마토,305
20190427,23100,무,299
20190427,23200,당근,69
20190427,24400,양파,657
20190427,22500,토마토,268
20190427,15100,고구마,85
20190429,15100,고구마,84
20190429,23100,무,506
20190429,23200,당근,149
20190429,24400,양파,818
20190429,22500,토마토,340
20190430,23100,무,475
20190430,23200,당근,314
20190430,24400,양파,1140
20190430,22500,토마토,258
20190430,15100,고구마,60
20190501,22500,토마토,284
20190501,15100,고구마,75
20190501,23100,무,406
20190501,23200,당근,156
20190501,24400,양파,819
20190502,24400,양파,811
20190502,22500,토마토,265
20190502,15100,고구마,65
20190502,23100,무,472
20190502,23200,당근,186
20190503,23100,무,491
20190503,23200,당근,148
20190503,24400,양파,1082
20190503,22500,토마토,359
20190503,15100,고구마,100
20190504,23100,무,371
20190504,23200,당근,64
20190504,22500,토마토,277
20190504,15100,고구마,60
20190504,24400,양파,1064
20190506,23100,무,617
20190506,23200,당근,173
20190506,24400,양파,1303
20190506,15100,고구마,88
20190506,22500,토마토,398
20190507,22500,토마토,280
20190507,15100,고구마,62
20190507,23200,당근,195
20190507,24400,양파,1143
20190507,23100,무,554
20190508,23100,무,520
20190508,23200,당근,141
20190508,24400,양파,1020
20190508,22500,토마토,303
20190508,15100,고구마,81
20190509,23100,무,433
20190509,23200,당근,137
20190509,24400,양파,1183
20190509,15100,고구마,76
20190509,22500,토마토,274
20190510,24400,양파,1059
20190510,23100,무,489
20190510,23200,당근,109
20190510,22500,토마토,369
20190510,15100,고구마,78
20190511,23200,당근,48
20190511,24400,양파,1188
20190511,22500,토마토,310
20190511,15100,고구마,64
20190511,23100,무,326
20190513,23100,무,577
20190513,23200,당근,153
20190513,24400,양파,1331
20190513,22500,토마토,423
20190513,15100,고구마,91
20190514,23100,무,565
20190514,23200,당근,168
20190514,24400,양파,1230
20190514,22500,토마토,361
20190514,15100,고구마,91
20190515,23100,무,432
20190515,23200,당근,154
20190515,24400,양파,949
20190515,22500,토마토,345
20190515,15100,고구마,91
20190516,23100,무,478
20190516,23200,당근,129
20190516,24400,양파,1224
20190516,22500,토마토,317
20190516,15100,고구마,51
20190517,23100,무,362
20190517,23200,당근,268
20190517,24400,양파,1062
20190517,22500,토마토,381
20190517,15100,고구마,93
20190518,23100,무,396
20190518,23200,당근,51
20190518,24400,양파,814
20190518,22500,토마토,307
20190518,15100,고구마,34
20190520,23100,무,724
20190520,23200,당근,172
20190520,24400,양파,958
20190520,22500,토마토,418
20190520,15100,고구마,82
20190521,24400,양파,957
20190521,22500,토마토,347
20190521,15100,고구마,46
20190521,23100,무,594
20190521,23200,당근,153
20190522,22500,토마토,355
20190522,15100,고구마,92
20190522,23100,무,575
20190522,24400,양파,900
20190522,23200,당근,155
20190523,23100,무,608
20190523,23200,당근,193
20190523,24400,양파,1074
20190523,22500,토마토,316
20190523,15100,고구마,58
20190524,22500,토마토,385
20190524,15100,고구마,60
20190524,23100,무,521
20190524,23200,당근,119
20190524,24400,양파,1404
20190525,23100,무,320
20190525,23200,당근,52
20190525,24400,양파,1105
20190525,22500,토마토,310
20190525,15100,고구마,35
20190527,23100,무,555
20190527,23200,당근,225
20190527,24400,양파,1327
20190527,22500,토마토,402
20190527,15100,고구마,107
20190528,23100,무,440
20190528,23200,당근,117
20190528,24400,양파,839
20190528,22500,토마토,253
20190528,15100,고구마,54
20190529,23100,무,635
20190529,23200,당근,154
20190529,24400,양파,1391
20190529,22500,토마토,284
20190529,15100,고구마,101
20190530,22500,토마토,262
20190530,15100,고구마,49
20190530,23100,무,575
20190530,23200,당근,129
20190530,24400,양파,892
20190531,15100,고구마,70
20190531,23100,무,567
20190531,23200,당근,307
20190531,24400,양파,1275
20190531,22500,토마토,324
20190601,23100,무,470
20190601,23200,당근,52
20190601,24400,양파,851
20190601,22500,토마토,331
20190601,15100,고구마,41
20190603,23100,무,483
20190603,23200,당근,196
20190603,24400,양파,1587
20190603,22500,토마토,455
20190603,15100,고구마,93
20190604,22500,토마토,348
20190604,15100,고구마,60
20190604,23100,무,440
20190604,23200,당근,148
20190604,24400,양파,1268
20190605,24400,양파,1237
20190605,22500,토마토,338
20190605,15100,고구마,105
20190605,23100,무,402
20190605,23200,당근,216
20190606,23100,무,451
20190606,23200,당근,153
20190606,24400,양파,1341
20190606,22500,토마토,266
20190606,15100,고구마,80
20190607,23100,무,420
20190607,23200,당근,121
20190607,24400,양파,807
20190607,22500,토마토,280
20190607,15100,고구마,81
20190608,23100,무,432
20190608,23200,당근,56
20190608,24400,양파,817
20190608,22500,토마토,244
20190608,15100,고구마,22
20190610,23100,무,597
20190610,23200,당근,108
20190610,24400,양파,1235
20190610,22500,토마토,385
20190610,15100,고구마,68
20190611,23100,무,521
20190611,23200,당근,176
20190611,24400,양파,971
20190611,22500,토마토,337
20190611,15100,고구마,93
20190612,23100,무,669
20190612,23200,당근,136
20190612,24400,양파,1082
20190612,22500,토마토,298
20190612,15100,고구마,64
20190613,23100,무,505
20190613,23200,당근,172
20190613,24400,양파,911
20190613,22500,토마토,274
20190613,15100,고구마,57
20190614,23100,무,359
20190614,23200,당근,159
20190614,24400,양파,1196
20190614,22500,토마토,331
20190614,15100,고구마,71
20190615,22500,토마토,319
20190615,15100,고구마,24
20190615,23100,무,334
20190615,23200,당근,54
20190615,24400,양파,745
20190617,23200,당근,327
20190617,24400,양파,1270
20190617,22500,토마토,362
20190617,15100,고구마,93
20190617,23100,무,413
20190618,23100,무,436
20190618,23200,당근,148
20190618,24400,양파,846
20190618,15100,고구마,64
20190618,22500,토마토,333
20190619,23100,무,484
20190619,23200,당근,140
20190619,24400,양파,761
20190619,22500,토마토,309
20190619,15100,고구마,61
20190620,23100,무,482
20190620,23200,당근,180
20190620,24400,양파,824
20190620,15100,고구마,80
20190620,22500,토마토,297
20190621,23100,무,440
20190621,23200,당근,138
20190621,24400,양파,1175
20190621,22500,토마토,360
20190621,15100,고구마,84
20190622,23200,당근,45
20190622,23100,무,458
20190622,24400,양파,646
20190622,22500,토마토,329
20190622,15100,고구마,53
20190624,23100,무,370
20190624,23200,당근,149
20190624,24400,양파,773
20190624,22500,토마토,383
20190624,15100,고구마,101
20190625,23100,무,567
20190625,23200,당근,191
20190625,24400,양파,1041
20190625,22500,토마토,320
20190625,15100,고구마,79
20190626,22500,토마토,303
20190626,15100,고구마,87
20190626,23100,무,471
20190626,23200,당근,159
20190626,24400,양파,935
20190627,23100,무,421
20190627,23200,당근,138
20190627,24400,양파,623
20190627,22500,토마토,223
20190627,15100,고구마,36
20190628,22500,토마토,278
20190628,15100,고구마,70
20190628,23100,무,393
20190628,23200,당근,122
20190628,24400,양파,854
20190629,23100,무,633
20190629,23200,당근,44
20190629,24400,양파,967
20190629,22500,토마토,281
20190629,15100,고구마,39
20190701,24400,양파,957
20190701,22500,토마토,361
20190701,15100,고구마,99
20190701,23100,무,548
20190701,23200,당근,190
20190702,23100,무,511
20190702,23200,당근,164
20190702,22500,토마토,279
20190702,15100,고구마,93
20190702,24400,양파,726
20190703,23100,무,556
20190703,23200,당근,164
20190703,24400,양파,1000
20190703,22500,토마토,284
20190703,15100,고구마,70
20190704,23100,무,401
20190704,23200,당근,156
20190704,24400,양파,617
20190704,22500,토마토,221
20190704,15100,고구마,44
20190705,23100,무,412
20190705,23200,당근,100
20190705,24400,양파,829
20190705,22500,토마토,233
20190705,15100,고구마,75
20190706,15100,고구마,37
20190706,22500,토마토,236
20190706,23100,무,341
20190706,23200,당근,47
20190706,24400,양파,584
20190708,23100,무,419
20190708,23200,당근,123
20190708,24400,양파,730
20190708,22500,토마토,285
20190708,15100,고구마,88
20190709,23100,무,409
20190709,23200,당근,212
20190709,24400,양파,692
20190709,22500,토마토,231
20190709,15100,고구마,54
20190710,23200,당근,180
20190710,23100,무,450
20190710,24400,양파,683
20190710,22500,토마토,210
20190710,15100,고구마,74
20190711,23100,무,347
20190711,23200,당근,129
20190711,24400,양파,464
20190711,22500,토마토,188
20190711,15100,고구마,47
20190712,24400,양파,530
20190712,22500,토마토,243
20190712,15100,고구마,81
20190712,23100,무,642
20190712,23200,당근,131
20190713,23100,무,320
20190713,23200,당근,38
20190713,24400,양파,630
20190713,15100,고구마,47
20190713,22500,토마토,279
20190715,23100,무,611
20190715,23200,당근,145
20190715,24400,양파,718
20190715,22500,토마토,296
20190715,15100,고구마,79
20190716,23100,무,408
20190716,23200,당근,187
20190716,24400,양파,789
20190716,15100,고구마,53
20190716,22500,토마토,233
20190717,22500,토마토,192
20190717,15100,고구마,74
20190717,23100,무,389
20190717,23200,당근,200
20190717,24400,양파,699
20190718,23100,무,549
20190718,23200,당근,129
20190718,24400,양파,612
20190718,22500,토마토,179
20190718,15100,고구마,70
20190719,23100,무,508
20190719,23200,당근,120
20190719,24400,양파,571
20190719,22500,토마토,208
20190719,15100,고구마,78
20190720,23100,무,491
20190720,23200,당근,52
20190720,24400,양파,563
20190720,22500,토마토,198
20190720,15100,고구마,38
20190722,23100,무,410
20190722,23200,당근,197
20190722,24400,양파,674
20190722,22500,토마토,214
20190722,15100,고구마,106
20190723,23100,무,578
20190723,23200,당근,211
20190723,24400,양파,582
20190723,22500,토마토,191
20190723,15100,고구마,65
20190724,23100,무,518
20190724,23200,당근,167
20190724,24400,양파,646
20190724,22500,토마토,202
20190724,15100,고구마,55
20190725,23100,무,507
20190725,23200,당근,120
20190725,24400,양파,655
20190725,22500,토마토,197
20190725,15100,고구마,49
20190726,23100,무,351
20190726,23200,당근,89
20190726,24400,양파,546
20190726,22500,토마토,195
20190726,15100,고구마,60
20190727,23100,무,141
20190727,23200,당근,45
20190727,24400,양파,431
20190727,22500,토마토,198
20190727,15100,고구마,17
20190729,15100,고구마,76
20190729,23100,무,435
20190729,23200,당근,148
20190729,24400,양파,618
20190729,22500,토마토,281
20190730,23100,무,672
20190730,23200,당근,136
20190730,24400,양파,509
20190730,22500,토마토,240
20190730,15100,고구마,36
20190731,23100,무,515
20190731,23200,당근,288
20190731,24400,양파,604
20190731,22500,토마토,233
20190731,15100,고구마,72
20190801,23100,무,481
20190801,23200,당근,198
20190801,24400,양파,597
20190801,22500,토마토,239
20190801,15100,고구마,54
20190802,23100,무,307
20190802,23200,당근,117
20190802,24400,양파,672
20190802,22500,토마토,248
20190802,15100,고구마,63
20190805,23100,무,672
20190805,23200,당근,176
20190805,24400,양파,850
20190805,22500,토마토,333
20190805,15100,고구마,117
20190806,23100,무,685
20190806,23200,당근,159
20190806,24400,양파,648
20190806,22500,토마토,246
20190806,15100,고구마,65
20190807,23100,무,588
20190807,23200,당근,149
20190807,24400,양파,658
20190807,22500,토마토,196
20190807,15100,고구마,100
20190808,23100,무,382
20190808,23200,당근,132
20190808,24400,양파,573
20190808,22500,토마토,161
20190808,15100,고구마,51
20190809,23100,무,444
20190809,23200,당근,88
20190809,24400,양파,552
20190809,15100,고구마,89
20190809,22500,토마토,213
20190810,23100,무,350
20190810,23200,당근,51
20190810,22500,토마토,261
20190810,24400,양파,609
20190810,15100,고구마,49
20190812,23100,무,500
20190812,23200,당근,184
20190812,24400,양파,702
20190812,22500,토마토,291
20190812,15100,고구마,108
20190813,23100,무,624
20190813,23200,당근,124
20190813,24400,양파,665
20190813,22500,토마토,247
20190813,15100,고구마,119
20190814,23100,무,508
20190814,23200,당근,167
20190814,22500,토마토,230
20190814,15100,고구마,117
20190814,24400,양파,775
20190815,23100,무,431
20190815,23200,당근,111
20190815,24400,양파,748
20190815,22500,토마토,176
20190815,15100,고구마,99
20190816,22500,토마토,189
20190816,15100,고구마,107
20190816,23100,무,348
20190816,23200,당근,153
20190816,24400,양파,648
20190817,23100,무,373
20190817,23200,당근,62
20190817,24400,양파,625
20190817,15100,고구마,87
20190817,22500,토마토,232
20190819,23200,당근,267
20190819,23100,무,588
20190819,24400,양파,809
20190819,15100,고구마,170
20190819,22500,토마토,301
20190820,15100,고구마,139
20190820,23100,무,595
20190820,23200,당근,158
20190820,22500,토마토,258
20190820,24400,양파,762
20190821,23100,무,558
20190821,23200,당근,151
20190821,24400,양파,724
20190821,22500,토마토,239
20190821,15100,고구마,138
20190822,23100,무,473
20190822,23200,당근,167
20190822,24400,양파,867
20190822,22500,토마토,216
20190822,15100,고구마,153
20190823,23100,무,642
20190823,23200,당근,160
20190823,24400,양파,637
20190823,15100,고구마,157
20190823,22500,토마토,206
20190824,24400,양파,616
20190824,22500,토마토,230
20190824,15100,고구마,113
20190824,23100,무,491
20190824,23200,당근,52
20190826,23100,무,623
20190826,23200,당근,214
20190826,24400,양파,837
20190826,22500,토마토,282
20190826,15100,고구마,240
20190827,23100,무,507
20190827,23200,당근,244
20190827,24400,양파,678
20190827,22500,토마토,195
20190827,15100,고구마,179
20190828,23100,무,558
20190828,23200,당근,222
20190828,24400,양파,668
20190828,15100,고구마,158
20190828,22500,토마토,184
20190829,24400,양파,804
20190829,22500,토마토,159
20190829,15100,고구마,140
20190829,23100,무,551
20190829,23200,당근,181
20190830,23100,무,668
20190830,23200,당근,91
20190830,24400,양파,733
20190830,22500,토마토,212
20190830,15100,고구마,152
20190831,23100,무,576
20190831,23200,당근,67
20190831,24400,양파,813
20190831,22500,토마토,187
20190831,15100,고구마,100
20190902,23100,무,849
20190902,23200,당근,317
20190902,22500,토마토,260
20190902,24400,양파,838
20190902,15100,고구마,191
20190903,23100,무,680
20190903,23200,당근,223
20190903,24400,양파,852
20190903,22500,토마토,184
20190903,15100,고구마,176
20190904,23100,무,642
20190904,23200,당근,270
20190904,15100,고구마,231
20190904,22500,토마토,158
20190904,24400,양파,913
20190905,24400,양파,912
20190905,22500,토마토,129
20190905,15100,고구마,174
20190905,23100,무,690
20190905,23200,당근,158
20190906,23100,무,884
20190906,23200,당근,180
20190906,22500,토마토,154
20190906,15100,고구마,192
20190906,24400,양파,875
20190907,22500,토마토,175
20190907,15100,고구마,110
20190907,24400,양파,654
20190907,23100,무,564
20190907,23200,당근,92
20190909,23100,무,1156
20190909,23200,당근,242
20190909,24400,양파,810
20190909,15100,고구마,101
20190909,22500,토마토,227
20190910,23100,무,957
20190910,23200,당근,284
20190910,24400,양파,770
20190910,22500,토마토,191
20190910,15100,고구마,125
20190911,23200,당근,197
20190911,24400,양파,861
20190911,22500,토마토,233
20190911,15100,고구마,46
20190911,23100,무,946
20190912,15100,고구마,12
20190912,22500,토마토,151
20190912,23100,무,313
20190912,23200,당근,1
20190916,23100,무,827
20190916,23200,당근,194
20190916,24400,양파,499
20190916,22500,토마토,339
20190916,15100,고구마,108
20190917,23100,무,739
20190917,23200,당근,267
20190917,24400,양파,693
20190917,22500,토마토,285
20190917,15100,고구마,163
20190918,15100,고구마,176
20190918,23100,무,528
20190918,23200,당근,181
20190918,24400,양파,838
20190918,22500,토마토,212
20190919,15100,고구마,133
20190919,23100,무,592
20190919,23200,당근,190
20190919,22500,토마토,205
20190919,24400,양파,765
20190920,24400,양파,780
20190920,23100,무,439
20190920,23200,당근,184
20190920,22500,토마토,198
20190920,15100,고구마,157
20190921,23100,무,513
20190921,23200,당근,42
20190921,24400,양파,746
20190921,22500,토마토,217
20190921,15100,고구마,153
20190923,23100,무,664
20190923,23200,당근,137
20190923,24400,양파,629
20190923,15100,고구마,194
20190923,22500,토마토,174
20190924,22500,토마토,174
20190924,15100,고구마,219
20190924,24400,양파,833
20190924,23100,무,449
20190924,23200,당근,248
20190925,23100,무,714
20190925,23200,당근,152
20190925,24400,양파,729
20190925,22500,토마토,179
20190925,15100,고구마,204
20190926,24400,양파,898
20190926,22500,토마토,146
20190926,15100,고구마,176
20190926,23100,무,708
20190926,23200,당근,111
20190927,24400,양파,798
20190927,23100,무,539
20190927,23200,당근,225
20190927,15100,고구마,146
20190927,22500,토마토,163
20190928,23100,무,366
20190928,23200,당근,58
20190928,24400,양파,562
20190928,22500,토마토,194
20190928,15100,고구마,156
20190930,23100,무,432
20190930,23200,당근,319
20190930,22500,토마토,181
20190930,24400,양파,831
20190930,15100,고구마,205
20191001,23100,무,452
20191001,23200,당근,252
20191001,15100,고구마,167
20191001,24400,양파,718
20191001,22500,토마토,164
20191002,23100,무,609
20191002,23200,당근,171
20191002,24400,양파,776
20191002,15100,고구마,129
20191002,22500,토마토,145
20191003,15100,고구마,132
20191003,22500,토마토,99
20191003,24400,양파,571
20191003,23100,무,317
20191003,23200,당근,118
20191004,23200,당근,98
20191004,23100,무,411
20191004,24400,양파,614
20191004,15100,고구마,168
20191004,22500,토마토,128
20191005,23100,무,483
20191005,23200,당근,57
20191005,24400,양파,625
20191005,15100,고구마,118
20191005,22500,토마토,160
20191007,23200,당근,151
20191007,23100,무,695
20191007,22500,토마토,249
20191007,24400,양파,652
20191007,15100,고구마,153
20191008,23100,무,509
20191008,24400,양파,777
20191008,23200,당근,212
20191008,22500,토마토,194
20191008,15100,고구마,153
20191009,15100,고구마,177
20191009,22500,토마토,184
20191009,24400,양파,798
20191009,23200,당근,228
20191009,23100,무,651
20191010,23100,무,493
20191010,23200,당근,133
20191010,24400,양파,598
20191010,22500,토마토,157
20191010,15100,고구마,117
20191011,24400,양파,659
20191011,22500,토마토,188
20191011,15100,고구마,98
20191011,23100,무,555
20191011,23200,당근,146
20191012,22500,토마토,184
20191012,15100,고구마,79
20191012,23100,무,449
20191012,24400,양파,638
20191012,23200,당근,49
20191014,24400,양파,762
20191014,23100,무,598
20191014,23200,당근,139
20191014,22500,토마토,213
20191014,15100,고구마,185
20191015,23100,무,525
20191015,23200,당근,155
20191015,24400,양파,791
20191015,15100,고구마,128
20191015,22500,토마토,167
20191016,23100,무,484
20191016,23200,당근,210
20191016,24400,양파,729
20191016,15100,고구마,131
20191016,22500,토마토,163
20191017,15100,고구마,150
20191017,22500,토마토,135
20191017,24400,양파,691
20191017,23100,무,619
20191017,23200,당근,231
20191018,23100,무,556
20191018,24400,양파,820
20191018,23200,당근,142
20191018,22500,토마토,185
20191018,15100,고구마,136
20191019,23100,무,394
20191019,23200,당근,50
20191019,24400,양파,488
20191019,22500,토마토,162
20191019,15100,고구마,161
20191021,23100,무,571
20191021,23200,당근,169
20191021,24400,양파,774
20191021,15100,고구마,239
20191021,22500,토마토,174
20191022,23100,무,491
20191022,23200,당근,191
20191022,24400,양파,696
20191022,15100,고구마,154
20191022,22500,토마토,183
20191023,23100,무,554
20191023,23200,당근,154
20191023,24400,양파,607
20191023,15100,고구마,141
20191023,22500,토마토,138
20191024,23100,무,476
20191024,23200,당근,249
20191024,24400,양파,567
20191024,22500,토마토,143
20191024,15100,고구마,121
20191025,23100,무,627
20191025,22500,토마토,153
20191025,15100,고구마,130
20191025,23200,당근,134
20191025,24400,양파,766
20191026,23100,무,472
20191026,15100,고구마,116
20191026,22500,토마토,134
20191026,23200,당근,44
20191026,24400,양파,621
20191028,15100,고구마,131
20191028,23100,무,446
20191028,23200,당근,173
20191028,24400,양파,711
20191028,22500,토마토,154
20191029,23100,무,476
20191029,23200,당근,157
20191029,24400,양파,658
20191029,15100,고구마,115
20191029,22500,토마토,156
20191030,15100,고구마,124
20191030,22500,토마토,129
20191030,23100,무,314
20191030,23200,당근,117
20191030,24400,양파,663
20191031,23200,당근,208
20191031,23100,무,482
20191031,22500,토마토,119
20191031,15100,고구마,103
20191031,24400,양파,770
20191101,24400,양파,738
20191101,23100,무,455
20191101,23200,당근,144
20191101,15100,고구마,109
20191101,22500,토마토,146
20191102,22500,토마토,134
20191102,15100,고구마,93
20191102,24400,양파,707
20191102,23100,무,403
20191102,23200,당근,59
20191104,24400,양파,671
20191104,23100,무,497
20191104,23200,당근,170
20191104,15100,고구마,151
20191104,22500,토마토,177
20191105,23100,무,275
20191105,23200,당근,140
20191105,24400,양파,619
20191105,22500,토마토,143
20191105,15100,고구마,122
20191106,23100,무,397
20191106,23200,당근,185
20191106,24400,양파,594
20191106,15100,고구마,148
20191106,22500,토마토,138
20191107,23100,무,453
20191107,23200,당근,91
20191107,24400,양파,705
20191107,22500,토마토,118
20191107,15100,고구마,94
20191108,23100,무,397
20191108,23200,당근,112
20191108,24400,양파,746
20191108,22500,토마토,165
20191108,15100,고구마,114
20191109,23100,무,358
20191109,23200,당근,75
20191109,24400,양파,644
20191109,22500,토마토,123
20191109,15100,고구마,86
20191111,23100,무,383
20191111,23200,당근,154
20191111,24400,양파,681
20191111,22500,토마토,178
20191111,15100,고구마,118
20191112,23100,무,291
20191112,23200,당근,108
20191112,24400,양파,779
20191112,22500,토마토,112
20191112,15100,고구마,123
20191113,23100,무,211
20191113,23200,당근,123
20191113,24400,양파,690
20191113,22500,토마토,133
20191113,15100,고구마,118
20191114,23100,무,209
20191114,23200,당근,128
20191114,24400,양파,694
20191114,22500,토마토,103
20191114,15100,고구마,98
20191115,15100,고구마,92
20191115,22500,토마토,149
20191115,23100,무,212
20191115,23200,당근,102
20191115,24400,양파,697
20191116,23100,무,279
20191116,23200,당근,53
20191116,24400,양파,625
20191116,15100,고구마,76
20191116,22500,토마토,132
20191118,23100,무,303
20191118,23200,당근,198
20191118,24400,양파,605
20191118,22500,토마토,176
20191118,15100,고구마,123
20191119,23100,무,481
20191119,23200,당근,126
20191119,24400,양파,600
20191119,15100,고구마,100
20191119,22500,토마토,99
20191120,23100,무,337
20191120,23200,당근,213
20191120,15100,고구마,131
20191120,22500,토마토,128
20191120,24400,양파,783
20191121,15100,고구마,124
20191121,22500,토마토,81
20191121,23100,무,187
20191121,23200,당근,114
20191121,24400,양파,773
20191122,24400,양파,749
20191122,15100,고구마,110
20191122,22500,토마토,152
20191122,23100,무,317
20191122,23200,당근,133
20191123,23100,무,361
20191123,23200,당근,58
20191123,24400,양파,660
20191123,22500,토마토,100
20191123,15100,고구마,60
20191125,23100,무,267
20191125,23200,당근,144
20191125,24400,양파,601
20191125,15100,고구마,130
20191125,22500,토마토,160
20191126,23100,무,292
20191126,23200,당근,129
20191126,24400,양파,618
20191126,22500,토마토,119
20191126,15100,고구마,112
20191127,23100,무,192
20191127,23200,당근,119
20191127,24400,양파,583
20191127,22500,토마토,119
20191127,15100,고구마,124
20191128,15100,고구마,113
20191128,22500,토마토,97
20191128,23100,무,308
20191128,23200,당근,150
20191128,24400,양파,608
20191129,23100,무,265
20191129,23200,당근,134
20191129,24400,양파,593
20191129,22500,토마토,144
20191129,15100,고구마,143
20191130,23100,무,295
20191130,23200,당근,50
20191130,24400,양파,625
20191130,22500,토마토,121
20191130,15100,고구마,70
20191202,23100,무,326
20191202,23200,당근,197
20191202,24400,양파,609
20191202,15100,고구마,145
20191202,22500,토마토,151
20191203,23200,당근,108
20191203,24400,양파,675
20191203,23100,무,207
20191203,15100,고구마,158
20191203,22500,토마토,102
20191204,23100,무,270
20191204,24400,양파,697
20191204,22500,토마토,124
20191204,15100,고구마,133
20191204,23200,당근,145
20191205,23100,무,314
20191205,23200,당근,180
20191205,24400,양파,639
20191205,15100,고구마,192
20191205,22500,토마토,88
20191206,23100,무,212
20191206,23200,당근,118
20191206,24400,양파,667
20191206,22500,토마토,143
20191206,15100,고구마,177
20191207,23100,무,163
20191207,23200,당근,53
20191207,24400,양파,527
20191207,15100,고구마,60
20191207,22500,토마토,100
20191209,23100,무,364
20191209,23200,당근,143
20191209,24400,양파,673
20191209,15100,고구마,151
20191209,22500,토마토,145
20191210,23100,무,452
20191210,23200,당근,146
20191210,24400,양파,698
20191210,15100,고구마,184
20191210,22500,토마토,119
20191211,23100,무,475
20191211,22500,토마토,109
20191211,15100,고구마,168
20191211,24400,양파,759
20191211,23200,당근,137
20191212,23100,무,405
20191212,23200,당근,132
20191212,24400,양파,631
20191212,22500,토마토,100
20191212,15100,고구마,174
20191213,23100,무,397
20191213,23200,당근,167
20191213,24400,양파,698
20191213,15100,고구마,135
20191213,22500,토마토,170
20191214,23100,무,261
20191214,23200,당근,73
20191214,24400,양파,630
20191214,22500,토마토,112
20191214,15100,고구마,115
20191216,23100,무,349
20191216,23200,당근,148
20191216,24400,양파,687
20191216,15100,고구마,212
20191216,22500,토마토,176
20191217,23100,무,367
20191217,23200,당근,142
20191217,24400,양파,617
20191217,22500,토마토,117
20191217,15100,고구마,191
20191218,23100,무,347
20191218,23200,당근,129
20191218,24400,양파,750
20191218,22500,토마토,137
20191218,15100,고구마,168
20191219,23100,무,406
20191219,23200,당근,108
20191219,24400,양파,546
20191219,22500,토마토,91
20191219,15100,고구마,132
20191220,15100,고구마,167
20191220,23100,무,428
20191220,23200,당근,126
20191220,24400,양파,634
20191220,22500,토마토,179
20191221,23100,무,368
20191221,23200,당근,105
20191221,24400,양파,552
20191221,15100,고구마,110
20191221,22500,토마토,101
20191223,23100,무,519
20191223,23200,당근,264
20191223,24400,양파,719
20191223,22500,토마토,145
20191223,15100,고구마,153
20191224,23200,당근,127
20191224,24400,양파,548
20191224,23100,무,498
20191224,15100,고구마,146
20191224,22500,토마토,130
20191225,23100,무,433
20191225,23200,당근,164
20191225,24400,양파,647
20191225,22500,토마토,106
20191225,15100,고구마,145
20191226,23100,무,446
20191226,23200,당근,150
20191226,24400,양파,672
20191226,22500,토마토,71
20191226,15100,고구마,83
20191227,23100,무,378
20191227,23200,당근,138
20191227,24400,양파,697
20191227,22500,토마토,165
20191227,15100,고구마,126
20191228,23200,당근,64
20191228,24400,양파,653
20191228,22500,토마토,90
20191228,23100,무,280
20191228,15100,고구마,91
20191230,23100,무,399
20191230,24400,양파,759
20191230,23200,당근,205
20191230,22500,토마토,161
20191230,15100,고구마,152
20191231,23100,무,412
20191231,23200,당근,135
20191231,24400,양파,728
20191231,22500,토마토,123
20191231,15100,고구마,80
