"DataSplit","Date","Close","Close_lag","Close_MA7","Volume_lag","Dow_lag","Exch_lag","ex_Diff"
0,2016-01-05,1930.53,1918.76,1918.76,359018,17148.93945,1190.4,0.0127
0,2016-01-06,1925.43,1930.53,1924.645,446548,17158.66016,1190.8,4e-04
0,2016-01-07,1904.33,1925.43,1924.90666666667,594612,16906.50977,1200.5,0.0082
0,2016-01-08,1917.62,1904.33,1919.7625,393042,16514.09961,1197.3,-0.0027
0,2016-01-11,1894.84,1917.62,1919.334,430204,16346.4502,1207.9,0.0089
0,2016-01-12,1890.86,1894.84,1915.25166666667,328768,16398.57031,1204.8,-0.0026
0,2016-01-13,1916.28,1890.86,1911.76714285714,295135,16516.2207,1210.3,0.0046
0,2016-01-14,1900.01,1916.28,1911.41285714286,265221,16151.41016,1210.2,-1e-04
0,2016-01-15,1878.87,1900.01,1907.05285714286,310978,16379.04981,1207.7,-0.0021
0,2016-01-18,1878.45,1878.87,1900.40142857143,312359,15988.08008,1214.8,0.0059
0,2016-01-20,1845.45,1889.64,1892.70714285714,335321,16016.01953,1207.5,-0.0034
0,2016-01-21,1840.53,1845.45,1885.65142857143,407298,15766.74023,1209.3,0.0015
0,2016-01-22,1879.43,1840.53,1878.46142857143,433741,15882.67969,1203.8,-0.0045
0,2016-01-25,1893.43,1879.43,1873.19714285714,408460,16093.50977,1197.6,-0.0051
0,2016-01-26,1871.69,1893.43,1872.25714285714,315303,15885.21973,1199.7,0.0018
0,2016-01-27,1897.87,1871.69,1871.23142857143,298824,16167.23047,1198.2,-0.0013
0,2016-01-28,1906.94,1897.87,1874.00571428571,348905,15944.45996,1208.8,0.0088
0,2016-01-29,1912.06,1906.94,1876.47714285714,354305,16069.63965,1207.7,-9e-04
0,2016-02-01,1924.82,1912.06,1885.99285714286,386555,16466.30078,1208.1,3e-04
0,2016-02-02,1906.6,1924.82,1898.03428571429,440317,16449.17969,1202.8,-0.0044
0,2016-02-03,1890.67,1906.6,1901.91571428571,412273,16153.54004,1212.5,0.0081
0,2016-02-04,1916.26,1890.67,1901.52142857143,408594,16336.66016,1201.1,-0.0094
0,2016-02-05,1917.79,1916.26,1907.88857142857,365805,16416.58008,1191.9,-0.0077
0,2016-02-11,1861.54,1917.79,1910.73428571429,305766,16204.96973,1206.4,0.0121
0,2016-02-12,1835.28,1861.54,1904.24857142857,386428,15660.17969,1200.7,0.0098
0,2016-02-15,1862.2,1835.28,1893.28,470499,15973.83984,1207,0.0053
0,2016-02-17,1883.94,1888.3,1881.72,388318,16196.41016,1218.9,0.0034
0,2016-02-18,1908.84,1883.94,1880.75857142857,344628,16453.83008,1224.2,0.0044
0,2016-02-19,1916.24,1908.84,1879.69857142857,332576,16413.42969,1228.9,0.0038
0,2016-02-22,1916.36,1916.24,1879.47714285714,312197,16391.99023,1233.9,0.004
0,2016-02-23,1914.22,1916.36,1887.30857142857,267858,16620.66016,1224.4,-0.0076
0,2016-02-24,1912.53,1914.22,1898.58571428571,326810,16431.7793,1232,0.0062
0,2016-02-25,1918.57,1912.53,1905.77571428571,281600,16484.99023,1232.7,5e-04
0,2016-02-26,1920.16,1918.57,1910.1,305789,16697.28906,1235.2,0.002
0,2016-02-29,1916.66,1920.16,1915.27428571429,280216,16639.9707,1243.1,0.0064
0,2016-03-02,1947.42,1916.66,1916.39142857143,275051,16516.5,1238.2,-0.0039
0,2016-03-03,1958.17,1947.42,1920.84571428571,323352,16899.32031,1225.1,-0.0035
0,2016-03-04,1955.63,1958.17,1926.81857142857,420984,16943.90039,1212.1,-0.0106
0,2016-03-07,1957.87,1955.63,1932.73428571429,316418,17006.76953,1198.5,-0.0112
0,2016-03-08,1946.12,1957.87,1939.21142857143,344612,17073.94922,1199.9,0.0012
0,2016-03-09,1952.95,1946.12,1943.14714285714,358684,16964.09961,1210.2,0.0086
0,2016-03-10,1969.33,1952.95,1947.83142857143,355392,17000.35938,1209.9,-3e-04
0,2016-03-11,1971.41,1969.33,1955.35571428571,352325,16995.13086,1205.4,-0.0036
0,2016-03-14,1972.27,1971.41,1958.78285714286,303418,17213.31055,1187.9,-0.0146
0,2016-03-15,1969.97,1972.27,1960.79714285714,357078,17229.13086,1189.1,0.001
0,2016-03-16,1974.9,1969.97,1962.84571428571,264582,17251.5293,1194.9,0.005
0,2016-03-17,1987.99,1974.9,1965.27857142857,294460,17325.75977,1178.9,-0.0134
0,2016-03-18,1992.12,1987.99,1971.26,291577,17481.49023,1154.9,-0.0204
0,2016-03-21,1989.76,1992.12,1976.85571428571,385847,17602.30078,1164.3,0.0081
0,2016-03-22,1996.81,1989.76,1979.77428571429,323260,17623.86914,1161.3,-0.0026
0,2016-03-23,1995.12,1996.81,1983.40285714286,383752,17582.57031,1157.3,-0.0035
0,2016-03-24,1985.97,1995.12,1986.66714285714,367551,17502.58984,1168.9,0.01
0,2016-03-25,1983.81,1985.97,1988.95285714286,341173,17515.73047,1168.6,-3e-04
0,2016-03-29,1994.91,1982.54,1989.44714285714,410468,17535.39063,1166,-0.0026
0,2016-03-30,2002.14,1994.91,1989.84571428571,385453,17633.10938,1155.7,-0.0088
0,2016-03-31,1995.85,2002.14,1991.61428571429,368305,17716.66016,1143.9,-0.0103
0,2016-04-01,1973.57,1995.85,1991.47714285714,335073,17685.08984,1145,0.001
0,2016-04-04,1978.97,1973.57,1988.39857142857,392258,17792.75,1147.9,0.0026
0,2016-04-05,1962.74,1978.97,1987.39857142857,363317,17737,1152.2,0.0037
0,2016-04-06,1971.32,1962.74,1984.38857142857,368164,17603.32031,1160.8,0.0075
0,2016-04-07,1973.89,1971.32,1982.78571428571,358031,17716.05078,1155.8,-0.0043
0,2016-04-08,1972.05,1973.89,1979.78285714286,434061,17541.96094,1160.8,0.0043
0,2016-04-11,1970.37,1972.05,1975.48428571429,400616,17576.96094,1151.6,-0.0079
0,2016-04-12,1981.32,1970.37,1971.84428571429,379537,17556.41016,1142.6,-0.0078
0,2016-04-14,2015.93,1981.32,1972.95142857143,387318,17721.25,1143.9,0.0011
0,2016-04-15,2014.71,2015.93,1978.23142857143,473519,17926.42969,1153.7,0.0065
0,2016-04-18,2009.1,2014.71,1985.65571428571,317709,17897.46094,1147,-0.0059
0,2016-04-19,2011.36,2009.1,1991.05285714286,339248,18004.16016,1144.3,-0.0024
0,2016-04-20,2005.83,2011.36,1996.40571428571,401236,18053.59961,1129,-0.0134
0,2016-04-21,2022.1,2005.83,2001.23142857143,423964,18096.26953,1133.7,0.0042
0,2016-04-22,2015.49,2022.1,2008.62142857143,392096,17982.51953,1141.4,0.0067
0,2016-04-25,2014.55,2015.49,2013.50285714286,480470,18003.75,1150,0.0075
0,2016-04-26,2019.63,2014.55,2013.30571428571,397674,17977.24023,1151.2,0.0011
0,2016-04-27,2015.4,2019.63,2014.00857142857,509281,17990.32031,1147.9,-0.0029
0,2016-04-28,2000.93,2015.4,2014.90857142857,412802,18041.55078,1149,0.001
0,2016-04-29,1994.15,2000.93,2013.41857142857,341142,17830.75977,1137.6,-0.0099
0,2016-05-02,1978.15,1994.15,2011.75,401063,17773.64063,1144.8,0.0064
0,2016-05-03,1986.41,1978.15,2005.47142857143,328194,17891.16016,1137.1,-0.0068
0,2016-05-04,1976.71,1986.41,2001.31714285714,310492,17750.91016,1151.9,0.013
0,2016-05-09,1967.81,1976.71,1995.91142857143,352695,17651.25977,1167.1,0.0132
0,2016-05-10,1982.5,1967.81,1988.50857142857,342189,17705.91016,1175.6,0.0054
0,2016-05-11,1980.1,1982.5,1983.80857142857,369085,17928.34961,1170.9,-0.004
0,2016-05-12,1977.49,1980.1,1980.83285714286,398532,17711.11914,1165.6,-0.0046
0,2016-05-13,1966.99,1977.49,1978.45285714286,462882,17720.5,1170.4,0.0041
0,2016-05-16,1967.91,1966.99,1976.85857142857,509123,17535.32031,1176.8,0.0055
0,2016-05-17,1968.06,1967.91,1974.21571428571,526717,17710.71094,1178.2,0.0012
0,2016-05-18,1956.73,1968.06,1972.98,597582,17529.98047,1177.2,-8e-04
0,2016-05-19,1946.78,1956.73,1971.39714285714,696273,17526.61914,1189.6,0.0105
0,2016-05-20,1947.67,1946.78,1966.29428571429,505920,17435.40039,1187.5,-0.0017
0,2016-05-23,1955.25,1947.67,1961.66142857143,388051,17500.93945,1186.2,-0.0011
0,2016-05-24,1937.68,1955.25,1958.48428571429,399513,17492.92969,1183.2,-0.0025
0,2016-05-25,1960.51,1937.68,1954.29714285714,517076,17706.05078,1188.2,0.0042
0,2016-05-26,1957.06,1960.51,1953.24,656874,17851.50977,1181.9,-0.0054
0,2016-05-27,1969.17,1957.06,1951.66857142857,558263,17828.28906,1180.1,-0.0015
0,2016-05-30,1967.13,1969.17,1953.44571428571,523531,17873.2207,1186.3,0.0053
0,2016-06-01,1982.72,1983.4,1961.45714285714,657045,17787.19922,1189.7,-0.0031
0,2016-06-02,1985.11,1982.72,1965.38142857143,502290,17789.66992,1192.4,0.0022
0,2016-06-03,1985.84,1985.11,1972.15714285714,474228,17838.56055,1186.8,-0.0047
0,2016-06-07,2011.63,1985.84,1975.77571428571,540858,17807.06055,1163.6,-0.0196
0,2016-06-08,2027.08,2011.63,1983.57142857143,481348,17938.2793,1156.3,-0.0058
0,2016-06-09,2024.17,2027.08,1991.84428571429,497934,18005.05078,1154.3,-0.0018
0,2016-06-10,2017.63,2024.17,1999.99285714286,599680,17985.18945,1159.4,0.0044
0,2016-06-13,1979.06,2017.63,2004.88285714286,404303,17865.33984,1171.5,0.0105
0,2016-06-14,1972.03,1979.06,2004.36,443001,17732.48047,1172.4,8e-04
0,2016-06-15,1968.83,1972.03,2002.49142857143,439936,17674.82031,1176.4,0.0033
0,2016-06-16,1951.99,1968.83,2000.06142857143,376769,17640.16992,1169.1,-0.0061
0,2016-06-17,1953.4,1951.99,1991.54142857143,438794,17733.09961,1172.7,0.003
0,2016-06-20,1981.12,1953.4,1981.01571428571,485269,17675.16016,1170.5,-0.0019
0,2016-06-21,1982.7,1981.12,1974.86571428571,391345,17804.86914,1159.9,-0.009
0,2016-06-22,1992.58,1982.7,1969.87571428571,557437,17829.73047,1153.6,-0.0055
0,2016-06-23,1986.71,1992.58,1971.80714285714,407434,17780.83008,1149.3,-0.0037
0,2016-06-24,1925.24,1986.71,1973.90428571429,455389,18011.07031,1141.8,-0.0066
0,2016-06-27,1926.85,1925.24,1967.67714285714,750546,17400.75,1172,0.0265
0,2016-06-28,1936.22,1926.85,1964.08571428571,394266,17140.24023,1180.6,0.0073
0,2016-06-29,1956.36,1936.22,1961.63142857143,373459,17409.7207,1167.1,-0.0114
0,2016-06-30,1970.35,1956.36,1958.09428571429,451186,17694.67969,1154.3,-0.0109
0,2016-07-01,1987.32,1970.35,1956.33,349862,17929.99023,1152.4,-0.0017
0,2016-07-04,1995.3,1987.32,1955.57857142857,448128,17949.36914,1150,-0.002
0,2016-07-06,1953.12,1989.85,1966.03571428571,405487,17840.61914,1159.1,0.006
0,2016-07-07,1974.08,1953.12,1969.78857142857,457438,17918.61914,1159.5,3e-04
0,2016-07-08,1963.1,1974.08,1975.19714285714,378755,17895.88086,1158.3,-0.001
0,2016-07-11,1988.54,1963.1,1976.16,356526,18146.74023,1149.8,-0.0073
0,2016-07-12,1991.23,1988.54,1978.75857142857,337763,18226.92969,1151,0.001
0,2016-07-13,2005.55,1991.23,1979.31714285714,432650,18347.66992,1143.6,-0.0064
0,2016-07-14,2008.77,2005.55,1980.78142857143,357643,18372.11914,1145.9,0.0019
0,2016-07-15,2017.26,2008.77,1983.48428571429,340227,18506.41016,1132.6,-0.0116
0,2016-07-18,2021.11,2017.26,1992.64714285714,477808,18516.55078,1138.6,0.0053
0,2016-07-19,2016.89,2021.11,1999.36571428571,380091,18533.05078,1135.2,-0.003
0,2016-07-20,2015.46,2016.89,2007.05,380797,18559.00977,1141.3,0.0053
0,2016-07-21,2012.22,2015.46,2010.89571428571,316335,18595.0293,1143.3,0.0017
0,2016-07-22,2010.34,2012.22,2013.89428571429,391049,18517.23047,1138,-0.0046
0,2016-07-25,2012.32,2010.34,2014.57857142857,320954,18570.84961,1136.4,-0.0015
0,2016-07-26,2027.34,2012.32,2015.08571428571,350230,18493.06055,1142.4,0.0054
0,2016-07-27,2025.05,2027.34,2016.52571428571,338607,18473.75,1137.8,-0.0041
0,2016-07-28,2021.1,2025.05,2017.08857142857,411661,18472.16992,1131.6,-0.0054
0,2016-07-29,2016.19,2021.1,2017.69,350881,18456.34961,1124.6,-0.0062
0,2016-08-01,2029.61,2016.19,2017.79428571429,366385,18432.24023,1112.2,-0.011
0,2016-08-02,2019.03,2029.61,2020.27857142857,369588,18404.50977,1108.4,-0.0034
0,2016-08-03,1994.79,2019.03,2021.52,409940,18313.76953,1111.8,0.003
0,2016-08-04,2000.03,1994.79,2019.01571428571,485853,18355,1117,0.0047
0,2016-08-05,2017.94,2000.03,2015.11428571429,326514,18352.05078,1113.9,-0.0027
0,2016-08-08,2031.12,2017.94,2014.09857142857,289293,18543.5293,1115.3,0.0012
0,2016-08-09,2043.78,2031.12,2015.53,270484,18529.28906,1107.6,-0.0069
0,2016-08-10,2044.64,2043.78,2019.47142857143,436716,18533.05078,1103.1,-0.0041
0,2016-08-11,2048.8,2044.64,2021.61857142857,331091,18495.66016,1096.4,-0.006
0,2016-08-12,2050.47,2048.8,2025.87142857143,346081,18613.51953,1097.9,0.0013
0,2016-08-16,2047.76,2050.47,2033.82571428571,376489,18576.4707,1103.5,0.0051
0,2016-08-17,2043.75,2047.76,2040.64428571429,374872,18552.01953,1095.9,-0.0019
0,2016-08-18,2055.47,2043.75,2044.33142857143,391714,18573.93945,1108.1,0.0111
0,2016-08-19,2056.24,2055.47,2047.81,353080,18597.69922,1108.1,1e-04
0,2016-08-22,2042.16,2056.24,2049.59,392318,18552.57031,1115.6,0.0067
0,2016-08-23,2049.93,2042.16,2049.23571428571,343502,18529.41992,1123.7,0.0073
0,2016-08-24,2043.76,2049.93,2049.39714285714,360414,18547.30078,1120.6,-0.0028
0,2016-08-25,2042.92,2043.76,2048.43857142857,285183,18481.48047,1121.4,7e-04
0,2016-08-26,2037.5,2042.92,2047.74714285714,277432,18448.41016,1115.8,-0.005
0,2016-08-29,2032.35,2037.5,2046.85428571429,288184,18395.40039,1122.5,0.006
0,2016-08-30,2039.74,2032.35,2043.55142857143,316969,18502.99023,1120.1,-0.0022
0,2016-08-31,2034.65,2039.74,2041.19428571429,378563,18454.30078,1120.2,1e-04
0,2016-09-01,2032.72,2034.65,2040.12142857143,400952,18400.88086,1116.3,-0.0035
0,2016-09-02,2038.31,2032.72,2037.66285714286,300506,18419.30078,1118.1,0.0016
0,2016-09-05,2060.08,2038.31,2036.88428571429,342631,18491.96094,1116.5,-0.0015
0,2016-09-07,2061.88,2066.53,2043.48285714286,462549,18538.11914,1094.6,-0.009
0,2016-09-08,2063.73,2061.88,2047.70142857143,687157,18526.14063,1090.7,-0.0036
0,2016-09-09,2037.87,2063.73,2051.12857142857,656653,18479.91016,1098.6,0.0073
0,2016-09-12,1991.48,2037.87,2051.58857142857,392682,18085.44922,1108.7,0.0092
0,2016-09-13,1999.36,1991.48,2045.69714285714,422882,18325.07031,1107.7,-9e-04
0,2016-09-19,2015.78,1999.36,2040.13285714286,437424,18066.75,1128.2,0.0185
0,2016-09-20,2025.71,2015.78,2033.80428571429,434438,18120.16992,1119.5,-0.0059
0,2016-09-21,2035.99,2025.71,2027.97285714286,362345,18129.96094,1117.2,-0.002
0,2016-09-22,2049.7,2035.99,2024.27428571429,525096,18293.69922,1103.8,-0.012
0,2016-09-23,2054.07,2049.7,2022.27,447589,18392.46094,1103.3,-5e-04
0,2016-09-26,2047.11,2054.07,2024.58428571429,494112,18261.44922,1104,6e-04
0,2016-09-27,2062.82,2047.11,2032.53142857143,359615,18094.83008,1108.9,0.0044
0,2016-09-28,2053.06,2062.82,2041.59714285714,664040,18228.30078,1096.9,-0.0108
0,2016-09-29,2068.72,2053.06,2046.92285714286,546450,18339.24023,1092.6,-0.0039
0,2016-09-30,2043.63,2068.72,2053.06714285714,416168,18143.44922,1102.7,0.0092
0,2016-10-04,2054.86,2043.63,2054.15857142857,326386,18308.15039,1101.9,-7e-04
0,2016-10-05,2053,2054.86,2054.89571428571,318854,18168.44922,1116.6,0.0113
0,2016-10-06,2065.3,2053,2054.74285714286,292345,18281.0293,1115,-0.0014
0,2016-10-07,2053.8,2065.3,2057.34142857143,337709,18268.5,1115.4,3e-04
0,2016-10-10,2056.82,2053.8,2056.05285714286,422446,18240.49023,1115.8,4e-04
0,2016-10-11,2031.93,2056.82,2056.59,314895,18329.03906,1108.6,-0.0064
0,2016-10-12,2033.73,2031.93,2051.33428571429,343215,18128.66016,1125,0.0148
0,2016-10-13,2015.44,2033.73,2049.92,297373,18144.19922,1125.5,5e-04
0,2016-10-14,2022.66,2015.44,2044.28857142857,440255,18098.93945,1129.7,0.0037
0,2016-10-17,2027.61,2022.66,2039.95428571429,458904,18138.38086,1136.4,0.0059
0,2016-10-18,2040.43,2027.61,2034.57,333402,18086.40039,1136.6,1e-04
0,2016-10-19,2040.94,2040.43,2032.66,305931,18161.93945,1125.1,-0.0101
0,2016-10-20,2040.6,2040.94,2030.39142857143,321940,18202.61914,1120.4,-0.0042
0,2016-10-21,2033,2040.6,2031.63,276001,18162.34961,1131.1,0.0096
0,2016-10-24,2047.74,2033,2031.52571428571,260354,18145.71094,1136.2,0.0045
0,2016-10-25,2037.17,2047.74,2036.14,252041,18223.0293,1135.6,-5e-04
0,2016-10-26,2013.89,2037.17,2038.21285714286,299101,18169.26953,1130.2,-0.0047
0,2016-10-27,2024.12,2013.89,2036.25285714286,392402,18199.33008,1138.8,0.0075
0,2016-10-28,2019.42,2024.12,2033.92285714286,298690,18169.67969,1147.4,0.0076
0,2016-10-31,2008.19,2019.42,2030.84857142857,270531,18161.18945,1147.3,-1e-04
0,2016-11-01,2007.39,2008.19,2026.21857142857,400664,18142.41992,1142.7,-0.004
0,2016-11-02,1978.94,2007.39,2022.56,321774,18037.09961,1145.9,0.0027
0,2016-11-03,1983.8,1978.94,2012.73142857143,333529,17959.64063,1145.1,-7e-04
0,2016-11-04,1982.02,1983.8,2005.10714285714,272728,17930.66992,1144.5,-5e-04
0,2016-11-07,1997.58,1982.02,2000.55428571429,227776,17888.2793,1141.5,-0.0026
0,2016-11-08,2003.38,1997.58,1996.76285714286,210333,18259.59961,1141.7,2e-04
0,2016-11-09,1958.38,2003.38,1994.47142857143,239579,18332.74023,1128.9,-0.0112
0,2016-11-10,2002.6,1958.38,1987.35571428571,709043,18589.68945,1157.9,0.0257
0,2016-11-11,1984.43,2002.6,1986.67142857143,433884,18807.88086,1166.4,0.0073
0,2016-11-14,1974.4,1984.43,1987.45571428571,386856,18847.66016,1165.6,-7e-04
0,2016-11-15,1967.53,1974.4,1986.11285714286,352116,18868.68945,1168.9,0.0029
0,2016-11-16,1979.65,1967.53,1984.04285714286,375663,18923.06055,1167.6,-0.0011
0,2016-11-17,1980.55,1979.65,1981.48142857143,306499,18868.14063,1170.7,0.0026
0,2016-11-18,1974.58,1980.55,1978.22,272172,18903.82031,1180,0.008
0,2016-11-21,1966.05,1974.58,1980.53428571429,306956,18867.92969,1181.1,9e-04
0,2016-11-22,1983.47,1966.05,1975.31285714286,223512,18956.68945,1180.2,-8e-04
0,2016-11-23,1987.95,1983.47,1975.17571428571,231368,19023.86914,1170.1,-0.0086
0,2016-11-24,1971.26,1987.95,1977.11142857143,308200,19083.17969,1181.9,0.0101
0,2016-11-28,1978.13,1974.46,1976.90285714286,201938,19152.14063,1175.8,-0.0054
0,2016-11-29,1978.39,1978.13,1976.55714285714,213578,19097.90039,1171.9,-0.0033
0,2016-11-30,1983.48,1978.39,1977.10142857143,214565,19121.59961,1167.8,-0.0035
0,2016-12-01,1983.75,1983.48,1979.59142857143,233085,19123.58008,1177.8,0.0086
0,2016-12-02,1970.61,1983.75,1979.63142857143,217875,19191.92969,1167.7,-0.0085
0,2016-12-05,1963.36,1970.61,1977.15428571429,243181,19170.41992,1167.3,-4e-04
0,2016-12-06,1989.86,1963.36,1976.02571428571,237190,19216.24023,1167.2,-1e-04
0,2016-12-07,1991.89,1989.86,1978.22571428571,214649,19251.7793,1171.5,0.0038
0,2016-12-08,2031.07,1991.89,1980.19142857143,204410,19549.61914,1158.3,-0.0113
0,2016-12-09,2024.69,2031.07,1987.71714285714,239428,19614.81055,1162.8,0.0039
0,2016-12-12,2027.24,2024.69,1993.60428571429,225657,19756.84961,1172.9,0.0087
0,2016-12-13,2035.98,2027.24,1999.81714285714,289804,19796.42969,1164.7,-0.007
0,2016-12-14,2036.87,2035.98,2009.15571428571,383364,19911.21094,1164.3,-4e-04
0,2016-12-15,2036.65,2036.87,2019.65714285714,384033,19792.5293,1179.7,0.0132
0,2016-12-16,2042.24,2036.65,2026.34142857143,300190,19852.24023,1183.4,0.0031
0,2016-12-19,2038.39,2042.24,2033.53428571429,289708,19843.41016,1186.6,0.0027
0,2016-12-20,2041.94,2038.39,2034.58,249870,19883.06055,1188.1,0.0013
0,2016-12-21,2037.96,2041.94,2037.04428571429,314221,19974.61914,1192.2,0.0034
0,2016-12-22,2035.73,2037.96,2038.57571428571,284570,19941.96094,1194.2,0.0017
0,2016-12-23,2035.9,2035.73,2038.54,275096,19918.88086,1205.3,0.0093
0,2016-12-26,2037.75,2035.9,2038.40142857143,310882,19933.81055,1200.4,-0.0041
0,2016-12-28,2024.49,2042.17,2038.54857142857,384033,19945.03906,1207.7,0.0056
0,2016-12-29,2026.46,2024.49,2036.56285714286,356590,19833.67969,1211.9,0.0035
0,2017-01-02,2026.16,2026.46,2034.35142857143,264521,19819.7793,1206.4,-0.0046
0,2017-01-04,2045.64,2043.97,2033.84285714286,268127,19881.75977,1206.8,0.0024
0,2017-01-05,2041.95,2045.64,2035.23428571429,371488,19942.16016,1196.2,-0.0088
0,2017-01-06,2049.12,2041.95,2035.83428571429,541343,19899.28906,1182.2,-0.0117
0,2017-01-09,2048.78,2049.12,2036.82714285714,455350,19963.80078,1202,0.0168
0,2017-01-10,2045.12,2048.78,2040.29714285714,398291,19887.38086,1203.4,0.0011
0,2017-01-11,2075.17,2045.12,2042.96285714286,512663,19855.5293,1201.8,-0.0013
0,2017-01-12,2087.14,2075.17,2049.96428571429,335531,19954.2793,1187.9,-0.0116
0,2017-01-13,2076.79,2087.14,2056.13142857143,555841,19891,1175.9,-0.0101
0,2017-01-16,2064.17,2076.79,2060.58142857143,518284,19885.73047,1175,-8e-04
0,2017-01-18,2070.54,2071.87,2067.00571428571,601435,19826.76953,1160.8,-0.019
0,2017-01-19,2072.79,2070.54,2070.11428571429,530133,19804.7207,1178.4,0.0151
0,2017-01-20,2065.61,2072.79,2074.06714285714,415668,19732.40039,1175.2,-0.0027
0,2017-01-23,2065.99,2065.61,2072.70142857143,392647,19827.25,1175.4,2e-04
0,2017-01-24,2065.76,2065.99,2069.68,444862,19799.84961,1163.2,-0.0103
0,2017-01-25,2066.94,2065.76,2068.10428571429,312411,19912.71094,1170.2,0.006
0,2017-01-26,2083.59,2066.94,2068.5,311770,20068.50977,1162.7,-0.0064
0,2017-01-31,2067.57,2083.59,2070.17428571429,257921,20100.91016,1172.4,0.0083
0,2017-02-01,2080.48,2067.57,2069.75,288275,19864.08984,1151.7,-0.0163
0,2017-02-02,2071.01,2080.48,2070.84857142857,452528,19890.93945,1153.7,0.0018
0,2017-02-03,2073.16,2071.01,2071.62,825477,19884.91016,1144.1,-0.0083
0,2017-02-06,2077.66,2073.16,2072.64428571429,392584,20071.46094,1138.5,-0.0049
0,2017-02-07,2075.21,2077.66,2074.34428571429,315315,20052.41992,1135,-0.0031
0,2017-02-08,2065.08,2075.21,2075.52571428571,271809,20090.28906,1143.4,0.0074
0,2017-02-09,2065.88,2065.08,2072.88142857143,266722,20054.33984,1145.2,0.0016
0,2017-02-10,2075.08,2065.88,2072.64,236008,20172.40039,1151,0.0051
0,2017-02-13,2078.65,2075.08,2071.86857142857,314676,20269.36914,1146.6,-0.0038
0,2017-02-14,2074.57,2078.65,2072.96,289684,20412.16016,1149.7,0.0027
0,2017-02-15,2083.86,2074.57,2073.16142857143,332365,20504.41016,1138.9,-0.0094
0,2017-02-16,2081.84,2083.86,2074.04714285714,338044,20611.85938,1135.3,-0.0032
0,2017-02-17,2080.58,2081.84,2074.99428571429,330466,20619.76953,1142,0.0059
0,2017-02-20,2084.39,2080.58,2077.20857142857,301517,20624.05078,1150.8,0.0077
0,2017-02-22,2106.61,2102.93,2083.83142857143,292539,20743,1142.9,-0.0022
0,2017-02-23,2107.63,2106.61,2087.82571428571,312219,20775.59961,1138.5,-0.0039
0,2017-02-24,2094.12,2107.63,2092.54857142857,430850,20810.32031,1133.1,-0.0047
0,2017-02-27,2085.52,2094.12,2094.01428571429,385394,20821.75977,1130.5,-0.0023
0,2017-02-28,2091.64,2085.52,2094.54,343702,20837.43945,1134.7,0.0037
0,2017-03-02,2102.65,2091.64,2096.12,399821,20812.24023,1137.8,0.0028
0,2017-03-03,2078.75,2102.65,2098.72857142857,434713,21002.9707,1150.7,0.0092
0,2017-03-06,2081.36,2078.75,2095.27428571429,425935,21005.71094,1152.3,0.0014
0,2017-03-07,2094.05,2081.36,2091.66714285714,431445,20954.33984,1155.2,0.0025
0,2017-03-08,2095.41,2094.05,2089.72714285714,277830,20924.75977,1150.7,-0.0039
0,2017-03-09,2091.06,2095.41,2089.91142857143,381441,20855.73047,1155.2,0.0039
0,2017-03-10,2097.35,2091.06,2090.70285714286,408229,20858.18945,1160.1,0.0043
0,2017-03-13,2117.59,2097.35,2091.51857142857,500860,20902.98047,1148.8,-0.0097
0,2017-03-14,2133.78,2117.59,2093.65285714286,382129,20881.48047,1148,-7e-04
0,2017-03-15,2133,2133.78,2101.51428571429,365074,20837.36914,1150,0.0017
0,2017-03-16,2150.08,2133,2108.89142857143,374699,20950.09961,1128.6,-0.0186
0,2017-03-17,2164.58,2150.08,2116.89571428571,402424,20934.55078,1128.8,2e-04
0,2017-03-20,2157.01,2164.58,2126.77714285714,302788,20914.61914,1129,2e-04
0,2017-03-21,2178.38,2157.01,2136.19857142857,264946,20905.85938,1114.5,-0.0129
0,2017-03-22,2168.3,2178.38,2147.77428571429,303940,20668.00977,1123,0.0076
0,2017-03-23,2172.72,2168.3,2155.01857142857,394425,20661.30078,1117.3,-0.0051
0,2017-03-24,2168.95,2172.72,2160.58142857143,358607,20656.58008,1122.7,0.0048
0,2017-03-27,2155.66,2168.95,2165.71714285714,358673,20596.7207,1117.6,-0.0046
0,2017-03-28,2163.31,2155.66,2166.51428571429,395862,20550.98047,1111.3,-0.0056
0,2017-03-29,2166.98,2163.31,2166.33285714286,393970,20701.5,1116.4,0.0046
0,2017-03-30,2164.64,2166.98,2167.75714285714,626792,20659.32031,1111.5,-0.0044
0,2017-03-31,2160.23,2164.64,2165.79428571429,643563,20728.49023,1118.6,0.0064
0,2017-04-03,2167.51,2160.23,2164.64142857143,441640,20663.2207,1117.7,-8e-04
0,2017-04-04,2161.1,2167.51,2163.89714285714,398513,20650.21094,1117.3,-3e-04
0,2017-04-05,2160.85,2161.1,2162.77571428571,522093,20689.24023,1125.1,0.007
0,2017-04-06,2152.75,2160.85,2163.51714285714,571691,20648.15039,1128.3,0.0028
0,2017-04-07,2151.73,2152.75,2162.00857142857,510164,20662.94922,1131.3,0.0027
0,2017-04-10,2133.32,2151.73,2159.83,408456,20656.09961,1137.9,0.0058
0,2017-04-11,2123.85,2133.32,2155.35571428571,512916,20658.01953,1143.5,0.0049
0,2017-04-12,2128.91,2123.85,2150.15857142857,489309,20651.30078,1145.6,0.0019
0,2017-04-13,2148.61,2128.91,2144.64428571429,427358,20591.85938,1135,-0.0093
0,2017-04-14,2134.88,2148.61,2142.86,357582,20453.25,1136.3,0.0012
0,2017-04-18,2148.46,2145.76,2138.15142857143,259303,20636.91992,1133,-0.003
0,2017-04-19,2138.4,2148.46,2137.68428571429,291399,20523.2793,1142.6,0.0085
0,2017-04-20,2149.15,2138.4,2138.41,344221,20404.49023,1143.7,9e-04
0,2017-04-21,2165.04,2149.15,2142.02428571429,268315,20578.71094,1138.1,-0.0049
0,2017-04-24,2173.74,2165.04,2147.18571428571,281540,20547.75977,1134.6,-0.0031
0,2017-04-25,2196.85,2173.74,2150.77571428571,374713,20763.89063,1134.4,-2e-04
0,2017-04-26,2207.84,2196.85,2159.62857142857,275897,20996.11914,1128.2,-0.0054
0,2017-04-27,2209.46,2207.84,2168.49714285714,397525,20975.08984,1133,0.0043
0,2017-04-28,2205.44,2209.46,2177.21142857143,386106,20981.33008,1131.7,-0.0012
0,2017-05-02,2219.67,2205.44,2186.78857142857,268642,20940.50977,1137.9,0.0055
0,2017-05-04,2241.24,2219.67,2196.86285714286,295139,20949.89063,1129.2,-0.0074
0,2017-05-08,2292.76,2241.24,2207.74857142857,261918,20951.4707,1135.6,0.0015
0,2017-05-10,2270.12,2292.76,2224.75142857143,281761,21012.2793,1133.7,-0.0018
0,2017-05-11,2296.37,2270.12,2235.21857142857,422888,20943.10938,1132.1,-0.0062
0,2017-05-12,2286.02,2296.37,2247.86571428571,463460,20919.41992,1124.4,-0.0067
0,2017-05-15,2290.65,2286.02,2258.80285714286,335337,20896.60938,1123.4,-9e-04
0,2017-05-16,2295.33,2290.65,2270.97571428571,251594,20981.93945,1118.1,-0.0047
0,2017-05-17,2293.08,2295.33,2281.78428571429,368138,20979.75,1116.1,-0.0018
0,2017-05-18,2286.82,2293.08,2289.19,394821,20606.92969,1123.1,0.0063
0,2017-05-19,2288.48,2286.82,2288.34142857143,378315,20663.01953,1129.2,0.0055
0,2017-05-22,2304.03,2288.48,2290.96428571429,421133,20804.83984,1117.6,-0.0102
0,2017-05-23,2311.74,2304.03,2292.05857142857,340061,20894.83008,1116,-0.0014
0,2017-05-24,2317.34,2311.74,2295.73285714286,341085,20937.91016,1125.5,0.0084
0,2017-05-25,2342.93,2317.34,2299.54571428571,409559,21012.41992,1119.2,-0.0055
0,2017-05-26,2355.3,2342.93,2306.34571428571,369280,21082.94922,1120.4,0.001
0,2017-05-29,2352.97,2355.3,2315.23428571429,312902,21080.2793,1118.8,-0.0014
0,2017-05-31,2347.38,2343.68,2332.57,508844,21029.4707,1124.5,0.0022
0,2017-06-01,2344.61,2347.38,2338.76285714286,555939,21008.65039,1119.7,-0.0043
0,2017-06-02,2371.72,2344.61,2343.45857142857,336690,21144.17969,1122.1,0.0022
0,2017-06-05,2368.62,2371.72,2351.22714285714,399499,21206.28906,1118.4,-0.0033
0,2017-06-07,2360.14,2368.62,2354.89714285714,326411,21184.03906,1118.3,-1e-04
0,2017-06-08,2363.57,2360.14,2355.58857142857,376207,21173.68945,1124.3,0.0055
0,2017-06-09,2381.69,2363.57,2357.10285714286,417080,21182.5293,1122,-0.0021
0,2017-06-12,2357.87,2381.69,2362.53285714286,520558,21271.9707,1125.3,0.003
0,2017-06-13,2374.7,2357.87,2364.03142857143,327233,21235.66992,1131,0.005
0,2017-06-14,2372.64,2374.7,2368.33,322081,21328.4707,1127.7,-0.0029
0,2017-06-15,2361.65,2372.64,2368.46142857143,392997,21374.56055,1119.9,-0.0069
0,2017-06-16,2361.83,2361.65,2367.46571428571,334886,21359.90039,1130.8,0.0097
0,2017-06-19,2370.9,2361.83,2367.70714285714,329179,21384.2793,1133.1,0.002
0,2017-06-20,2369.23,2370.9,2368.75428571429,290944,21528.99023,1136.8,0.0033
0,2017-06-21,2357.53,2369.23,2366.97428571429,360733,21467.14063,1141.9,0.0045
0,2017-06-22,2370.37,2357.53,2366.92571428571,360344,21410.0293,1143.3,0.0012
0,2017-06-23,2378.6,2370.37,2366.30714285714,299232,21397.28906,1139.3,-0.0035
0,2017-06-26,2388.66,2378.6,2367.15857142857,256259,21394.75977,1134.9,-0.0039
0,2017-06-27,2391.95,2388.66,2371.01714285714,325674,21409.55078,1133.5,-0.0012
0,2017-06-28,2382.56,2391.95,2375.32,358034,21310.66016,1140.6,0.0062
0,2017-06-29,2395.66,2382.56,2376.98571428571,361176,21454.60938,1138.9,-0.0014
0,2017-06-30,2391.79,2395.66,2380.76142857143,445131,21287.0293,1147.3,0.0073
0,2017-07-03,2394.48,2391.79,2385.65571428571,343529,21349.63086,1145.4,-0.0016
0,2017-07-04,2380.52,2394.48,2389.1,310991,21479.26953,1150.3,0.0042
0,2017-07-06,2387.81,2388.35,2389.33,333721,21478.16992,1153.3,0.0023
0,2017-07-07,2379.87,2387.81,2388.73857142857,301472,21320.03906,1157.3,0.0034
0,2017-07-10,2382.1,2379.87,2388.35428571429,314370,21414.33984,1153.7,-0.003
0,2017-07-11,2396,2382.1,2386.41714285714,296262,21408.51953,1149.6,-0.0036
0,2017-07-12,2391.77,2396,2387.01857142857,284462,21409.07031,1149.2,-4e-04
0,2017-07-13,2409.49,2391.77,2386.63142857143,268926,21532.14063,1138.3,-0.0094
0,2017-07-14,2414.63,2409.49,2390.77,289260,21553.08984,1137.9,-4e-04
0,2017-07-17,2425.1,2414.63,2394.52428571429,258765,21637.74023,1129.1,-0.0077
0,2017-07-18,2426.04,2425.1,2399.85142857143,254205,21629.7207,1128.4,-6e-04
0,2017-07-19,2429.94,2426.04,2406.44714285714,260661,21574.73047,1125.3,-0.0027
0,2017-07-20,2441.84,2429.94,2413.28142857143,270965,21640.75,1124.6,-6e-04
0,2017-07-21,2450.06,2441.84,2419.83,251916,21611.7793,1121.2,-0.003
0,2017-07-24,2451.53,2450.06,2428.15714285714,250131,21580.07031,1118.8,-0.0021
0,2017-07-25,2439.9,2451.53,2434.16285714286,233407,21513.16992,1115.4,-0.0031
0,2017-07-26,2434.51,2439.9,2437.77285714286,275199,21613.42969,1120,0.0041
0,2017-07-27,2443.24,2434.51,2439.11714285714,336108,21711.00977,1112.6,-0.0066
0,2017-07-28,2400.99,2443.24,2441.57428571429,426497,21796.55078,1117.4,0.0043
0,2017-07-31,2402.71,2400.99,2437.43857142857,318651,21830.31055,1124.7,0.0066
0,2017-08-01,2422.96,2402.71,2431.84857142857,277570,21891.11914,1119.4,-0.0047
0,2017-08-02,2427.63,2422.96,2427.97714285714,264036,21963.91992,1121.5,0.0019
0,2017-08-03,2386.85,2427.63,2424.56285714286,261569,22016.24023,1123,0.0013
0,2017-08-04,2395.45,2386.85,2416.98428571429,303575,22026.09961,1129,0.0053
0,2017-08-07,2398.75,2395.45,2411.40428571429,273565,22092.81055,1128.8,-2e-04
0,2017-08-08,2394.73,2398.75,2405.04857142857,244123,22118.41992,1127.2,-0.0014
0,2017-08-09,2368.39,2394.73,2404.15428571429,252853,22085.33984,1129.2,0.0018
0,2017-08-10,2359.47,2368.39,2399.25142857143,234073,22048.69922,1139.4,0.0091
0,2017-08-11,2319.71,2359.47,2390.18142857143,283873,21844.00977,1144.2,0.0042
0,2017-08-14,2334.22,2319.71,2374.76428571429,318581,21858.32031,1142.9,-0.0011
0,2017-08-16,2348.26,2334.22,2367.24571428571,214025,21993.71094,1139.4,-0.003
0,2017-08-17,2361.67,2348.26,2360.50428571429,270520,22024.86914,1135.6,-3e-04
0,2017-08-18,2358.37,2361.67,2355.20714285714,255766,21750.73047,1142.5,0.0061
0,2017-08-21,2355,2358.37,2350.01285714286,201479,21674.50977,1139.8,-0.0024
0,2017-08-22,2365.33,2355,2348.1,207225,21703.75,1138.7,-9e-04
0,2017-08-23,2366.4,2365.33,2348.93714285714,251864,21899.89063,1132.4,-0.0056
0,2017-08-24,2375.84,2366.4,2355.60714285714,228615,21812.08984,1127.6,-0.0042
0,2017-08-25,2378.51,2375.84,2361.55285714286,295530,21783.40039,1128.2,6e-04
0,2017-08-28,2370.3,2378.51,2365.87428571429,341960,21813.66992,1121.6,-0.0059
0,2017-08-29,2364.74,2370.3,2367.10714285714,226868,21808.40039,1118.5,-0.0028
0,2017-08-30,2372.29,2364.74,2368.01714285714,223089,21865.36914,1124.5,0.0054
0,2017-08-31,2363.19,2372.29,2370.48714285714,305636,21892.42969,1124.2,-3e-04
0,2017-09-01,2357.69,2363.19,2370.18142857143,265050,21948.09961,1124.9,6e-04
0,2017-09-04,2329.65,2357.69,2368.93714285714,280059,21987.56055,1121.7,-0.0028
0,2017-09-06,2319.82,2326.62,2354.92571428571,320428,21753.31055,1132.5,-8e-04
0,2017-09-07,2346.19,2319.82,2347.71428571429,252681,21807.64063,1132.9,3e-04
0,2017-09-08,2343.72,2346.19,2345.06428571429,277036,21784.7793,1127.9,-0.0044
0,2017-09-11,2359.08,2343.72,2340.98285714286,214592,21797.78906,1132,0.0036
0,2017-09-12,2365.47,2359.08,2340.39571428571,243612,22057.36914,1130.3,-0.0014
0,2017-09-13,2360.18,2365.47,2341.50714285714,333573,22118.85938,1128.7,-0.0015
0,2017-09-14,2377.66,2360.18,2345.86857142857,318871,22158.17969,1132.1,0.003
0,2017-09-15,2386.07,2377.66,2353.16,314262,22203.48047,1134.3,0.002
0,2017-09-18,2418.21,2386.07,2362.62428571429,298738,22268.33984,1133.2,-0.001
0,2017-09-19,2416.05,2418.21,2372.91285714286,273477,22331.34961,1129.9,-0.003
0,2017-09-20,2412.2,2416.05,2383.24571428571,254585,22370.80078,1131.2,0.0012
0,2017-09-21,2406.5,2412.2,2390.83428571429,303285,22412.58984,1131.8,5e-04
0,2017-09-22,2388.71,2406.5,2396.69571428571,335339,22359.23047,1132.8,9e-04
0,2017-09-25,2380.4,2388.71,2400.77142857143,333616,22349.58984,1133.1,3e-04
0,2017-09-26,2374.32,2380.4,2401.16285714286,339345,22296.08984,1134.8,0.0015
0,2017-09-27,2372.57,2374.32,2399.48428571429,319124,22284.32031,1137.6,0.0025
0,2017-09-28,2373.14,2372.57,2392.96428571429,202618,22340.71094,1145.8,0.0072
0,2017-09-29,2394.47,2373.14,2386.83428571429,194772,22381.19922,1146.6,7e-04
0,2017-10-10,2433.81,2394.47,2384.30142857143,184191,22405.08984,1145.3,-0.0011
0,2017-10-11,2458.16,2433.81,2388.20285714286,221744,22830.67969,1135.3,-0.0074
0,2017-10-12,2474.76,2458.16,2398.12428571429,201771,22872.89063,1132.9,-0.0021
0,2017-10-13,2473.62,2474.76,2411.60428571429,256211,22841.00977,1132.9,0
0,2017-10-16,2480.05,2473.62,2425.79,234800,22871.7207,1126.7,-0.0055
0,2017-10-17,2484.37,2480.05,2441.14428571429,224414,22956.96094,1128.3,0.0014
0,2017-10-18,2482.91,2484.37,2457.03428571429,199049,22997.43945,1131.2,0.0026
0,2017-10-19,2473.06,2482.91,2469.66857142857,244245,23157.59961,1132.9,0.0015
0,2017-10-20,2489.54,2473.06,2475.27571428571,236625,23163.03906,1129,-0.0034
0,2017-10-23,2490.05,2489.54,2479.75857142857,313210,23328.63086,1132.3,0.0029
0,2017-10-24,2490.49,2490.05,2481.94285714286,274201,23273.96094,1130.9,-0.0013
0,2017-10-25,2492.5,2490.49,2484.35285714286,232007,23441.75977,1130.9,1e-04
0,2017-10-26,2480.63,2492.5,2486.13142857143,599434,23329.46094,1127.8,-0.0028
0,2017-10-27,2496.63,2480.63,2485.59714285714,646882,23400.85938,1128.8,8e-04
0,2017-10-30,2501.93,2496.63,2487.55714285714,511225,23434.18945,1126,-0.0025
0,2017-10-31,2523.43,2501.93,2491.68142857143,342006,23348.74023,1124.8,-0.0011
0,2017-11-01,2556.47,2523.43,2496.52285714286,313787,23377.24023,1118.4,-0.0057
0,2017-11-02,2546.36,2556.47,2506.01142857143,361796,23435.00977,1111.5,-0.0062
0,2017-11-03,2557.97,2546.36,2513.99285714286,527727,23516.25977,1112.4,7e-04
0,2017-11-06,2549.41,2557.97,2523.34571428571,292766,23539.18945,1116.3,0.0035
0,2017-11-07,2545.44,2549.41,2533.17142857143,221187,23548.41992,1112.8,-0.0031
0,2017-11-08,2552.4,2545.44,2540.14428571429,253921,23557.23047,1113.9,0.001
0,2017-11-09,2550.57,2552.4,2547.35428571429,277039,23563.35938,1114.3,3e-04
0,2017-11-10,2542.95,2550.57,2551.23142857143,293539,23461.93945,1118.4,0.0036
0,2017-11-13,2530.35,2542.95,2549.3,291525,23422.21094,1121,0.0023
0,2017-11-14,2526.64,2530.35,2547.01285714286,266530,23439.69922,1119.9,-0.001
0,2017-11-15,2518.25,2526.64,2542.53714285714,287771,23409.4707,1115.5,-0.0039
0,2017-11-16,2534.79,2518.25,2538.08571428571,398215,23271.2793,1105.7,-0.0088
0,2017-11-17,2533.99,2534.79,2536.56428571429,302931,23458.35938,1097.2,-0.0077
0,2017-11-20,2527.67,2533.99,2533.93428571429,362192,23358.24023,1094.3,-0.0026
0,2017-11-21,2530.7,2527.67,2530.66285714286,404259,23430.33008,1097,0.0025
0,2017-11-22,2540.51,2530.7,2528.91285714286,484887,23590.83008,1091.1,-0.0054
0,2017-11-23,2537.15,2540.51,2530.36428571429,485670,23526.17969,1086.1,-0.0046
0,2017-11-27,2507.81,2544.33,2535.59142857143,297938,23557.99023,1085.6,0.0015
0,2017-11-28,2514.19,2507.81,2531.73714285714,284887,23580.7793,1091.7,0.0056
0,2017-11-29,2512.9,2514.19,2528.90857142857,348243,23836.71094,1084,-0.0071
0,2017-11-30,2476.37,2512.9,2526.79857142857,301208,23940.67969,1082.1,-0.0017
0,2017-12-01,2475.41,2476.37,2519.03714285714,339022,24272.34961,1088.1,0.0056
0,2017-12-04,2501.67,2475.41,2509.73714285714,288567,24231.58984,1083.5,-0.0043
0,2017-12-05,2510.12,2501.67,2504.66857142857,323846,24290.05078,1086.3,0.0026
0,2017-12-06,2474.37,2510.12,2499.78142857143,395429,24180.64063,1087.6,0.0012
0,2017-12-07,2461.98,2474.37,2495.00428571429,507624,24140.91016,1094,0.0059
0,2017-12-08,2464,2461.98,2487.54571428571,404853,24211.48047,1093.6,-4e-04
0,2017-12-11,2471.49,2464,2480.56,406381,24329.16016,1092.9,-7e-04
0,2017-12-12,2461,2471.49,2479.86285714286,240137,24386.0293,1088.8,-0.0037
0,2017-12-13,2480.55,2461,2477.80428571429,281191,24504.80078,1092.9,0.0037
0,2017-12-14,2469.48,2480.55,2474.78714285714,254953,24585.42969,1084.6,-0.0076
0,2017-12-15,2482.07,2469.48,2468.98142857143,317786,24508.66016,1089.2,0.0043
0,2017-12-18,2481.88,2482.07,2470.08142857143,340758,24651.74023,1089,-2e-04
0,2017-12-19,2478.53,2481.88,2472.92428571429,324358,24792.19922,1086.1,-0.0027
0,2017-12-20,2472.37,2478.53,2475,308390,24754.75,1085.7,-3e-04
0,2017-12-21,2429.83,2472.37,2475.12571428571,236176,24726.65039,1080.6,-0.0047
0,2017-12-22,2440.54,2429.83,2470.67285714286,247330,24782.28906,1080.5,0
0,2017-12-26,2427.34,2440.54,2464.95714285714,230412,24754.06055,1077.7,-0.0026
0,2017-12-27,2436.67,2427.34,2458.93714285714,224640,24746.21094,1076.1,-4e-04
0,2017-12-28,2467.49,2436.67,2452.45142857143,194850,24774.30078,1075.2,-8e-04
0,2018-01-02,2479.65,2467.49,2450.39571428571,220336,24837.50977,1070.3,-0.0046
0,2018-01-03,2486.35,2479.65,2450.55571428571,262205,24824.00977,1063.2,-0.0032
0,2018-01-04,2466.46,2486.35,2452.55285714286,331094,24922.67969,1064.8,0.0015
0,2018-01-05,2497.52,2466.46,2457.78571428571,333836,25075.13086,1062.3,-0.0024
0,2018-01-08,2513.28,2497.52,2465.92571428571,308769,25295.86914,1062.1,-2e-04
0,2018-01-09,2510.23,2513.28,2478.20285714286,311429,25283,1068.9,0.0064
0,2018-01-10,2499.75,2510.23,2488.71142857143,374322,25385.80078,1072,0.0029
0,2018-01-11,2487.91,2499.75,2493.32,444022,25369.13086,1070.1,-0.0017
0,2018-01-12,2496.42,2487.91,2494.5,444340,25574.73047,1065.6,-0.0043
0,2018-01-15,2503.73,2496.42,2495.93857142857,438775,25803.18945,1060,-0.0052
0,2018-01-17,2515.43,2521.74,2504.72285714286,341606,25792.85938,1064.7,0.0011
0,2018-01-18,2515.81,2515.43,2505.03,336712,26115.65039,1067.4,0.0025
0,2018-01-19,2520.26,2515.81,2505.82714285714,333112,26017.81055,1070.7,0.0031
0,2018-01-22,2502.11,2520.26,2508.75714285714,351845,26071.7207,1067.7,-0.0028
0,2018-01-23,2536.6,2502.11,2510.78571428571,342994,26214.59961,1069.4,0.0016
0,2018-01-24,2538,2536.6,2516.52571428571,370007,26210.81055,1073.9,0.0042
0,2018-01-25,2562.23,2538,2521.42142857143,371087,26252.11914,1065,-0.0083
0,2018-01-26,2574.76,2562.23,2527.20571428571,514605,26392.78906,1066.1,0.001
0,2018-01-29,2598.19,2574.76,2535.68142857143,400648,26616.71094,1064.7,-0.0013
0,2018-01-30,2567.74,2598.19,2547.45,437474,26439.48047,1071,0.0059
0,2018-01-31,2566.46,2567.74,2554.23285714286,397038,26076.89063,1073.2,0.0021
0,2018-02-01,2568.54,2566.46,2563.42571428571,403051,26149.39063,1070.1,-0.0029
0,2018-02-02,2525.39,2568.54,2567.98857142857,595147,26186.71094,1070.9,8e-04
0,2018-02-05,2491.75,2525.39,2566.18714285714,481817,25520.96094,1090,0.0178
0,2018-02-06,2453.31,2491.75,2556.11857142857,442349,24345.75,1094.8,0.0045
0,2018-02-07,2396.56,2453.31,2538.76857142857,582836,24912.76953,1080.1,-0.0135
0,2018-02-08,2407.62,2396.56,2509.96428571429,460075,24893.34961,1090.2,0.0094
0,2018-02-09,2363.77,2407.62,2487.09,362415,23860.46094,1097.6,0.0067
0,2018-02-12,2385.38,2363.77,2458.13428571429,489112,24190.90039,1085.7,-0.0109
0,2018-02-13,2395.19,2385.38,2431.96857142857,352288,24601.26953,1082.6,-0.0028
0,2018-02-14,2421.83,2395.19,2413.36857142857,423415,24640.44922,1085.1,0.0023
0,2018-02-19,2442.82,2421.83,2403.38,305739,24893.49023,1070.9,-0.013
0,2018-02-21,2429.65,2415.12,2404.53285714286,421485,24964.75,1074.9,0.007
0,2018-02-22,2414.28,2429.65,2407.68,432275,24797.7793,1076,0.001
0,2018-02-23,2451.52,2414.28,2414.89571428571,349492,24962.48047,1080.7,0.0044
0,2018-02-26,2457.65,2451.52,2424.34428571429,300578,25309.99023,1077,-0.0034
0,2018-02-27,2456.14,2457.65,2433.26714285714,321259,25709.26953,1070.7,-0.0059
0,2018-02-28,2427.36,2456.14,2438.16857142857,271231,25410.0293,1081.5,0.0101
0,2018-03-02,2402.16,2427.36,2435.96,367556,25029.19922,1085.2,0.0035
0,2018-03-05,2375.06,2402.16,2434.10857142857,320397,24538.06055,1079.7,-0.0029
0,2018-03-06,2411.41,2375.06,2426.31,312254,24874.75977,1077.7,-0.0019
0,2018-03-07,2401.82,2411.41,2425.9,400110,24884.11914,1064,-0.0127
0,2018-03-08,2433.08,2401.82,2418.8,412971,24801.35938,1067.4,0.0033
0,2018-03-09,2459.45,2433.08,2415.29,394848,24895.21094,1074.1,0.0063
0,2018-03-12,2484.12,2459.45,2415.76285714286,437265,25335.74023,1065.4,-0.0081
0,2018-03-13,2494.49,2484.12,2423.87142857143,391303,25178.60938,1065,-3e-04
0,2018-03-14,2486.08,2494.49,2437.06142857143,350203,25007.0293,1066.9,0.0017
0,2018-03-15,2492.38,2486.08,2452.92142857143,360865,24758.11914,1064.6,-0.0022
0,2018-03-16,2493.97,2492.38,2464.48857142857,344009,24873.66016,1069.8,0.0049
0,2018-03-19,2475.03,2493.97,2477.65285714286,377766,24946.50977,1070.5,7e-04
0,2018-03-20,2485.52,2475.03,2483.64571428571,477219,24610.91016,1073.5,0.0028
0,2018-03-21,2484.97,2485.52,2487.37,291495,24727.26953,1071.9,-0.0015
0,2018-03-22,2496.02,2484.97,2487.49142857143,399073,24682.31055,1064.8,-0.0067
0,2018-03-23,2416.76,2496.02,2487.71,482138,23957.89063,1081.2,0.0154
0,2018-03-26,2437.08,2416.76,2477.80714285714,457952,23533.19922,1083.9,0.0025
0,2018-03-27,2452.06,2437.08,2469.90714285714,306904,24202.59961,1075.7,-0.0075
0,2018-03-28,2419.29,2452.06,2463.92,332128,23857.71094,1075.1,-5e-04
0,2018-03-29,2436.37,2419.29,2455.95714285714,501307,23848.41992,1064.6,-0.0098
0,2018-03-30,2445.85,2436.37,2448.93571428571,333359,24103.10938,1063.1,-0.0014
0,2018-04-03,2442.43,2444.16,2435.93857142857,390319,23644.18945,1057.2,-0.0039
0,2018-04-04,2408.06,2442.43,2439.60571428571,497140,24033.35938,1054.9,-0.0021
0,2018-04-05,2437.52,2408.06,2435.46,551703,24264.30078,1058.3,0.0032
0,2018-04-06,2429.58,2437.52,2433.38285714286,591042,24505.2207,1062.6,0.0041
0,2018-04-09,2444.08,2429.58,2434.85285714286,454309,23932.75977,1070.8,0.0077
0,2018-04-10,2450.74,2444.08,2435.95428571429,334424,23979.09961,1069.7,-0.001
0,2018-04-11,2444.22,2450.74,2436.65285714286,356390,24408,1064.8,-0.0046
0,2018-04-12,2442.71,2444.22,2436.66142857143,355187,24189.44922,1066.8,0.0019
0,2018-04-13,2455.07,2442.71,2436.70142857143,441568,24483.05078,1071,0.004
0,2018-04-16,2457.49,2455.07,2443.41714285714,395886,24360.14063,1071.7,6e-04
0,2018-04-17,2453.77,2457.49,2446.27,347173,24573.03906,1070.7,-9e-04
0,2018-04-18,2479.98,2453.77,2449.72571428571,394700,24786.63086,1067.1,-0.0033
0,2018-04-19,2486.1,2479.98,2454.85428571429,647285,24748.07031,1065.1,-0.0019
0,2018-04-20,2476.33,2486.1,2459.90571428571,727030,24664.89063,1067.2,0.002
0,2018-04-23,2474.11,2476.33,2464.49285714286,531718,24462.93945,1071.1,0.0036
0,2018-04-24,2464.14,2474.11,2468.97857142857,701423,24448.68945,1081.2,0.0094
0,2018-04-25,2448.81,2464.14,2470.27428571429,524280,24024.13086,1077.3,-0.0036
0,2018-04-26,2475.64,2448.81,2469.03428571429,466095,24083.83008,1082.2,0.0046
0,2018-04-27,2492.4,2475.64,2472.15857142857,520917,24322.33984,1077.7,-0.0042
0,2018-04-30,2515.38,2492.4,2473.93285714286,464957,24311.18945,1067.9,-0.0091
0,2018-05-02,2505.61,2515.38,2478.11571428571,746291,24163.15039,1070.5,0.0024
0,2018-05-03,2487.25,2505.61,2482.29857142857,807588,23924.98047,1079.9,0.0059
0,2018-05-04,2461.38,2487.25,2484.17571428571,614102,23930.15039,1075.6,-0.004
0,2018-05-08,2449.81,2461.38,2483.78142857143,612024,24262.50977,1074.1,-0.0013
0,2018-05-09,2443.98,2449.81,2483.92428571429,714734,24360.21094,1078.6,-0.0014
0,2018-05-10,2464.16,2443.98,2479.40142857143,593365,24542.53906,1079.4,8e-04
0,2018-05-11,2477.71,2464.16,2475.36714285714,490004,24739.5293,1065.8,-0.0126
0,2018-05-14,2476.11,2477.71,2469.98571428571,599900,24831.16992,1068,0.002
0,2018-05-15,2458.54,2476.11,2465.77142857143,650707,24899.41016,1070.9,0.0028
0,2018-05-16,2459.82,2458.54,2461.67,712619,24706.41016,1080.8,0.0092
0,2018-05-17,2448.45,2459.82,2461.44714285714,691813,24768.92969,1077.7,-0.0028
0,2018-05-18,2460.65,2448.45,2461.25285714286,596771,24713.98047,1082.6,0.0045
0,2018-05-21,2465.57,2460.65,2463.63428571429,431376,24715.08984,1081.4,-0.0011
0,2018-05-23,2471.91,2465.57,2463.83571428571,588088,25013.28906,1077.7,-0.0034
0,2018-05-24,2466.01,2471.91,2463.00714285714,752675,24886.81055,1077.3,7e-04
0,2018-05-25,2460.8,2466.01,2461.56428571429,638125,24811.75977,1081.7,0.0041
0,2018-05-28,2478.96,2460.8,2461.88714285714,653592,24753.08984,1078.4,-0.0031
0,2018-05-30,2409.03,2457.25,2465.87857142857,571836,24361.44922,1084.4,0.0085
0,2018-05-31,2423.01,2409.03,2458.50428571429,575922,24667.7793,1077.1,-0.0067
0,2018-06-01,2438.96,2423.01,2452.42428571429,816930,24415.83984,1080.6,0.0032
0,2018-06-04,2447.76,2438.96,2447.71714285714,603023,24635.21094,1071.9,-0.0081
0,2018-06-05,2453.76,2447.76,2445.11,438929,24813.68945,1070.5,-0.0013
0,2018-06-07,2470.58,2453.76,2444.10428571429,501363,24799.98047,1072,0.0014
0,2018-06-08,2451.58,2470.58,2442.90714285714,474146,25241.41016,1072.2,0.005
0,2018-06-11,2470.15,2451.58,2442.09714285714,530159,25316.5293,1074.9,0.0026
0,2018-06-12,2468.83,2470.15,2450.82857142857,427946,25322.31055,1076.9,0.0018
0,2018-06-14,2423.48,2468.83,2457.37428571429,613166,25320.73047,1081.8,0.0046
0,2018-06-15,2404.04,2423.48,2455.16285714286,533448,25175.31055,1089.2,0.0029
0,2018-06-18,2376.24,2404.04,2448.91714285714,502361,25090.48047,1103.4,0.0131
0,2018-06-19,2340.11,2376.24,2437.84285714286,564818,24987.4707,1103.5,1e-04
0,2018-06-20,2363.91,2340.11,2419.20428571429,606304,24700.21094,1111.9,0.0076
0,2018-06-21,2337.83,2363.91,2406.68,456004,24657.80078,1110,-0.0017
0,2018-06-22,2357.22,2337.83,2387.77714285714,438264,24461.69922,1110.6,5e-04
0,2018-06-25,2357.88,2357.22,2371.83285714286,537263,24580.89063,1112,0.0013
0,2018-06-26,2350.92,2357.88,2362.46142857143,415079,24252.80078,1115.5,0.0031
0,2018-06-27,2342.03,2350.92,2354.87285714286,470914,24283.10938,1118.5,0.0027
0,2018-06-28,2314.24,2342.03,2349.98571428571,526625,24117.58984,1123.6,0.0045
0,2018-06-29,2326.13,2314.24,2346.29,414370,24216.05078,1121.4,-0.002
0,2018-07-02,2271.54,2326.13,2340.89285714286,396663,24271.41016,1115,-0.0056
0,2018-07-03,2272.76,2271.54,2331.42285714286,393265,24307.17969,1118.9,0.0034
0,2018-07-04,2265.46,2272.76,2319.35714285714,366027,24174.82031,1115,-0.0035
0,2018-07-06,2272.87,2257.55,2292.81571428571,346883,24356.74023,1119.3,0.0026
0,2018-07-09,2285.8,2272.87,2282.93571428571,344433,24456.48047,1115.5,-0.0034
0,2018-07-10,2294.16,2285.8,2278.87285714286,352638,24776.58984,1113.3,-0.002
0,2018-07-11,2280.62,2294.16,2274.30571428571,339918,24919.66016,1114.2,8e-04
0,2018-07-12,2285.06,2280.62,2275.60285714286,422988,24700.44922,1128.2,0.0126
0,2018-07-13,2310.9,2285.06,2277.36,364407,24924.89063,1124.6,-0.0032
0,2018-07-16,2301.99,2310.9,2283.85142857143,291562,25019.41016,1130.1,0.0049
0,2018-07-17,2297.92,2301.99,2290.2,297122,25064.35938,1128.5,-0.0015
0,2018-07-18,2290.11,2297.92,2293.77857142857,379033,25119.89063,1127,-0.0013
0,2018-07-19,2282.29,2290.11,2294.39428571429,402771,25199.28906,1131.2,0.0037
0,2018-07-20,2289.19,2282.29,2292.69857142857,464516,25064.5,1135.6,0.0039
0,2018-07-23,2269.31,2289.19,2293.92285714286,353236,25058.11914,1127.9,-0.0067
0,2018-07-24,2280.2,2269.31,2291.67285714286,334290,25044.28906,1134.2,0.0056
0,2018-07-25,2273.03,2280.2,2287.28714285714,436133,25241.93945,1127.4,-0.006
0,2018-07-26,2289.06,2273.03,2283.15,309319,25414.09961,1117.8,-0.0085
0,2018-07-27,2294.99,2289.06,2281.88428571429,303334,25527.07031,1124.4,0.0059
0,2018-07-30,2293.51,2294.99,2282.58142857143,262143,25451.06055,1115.9,-0.0076
0,2018-07-31,2295.26,2293.51,2284.18428571429,206497,25306.83008,1117.8,0.0017
0,2018-08-01,2307.07,2295.26,2285.05142857143,223927,25415.18945,1113.3,-0.0041
0,2018-08-02,2270.2,2307.07,2290.44571428571,219034,25333.82031,1119.5,0.0056
0,2018-08-03,2287.68,2270.2,2289.01714285714,352056,25326.16016,1128.2,0.0078
0,2018-08-06,2286.5,2287.68,2291.11,270494,25462.58008,1123.3,-0.0043
0,2018-08-07,2300.16,2286.5,2290.74428571429,244548,25502.17969,1126.7,0.003
0,2018-08-08,2301.45,2300.16,2291.48285714286,230339,25628.91016,1117.9,-0.0078
0,2018-08-09,2303.71,2301.45,2292.61714285714,299691,25583.75,1117.3,-6e-04
0,2018-08-10,2282.79,2303.71,2293.82428571429,244882,25509.23047,1123.7,0.0058
0,2018-08-13,2248.45,2282.79,2290.35571428571,286161,25313.14063,1130.2,0.0058
0,2018-08-14,2258.91,2248.45,2287.24857142857,335380,25187.69922,1137,0.006
0,2018-08-16,2240.8,2258.91,2283.13857142857,255216,25299.91992,1128.2,-0.0077
0,2018-08-17,2247.05,2240.8,2276.61,312519,25558.73047,1127.3,-0.0059
0,2018-08-20,2247.88,2247.05,2269.02285714286,238377,25669.32031,1119.7,-0.0067
0,2018-08-21,2270.06,2247.88,2261.37,271600,25758.68945,1118.2,-0.0014
0,2018-08-22,2273.33,2270.06,2256.56285714286,294337,25822.28906,1116.6,-0.0014
0,2018-08-23,2282.6,2273.33,2255.21142857143,269270,25733.59961,1117.8,0.001
0,2018-08-24,2293.21,2282.6,2260.09,338386,25656.98047,1124.6,0.0061
0,2018-08-27,2299.3,2293.21,2264.99,347291,25790.34961,1114.5,-0.009
0,2018-08-28,2303.12,2299.3,2273.34714285714,307044,26049.64063,1109.1,-0.0049
0,2018-08-29,2309.03,2303.12,2281.35714285714,276889,26064.01953,1108.3,-7e-04
0,2018-08-30,2307.35,2309.03,2290.09285714286,268214,26124.57031,1110.6,0.0021
0,2018-08-31,2322.88,2307.35,2295.42,286926,25986.91992,1114.8,0.0037
0,2018-09-03,2307.03,2322.88,2302.49857142857,255908,25964.82031,1115.6,8e-04
0,2018-09-05,2291.77,2315.72,2309.20428571429,277014,25952.48047,1118.4,0.0056
0,2018-09-06,2287.61,2291.77,2308.12857142857,358187,25974.99023,1119.8,0.0013
0,2018-09-07,2281.58,2287.61,2305.91285714286,387510,25995.86914,1122.1,0.002
0,2018-09-10,2288.66,2281.58,2301.99142857143,357560,25916.53906,1128.6,0.0058
0,2018-09-11,2283.2,2288.66,2299.32142857143,312612,25857.07031,1129.9,0.0012
0,2018-09-12,2282.92,2283.2,2293.65285714286,368210,25971.06055,1124,-0.0052
0,2018-09-13,2286.23,2282.92,2290.20857142857,336830,25998.91992,1120.3,-0.0033
0,2018-09-14,2318.25,2286.23,2285.99571428571,301308,26145.99023,1120,-2e-04
0,2018-09-17,2303.01,2318.25,2289.77857142857,292236,26154.66992,1121.7,0.0015
0,2018-09-18,2308.98,2303.01,2291.97857142857,343167,26062.11914,1126.3,0.0042
0,2018-09-19,2308.46,2308.98,2295.89285714286,309235,26246.96094,1122.8,-0.0031
0,2018-09-20,2323.45,2308.46,2298.72142857143,350949,26405.75977,1119,-0.0034
0,2018-09-21,2339.17,2323.45,2304.47142857143,289085,26656.98047,1117.1,-0.0016
0,2018-09-27,2355.43,2339.17,2312.50714285714,321703,26743.5,1115,-0.002
0,2018-09-28,2343.07,2355.43,2322.39285714286,279230,26439.92969,1114.2,-0.0013
0,2018-10-01,2338.88,2343.07,2325.93857142857,317870,26458.31055,1110.2,-0.0036
0,2018-10-02,2309.57,2338.88,2331.06285714286,278310,26651.21094,1113.8,0.0033
0,2018-10-04,2274.49,2309.57,2331.14714285714,287868,26773.93945,1118.5,0.0043
0,2018-10-05,2267.52,2274.49,2326.29428571429,309502,26627.48047,1133.5,0.0071
0,2018-10-08,2253.83,2267.52,2318.30428571429,282139,26447.05078,1132.1,-0.0012
0,2018-10-10,2228.61,2253.83,2306.11285714286,214644,26486.7793,1134.6,0.0022
0,2018-10-11,2129.67,2228.61,2287.99571428571,365683,25598.74023,1143.3,0.0099
0,2018-10-12,2161.85,2129.67,2257.51,411919,25052.83008,1135.6,-0.0068
0,2018-10-15,2145.12,2161.85,2232.22,292573,25339.99023,1131.3,-0.0037
0,2018-10-16,2145.12,2145.12,2208.72714285714,259176,25250.55078,1131.9,5e-04
0,2018-10-17,2167.51,2145.12,2190.24571428571,222512,25798.41992,1123.2,-0.0076
0,2018-10-18,2148.31,2167.51,2175.95857142857,275159,25706.67969,1128.5,0.0047
0,2018-10-19,2156.26,2148.31,2160.88428571429,321762,25379.44922,1138.6,0.0089
0,2018-10-22,2161.71,2156.26,2150.54857142857,351771,25444.33984,1132.2,-0.0057
0,2018-10-23,2106.1,2161.71,2155.12571428571,308740,25317.41016,1133.3,0.001
0,2018-10-24,2097.58,2106.1,2147.16142857143,373468,25191.42969,1135.8,0.0022
0,2018-10-25,2063.3,2097.58,2140.37,399734,24583.41992,1139.9,0.0036
0,2018-10-26,2027.15,2063.3,2128.68142857143,376014,24984.55078,1137.4,-0.0022
0,2018-10-29,1996.05,2027.15,2108.63,449197,24688.31055,1140.3,0.0025
0,2018-10-30,2014.69,1996.05,2086.87857142857,427304,24442.91992,1143.7,0.003
0,2018-10-31,2029.69,2014.69,2066.65428571429,441585,24874.64063,1139.7,-0.0035
0,2018-11-01,2024.46,2029.69,2047.79428571429,373027,25115.75977,1142,0.002
0,2018-11-02,2096,2024.46,2036.13142857143,343813,25380.74023,1124.3,-0.0155
0,2018-11-05,2076.92,2096,2035.90571428571,371978,25270.83008,1118.1,-0.0055
0,2018-11-06,2089.62,2076.92,2037.85142857143,361302,25461.69922,1120.6,0.0022
0,2018-11-07,2078.69,2089.62,2046.77571428571,315816,25635.00977,1121.9,0.0012
0,2018-11-08,2092.63,2078.69,2058.58142857143,485225,26180.30078,1116.4,-0.0049
0,2018-11-09,2086.09,2092.63,2069.71571428571,328034,26191.2207,1121.7,0.0047
0,2018-11-12,2080.44,2086.09,2077.77285714286,298072,25989.30078,1130.7,0.008
0,2018-11-13,2071.23,2080.44,2085.77,295528,25387.17969,1139.4,0.0077
0,2018-11-14,2068.05,2071.23,2082.23142857143,383421,25286.49023,1131.5,-0.0069
0,2018-11-15,2088.06,2068.05,2080.96428571429,339046,25080.5,1132.7,0.0011
0,2018-11-16,2092.4,2088.06,2080.74142857143,351042,25289.26953,1127.9,-0.0042
0,2018-11-19,2100.56,2092.4,2082.7,301604,25413.2207,1121.4,-0.0058
0,2018-11-20,2082.58,2100.56,2083.83285714286,273198,25017.43945,1125.7,0.0038
0,2018-11-21,2076.55,2082.58,2083.33142857143,281685,24465.64063,1130.3,0.0041
0,2018-11-22,2069.95,2076.55,2082.77571428571,267903,24464.68945,1128.1,-0.0019
0,2018-11-26,2083.02,2057.48,2081.08285714286,227202,24285.94922,1133.5,0.0012
0,2018-11-27,2099.42,2083.02,2080.36285714286,237710,24640.24023,1129.8,-0.0033
0,2018-11-28,2108.22,2099.42,2081.36571428571,239211,24748.73047,1130.5,6e-04
0,2018-11-29,2114.1,2108.22,2082.46,300075,25366.42969,1123.5,-0.0062
0,2018-11-30,2096.86,2114.1,2086.96285714286,307230,25338.83984,1117.6,-0.0053
0,2018-12-03,2131.93,2096.86,2089.86428571429,427354,25538.46094,1120.4,0.0026
0,2018-12-04,2114.35,2131.93,2098.71857142857,436588,25826.42969,1109.5,-0.0097
0,2018-12-05,2101.31,2114.35,2106.84285714286,507517,25027.07031,1111.5,0.0018
0,2018-12-07,2075.76,2068.69,2105.06571428571,537409,24947.66992,1118.7,0.0041
0,2018-12-10,2053.79,2075.76,2100.42857142857,371590,24388.94922,1124.9,0.0055
0,2018-12-11,2052.97,2053.79,2091.81285714286,344164,24423.25977,1128.4,0.0031
0,2018-12-12,2082.57,2052.97,2085.54285714286,273932,24370.24023,1129.5,0.001
0,2018-12-13,2095.55,2082.57,2078.49142857143,457126,24527.26953,1124.8,-0.0042
0,2018-12-14,2069.38,2095.55,2075.80571428571,379818,24597.38086,1125.6,6e-04
0,2018-12-17,2071.09,2069.38,2071.24428571429,448237,24100.50977,1132.7,0.0064
0,2018-12-18,2062.11,2071.09,2071.58714285714,444522,23592.98047,1129.6,-0.0028
0,2018-12-19,2078.84,2062.11,2069.63714285714,429530,23675.64063,1127.5,-0.0018
0,2018-12-20,2060.12,2078.84,2073.21571428571,418796,23323.66016,1129.7,0.0019
0,2018-12-21,2061.49,2060.12,2074.23714285714,421064,22859.59961,1122.8,-0.0061
0,2018-12-24,2055.01,2061.49,2071.22571428571,311388,22445.36914,1129,0.0056
0,2018-12-26,2028.01,2055.01,2065.43428571429,285275,21792.19922,1124.9,-0.0037
0,2018-12-27,2028.44,2028.01,2059.52428571429,321499,22878.44922,1123.7,-0.0015
0,2018-12-28,2041.04,2028.44,2053.43142857143,398021,23138.82031,1120.1,-0.0032
0,2019-01-02,2010,2041.04,2050.42142857143,352677,23062.40039,1117.1,-0.0027
0,2019-01-03,1993.7,2010,2040.58714285714,326367,23346.24023,1120.1,0.0066
0,2019-01-04,2010.25,1993.7,2031.09857142857,427976,22686.2207,1125.9,0.0052
0,2019-01-07,2037.1,2010.25,2023.77857142857,408990,23433.16016,1116.9,-0.008
0,2019-01-08,2025.27,2037.1,2021.22,440191,23531.34961,1117.7,7e-04
0,2019-01-09,2064.71,2025.27,2020.82857142857,397831,23787.44922,1122.8,0.0046
0,2019-01-10,2063.28,2064.71,2026.01,386247,23879.11914,1118.2,-0.0041
0,2019-01-11,2075.57,2063.28,2029.18714285714,382877,24001.91992,1117.8,-3e-04
0,2019-01-14,2064.52,2075.57,2038.55428571429,380061,23995.94922,1118.2,4e-04
0,2019-01-15,2097.18,2064.52,2048.67142857143,432890,23909.83984,1121.8,0.0032
0,2019-01-16,2106.1,2097.18,2061.09,439488,24065.58984,1122.9,9e-04
0,2019-01-17,2107.06,2106.1,2070.94714285714,500078,24207.16016,1120.8,-0.0018
0,2019-01-18,2124.28,2107.06,2082.63142857143,475884,24370.09961,1122.7,0.0017
0,2019-01-21,2124.61,2124.28,2091.14142857143,456737,24706.34961,1126.1,0.003
0,2019-01-23,2127.78,2117.77,2105.93142857143,419441,24404.48047,1131.8,-0.0023
0,2019-01-24,2145.03,2127.78,2114.96857142857,408600,24575.61914,1126.5,-0.0047
0,2019-01-25,2177.73,2145.03,2121.80428571429,413652,24553.24023,1128.8,0.002
0,2019-01-28,2177.3,2177.73,2132.03714285714,410001,24737.19922,1118.8,-0.0088
0,2019-01-29,2183.36,2177.3,2142.07142857143,371618,24528.2207,1118.9,1e-04
0,2019-01-30,2206.2,2183.36,2150.51142857143,552586,24579.96094,1118,-8e-04
0,2019-01-31,2204.85,2206.2,2162.16714285714,480390,25014.85938,1111,-0.0062
0,2019-02-01,2203.46,2204.85,2174.60714285714,545247,24999.66992,1112.4,0.0012
0,2019-02-07,2203.42,2203.46,2185.41857142857,479378,25063.89063,1119.4,0.0063
0,2019-02-08,2177.05,2203.42,2193.76,427842,25169.5293,1124.8,0.0027
0,2019-02-11,2180.73,2177.05,2193.66285714286,391029,25106.33008,1124.5,-3e-04
0,2019-02-12,2190.47,2180.73,2194.15285714286,406059,25053.10938,1126,0.0013
0,2019-02-13,2201.48,2190.47,2195.16857142857,429940,25425.75977,1121.3,-0.0042
0,2019-02-14,2225.85,2201.48,2194.49428571429,421989,25543.26953,1125.6,0.0038
0,2019-02-15,2196.09,2225.85,2197.49428571429,573362,25439.39063,1126.4,7e-04
0,2019-02-18,2210.89,2196.09,2196.44142857143,400591,25883.25,1126.4,0
0,2019-02-20,2229.76,2205.63,2201.59142857143,389093,25891.32031,1122.9,-0.0031
0,2019-02-21,2228.66,2229.76,2208.59571428571,374342,25954.43945,1123.2,3e-04
0,2019-02-22,2230.5,2228.66,2214.05142857143,382510,25850.63086,1125.6,0.0021
0,2019-02-25,2232.56,2230.5,2218.19714285714,409310,26031.81055,1123,-0.0023
0,2019-02-26,2226.6,2232.56,2219.15571428571,339233,26091.94922,1116.1,-0.0062
0,2019-02-27,2234.79,2226.6,2223.51428571429,331962,26057.98047,1115.6,-4e-04
0,2019-02-28,2195.44,2234.79,2226.92857142857,301513,25985.16016,1118.2,0.0023
0,2019-03-04,2190.66,2195.44,2225.47285714286,510022,25916,1125.9,0.0069
0,2019-03-05,2179.23,2190.66,2219.88714285714,373166,25819.65039,1126.5,-0.0011
0,2019-03-06,2175.6,2179.23,2212.82571428571,313145,25806.63086,1125.8,-6e-04
0,2019-03-07,2165.79,2175.6,2204.98285714286,328943,25673.46094,1128.4,0.0023
0,2019-03-08,2137.44,2165.79,2195.44428571429,292578,25473.23047,1134.9,0.0058
0,2019-03-11,2138.1,2137.44,2182.70714285714,313314,25450.24023,1133.9,-9e-04
0,2019-03-12,2157.18,2138.1,2168.89428571429,272103,25650.88086,1131.8,-0.0019
0,2019-03-13,2148.41,2157.18,2163.42857142857,355282,25554.66016,1128.4,-0.0029
0,2019-03-14,2155.68,2148.41,2157.39285714286,285600,25702.89063,1130.5,0.0018
0,2019-03-15,2176.11,2155.68,2154.02857142857,341009,25709.93945,1136.4,0.0052
0,2019-03-18,2179.49,2176.11,2154.10142857143,387135,25848.86914,1135.7,-6e-04
0,2019-03-19,2177.62,2179.49,2156.05857142857,257951,25914.09961,1132.5,-0.0028
0,2019-03-20,2177.1,2177.62,2161.79857142857,319702,25887.38086,1131,-0.0014
0,2019-03-21,2184.88,2177.1,2167.37,317606,25745.66992,1126.1,-0.0043
0,2019-03-22,2186.95,2184.88,2171.32714285714,342747,25962.50977,1128.4,0.0021
0,2019-03-25,2144.86,2186.95,2176.83285714286,333617,25502.32031,1136.1,0.0068
0,2019-03-26,2148.8,2144.86,2175.28714285714,307071,25516.83008,1132.9,-0.0029
0,2019-03-27,2145.62,2148.8,2171.38571428571,301253,25657.73047,1135.9,0.0027
0,2019-03-28,2128.1,2145.62,2166.54714285714,363169,25625.58984,1139.2,0.003
0,2019-03-29,2140.67,2128.1,2159.47285714286,288036,25717.46094,1136,-0.0029
0,2019-04-01,2168.28,2140.67,2154.26857142857,364618,25928.67969,1137.4,0.0013
0,2019-04-02,2177.18,2168.28,2151.89714285714,263312,26258.41992,1133.7,-0.0032
0,2019-04-03,2203.27,2177.18,2150.50142857143,257453,26179.13086,1137.4,0.0033
0,2019-04-04,2206.53,2203.27,2158.84571428571,358644,26218.13086,1134.7,-0.0024
0,2019-04-05,2209.61,2206.53,2167.09285714286,431013,26384.63086,1136.3,0.0015
0,2019-04-08,2210.6,2209.61,2176.23428571429,517153,26424.99023,1137.7,0.0012
0,2019-04-09,2213.56,2210.6,2188.02,347910,26341.01953,1142.1,0.0039
0,2019-04-10,2224.39,2213.56,2198.43285714286,414809,26150.58008,1141.1,-9e-04
0,2019-04-11,2224.44,2224.39,2206.44857142857,399694,26157.16016,1138,-0.0027
0,2019-04-12,2233.45,2224.44,2213.2,402016,26143.05078,1142,0.0035
0,2019-04-15,2242.88,2233.45,2217.51142857143,449634,26412.30078,1134.7,-0.0063
0,2019-04-16,2248.63,2242.88,2222.70428571429,404160,26384.76953,1135.1,3e-04
0,2019-04-17,2245.89,2248.63,2228.27857142857,569056,26452.66016,1137.7,0.0023
0,2019-04-18,2213.77,2245.89,2233.32,452474,26449.53906,1132.3,-0.0048
0,2019-04-19,2216.15,2213.77,2233.35,573343,26559.53906,1137.1,0.0043
0,2019-04-23,2220.51,2216.65,2231.06,493984,26511.05078,1141,0.0039
0,2019-04-24,2201.03,2220.51,2229.21142857143,481177,26656.39063,1143.1,0.0019
0,2019-04-25,2190.5,2201.03,2223.23285714286,575099,26597.05078,1156.1,0.0113
0,2019-04-26,2179.31,2190.5,2214.92857142857,441137,26462.08008,1160,0.0034
0,2019-04-29,2216.43,2179.31,2205.41714285714,570172,26543.33008,1158.9,-0.001
0,2019-04-30,2203.59,2216.43,2205.79714285714,380823,26554.39063,1159.9,8e-04
0,2019-05-02,2212.75,2203.59,2204.00285714286,381413,26592.91016,1164.3,0.0038
0,2019-05-03,2196.32,2212.75,2203.44571428571,369059,26307.78906,1167.1,0.0011
0,2019-05-07,2176.99,2196.32,2199.99,617877,26504.94922,1164.3,-0.0023
0,2019-05-08,2168.01,2176.99,2196.55571428571,484097,25965.08984,1172.4,0.0027
0,2019-05-09,2102.01,2168.01,2193.34285714286,456333,25967.33008,1173.1,6e-04
0,2019-05-10,2108.04,2102.01,2182.3,743506,25828.35938,1180.1,0.006
0,2019-05-13,2079.01,2108.04,2166.81571428571,714766,25942.36914,1175.2,-0.0041
0,2019-05-14,2081.84,2079.01,2149.01857142857,505750,25324.99023,1188.8,0.0116
0,2019-05-15,2092.78,2081.84,2130.31714285714,696195,25532.05078,1187.8,-8e-04
0,2019-05-16,2067.69,2092.78,2115.52571428571,577794,25648.01953,1186.8,-9e-04
0,2019-05-17,2055.8,2067.69,2099.91142857143,745164,25862.67969,1192.3,0.0047
0,2019-05-20,2055.71,2055.8,2083.88142857143,537380,25764,1194.7,0.002
0,2019-05-21,2061.25,2055.71,2077.26714285714,640195,25679.90039,1194.7,0
0,2019-05-22,2064.86,2061.25,2070.58285714286,526858,25877.33008,1192.8,-0.0016
0,2019-05-23,2059.59,2064.86,2068.56142857143,509974,25776.60938,1190.8,-0.0017
0,2019-05-24,2045.31,2059.59,2065.38285714286,509268,25490.4707,1189.8,-8e-04
0,2019-05-27,2044.21,2045.31,2058.60142857143,480647,25585.68945,1185.8,-0.0034
0,2019-05-29,2023.32,2048.83,2054.25142857143,494478,25347.76953,1188.9,0.0037
0,2019-05-30,2038.8,2023.32,2049.62428571429,380893,25126.41016,1194,0.0043
0,2019-05-31,2041.74,2038.8,2046.41714285714,461850,25169.88086,1189.7,-0.0036
0,2019-06-03,2067.85,2041.74,2043.11428571429,439181,24815.03906,1188.8,-8e-04
0,2019-06-04,2066.97,2067.85,2044.29428571429,387145,24819.7793,1179.6,-0.0077
0,2019-06-05,2069.11,2066.97,2047.38857142857,435991,25332.17969,1178.3,-0.0012
0,2019-06-07,2072.33,2069.11,2050.94571428571,380156,25539.57031,1180.8,0.0022
0,2019-06-10,2099.49,2072.33,2054.30285714286,368392,25983.93945,1182.1,0.0029
0,2019-06-11,2111.81,2099.49,2065.18428571429,457640,26062.67969,1184,0.0016
0,2019-06-12,2108.75,2111.81,2075.61428571429,550740,26048.50977,1179.2,-0.0041
0,2019-06-13,2103.15,2108.75,2085.18714285714,693507,26004.83008,1183.5,0.0037
0,2019-06-14,2095.41,2103.15,2090.23,553393,26106.76953,1183.3,-2e-04
0,2019-06-17,2090.73,2095.41,2094.29285714286,473370,26089.60938,1186.9,0.003
0,2019-06-18,2098.71,2090.73,2097.38142857143,561550,26112.5293,1186.6,-3e-04
0,2019-06-19,2124.78,2098.71,2101.15,600964,26465.53906,1174.9,-0.0098
0,2019-06-20,2131.29,2124.78,2104.76285714286,862980,26504,1172.5,-0.002
0,2019-06-21,2125.62,2131.29,2107.54571428571,1007158,26753.16992,1159.4,-0.0111
0,2019-06-24,2126.33,2125.62,2109.95571428571,692027,26719.13086,1159.2,-2e-04
0,2019-06-25,2121.64,2126.33,2113.26714285714,669639,26727.53906,1154.7,-0.0039
0,2019-06-26,2121.85,2121.64,2117.01428571429,642999,26548.2207,1156.2,0.0013
0,2019-06-27,2134.32,2121.85,2121.46,736851,26536.82031,1154.7,-0.0013
0,2019-06-28,2130.62,2134.32,2126.54714285714,644900,26526.58008,1157.1,0.0021
0,2019-07-01,2129.74,2130.62,2127.38142857143,537274,26599.96094,1156.4,-6e-04
0,2019-07-02,2122.02,2129.74,2127.16,412291,26717.42969,1161.8,0.0047
0,2019-07-03,2096.02,2122.02,2126.64571428571,460830,26786.67969,1167.5,0.0049
0,2019-07-04,2108.73,2096.02,2122.31571428571,522709,26966,1170.7,0.0028
0,2019-07-08,2064.17,2110.59,2118.86285714286,459391,26922.11914,1175,0.0057
0,2019-07-09,2052.03,2064.17,2108.84142857143,515950,26806.14063,1180.9,0.005
0,2019-07-10,2058.78,2052.03,2097.61428571429,440122,26783.49023,1183.2,0.0019
0,2019-07-11,2080.58,2058.78,2087.47714285714,355677,26860.19922,1176.6,-0.0056
0,2019-07-12,2086.66,2080.58,2081.55714285714,376675,27088.08008,1175.2,-0.0012
0,2019-07-15,2082.48,2086.66,2080.22,403935,27332.0293,1177.3,0.0018
0,2019-07-16,2091.87,2082.48,2076.47,463519,27359.16016,1180.4,0.0026
0,2019-07-17,2072.92,2091.87,2073.79571428571,682802,27335.63086,1179.6,-7e-04
0,2019-07-18,2066.55,2072.92,2075.04571428571,761626,27219.84961,1180.6,8e-04
0,2019-07-19,2094.36,2066.55,2077.12,446644,27222.9707,1172.8,-0.0066
0,2019-07-22,2093.34,2094.36,2082.20285714286,394904,27154.19922,1176.1,0.0028
0,2019-07-23,2101.45,2093.34,2084.02571428571,332629,27171.90039,1176.9,6e-04
0,2019-07-24,2082.3,2101.45,2086.13857142857,648123,27349.18945,1179.9,0.0026
0,2019-07-25,2074.48,2082.3,2086.11285714286,851392,27269.9707,1178.4,-0.0013
0,2019-07-26,2066.26,2074.48,2083.62857142857,598634,27140.98047,1184.2,0.0049
0,2019-07-29,2029.48,2066.26,2082.67714285714,589074,27192.44922,1184.2,1e-04
0,2019-07-30,2038.68,2029.48,2077.38142857143,608670,27221.34961,1183.7,-4e-04
0,2019-07-31,2024.55,2038.68,2069.42714285714,547029,27198.01953,1181.4,-0.002
0,2019-08-01,2017.34,2024.55,2059.6,589386,26864.26953,1188.3,0.0059
0,2019-08-02,1998.13,2017.34,2047.58428571429,461743,26583.41992,1196.4,0.0068
0,2019-08-05,1946.98,1998.13,2035.56,438538,26485.00977,1204.6,0.0069
0,2019-08-06,1917.5,1946.98,2017.34571428571,639603,25717.74023,1218.3,0.0114
0,2019-08-07,1909.71,1917.5,1996.09428571429,739588,26029.51953,1213.4,-0.004
0,2019-08-08,1920.61,1909.71,1978.98428571429,760777,26007.07031,1213,-3e-04
0,2019-08-09,1937.75,1920.61,1962.11714285714,777165,26378.18945,1208.1,-0.0041
0,2019-08-12,1942.29,1937.75,1949.71714285714,654344,26287.43945,1214.5,0.0053
0,2019-08-13,1925.83,1942.29,1938.99571428571,427140,25896.43945,1219.1,0.0039
0,2019-08-14,1938.37,1925.83,1928.66714285714,660040,26279.91016,1206.6,-0.0103
0,2019-08-16,1927.17,1938.37,1927.43714285714,699585,25479.41992,1216.9,0.0085
0,2019-08-19,1939.9,1927.17,1928.81857142857,421682,25886.00977,1208.5,-0.004
0,2019-08-20,1960.25,1939.9,1933.13142857143,481022,26135.78906,1212.6,0.0034
0,2019-08-21,1964.65,1960.25,1938.79428571429,463604,25962.43945,1206.4,-0.0051
0,2019-08-22,1951.01,1964.65,1942.63714285714,391567,26202.73047,1202.4,-0.0033
0,2019-08-23,1948.3,1951.01,1943.88285714286,435564,26252.24023,1210.4,0.0066
0,2019-08-26,1916.31,1948.3,1947.09285714286,381086,25628.90039,1213.7,0.0027
0,2019-08-27,1924.6,1916.31,1943.94142857143,324853,25898.83008,1212.7,-8e-04
0,2019-08-28,1941.09,1924.6,1943.57428571429,427042,25777.90039,1212.7,0
0,2019-08-29,1933.41,1941.09,1943.74428571429,284344,26036.09961,1213.3,5e-04
1,2019-08-30,1967.79,1933.41,1939.91,285103,26362.25,1209.1,-0.0034
1,2019-09-02,1969.19,1967.79,1940.35857142857,317733,26403.2793,1210.5,0.0011
1,2019-09-04,1988.53,1965.69,1945.44,342077,26118.01953,1211.5,-0.0025
1,2019-09-05,2004.75,1988.53,1955.75714285714,348722,26355.4707,1204.6,-0.0057
1,2019-09-06,2009.13,2004.75,1967.20714285714,488067,26728.15039,1198,-0.0055
1,2019-09-09,2019.55,2009.13,1976.92714285714,384440,26797.46094,1192.8,-0.0044
1,2019-09-10,2032.08,2019.55,1989.23285714286,511821,26835.50977,1192.9,1e-04
1,2019-09-11,2049.2,2032.08,1998.41714285714,504390,26909.42969,1191.5,-0.0012
1,2019-09-16,2062.22,2049.2,2009.84714285714,429075,27137.03906,1190.7,-7e-04
1,2019-09-17,2062.33,2062.22,2023.63714285714,493516,27076.82031,1185,0.0045
1,2019-09-18,2070.73,2062.33,2034.18,507995,27110.80078,1187.6,0.0022
1,2019-09-19,2080.35,2070.73,2043.60571428571,613147,27147.08008,1191.7,0.0035
1,2019-09-20,2091.52,2080.35,2053.78,493037,27094.78906,1195.4,0.003
1,2019-09-23,2091.7,2091.52,2064.06142857143,589919,26935.07031,1194.1,-0.001
1,2019-09-24,2101.04,2091.7,2072.57857142857,420948,26949.99023,1195,8e-04
1,2019-09-25,2073.39,2101.04,2079.98428571429,535771,26807.76953,1195.5,4e-04
1,2019-09-26,2074.52,2073.39,2081.58,651551,26970.71094,1199.8,0.0036
1,2019-09-27,2049.93,2074.52,2083.32142857143,430577,26891.11914,1200.5,5e-04
1,2019-09-30,2063.05,2049.93,2080.35,285943,26820.25,1203,0.0021
