COLLEGE,INCOME,OVERAGE,LEFTOVER,HOUSE,HANDSET_PRICE,AVERAGE_CALL_DURATION,REPORTED_SATISFACTION,CHURN
0,119512,51,31,248566,229,2,5,STAY
1,142144,192,15,774317,581,4,3,STAY
1,142308,0,79,306426,497,1,4,STAY
1,113385,0,0,333599,819,6,2,STAY
1,90348,209,10,637286,360,4,3,STAY
0,55487,42,73,471058,367,1,1,LEAVE
0,50910,59,87,802296,323,1,3,STAY
1,22637,64,13,186657,178,5,3,LEAVE
1,146433,0,0,349332,841,15,2,LEAVE
1,74589,218,0,249263,352,15,2,STAY
0,124419,0,37,813968,487,1,5,STAY
1,139775,0,0,480540,743,14,5,STAY
1,89529,56,0,960428,387,5,1,STAY
1,99608,43,20,679555,391,4,2,STAY
1,120126,67,14,372710,437,5,2,LEAVE
1,59069,0,79,186640,240,2,2,LEAVE
1,130942,159,22,695860,455,4,1,STAY
1,83462,0,15,659603,366,6,3,STAY
0,86168,75,0,605298,349,9,1,STAY
0,121073,67,20,598209,858,4,2,LEAVE
0,60822,188,65,752009,372,1,2,STAY
0,70405,52,83,637341,287,1,2,STAY
1,151447,156,87,410229,857,1,1,LEAVE
1,69452,212,87,584877,347,1,1,LEAVE
0,42804,44,38,431373,170,1,3,STAY
1,45162,84,18,568476,227,6,5,STAY
1,141257,0,81,943156,773,1,3,STAY
1,61663,0,27,712572,285,1,5,STAY
1,46001,52,18,422188,207,4,5,STAY
1,20738,61,0,930212,170,13,3,STAY
0,28843,175,6,244238,234,4,1,LEAVE
1,21331,250,53,313981,242,4,1,LEAVE
0,86670,183,0,226328,256,9,4,STAY
0,131182,0,0,650709,569,15,1,STAY
0,103413,0,18,725445,362,4,4,STAY
0,30358,208,15,247733,245,5,3,LEAVE
1,117157,59,0,247018,656,10,2,LEAVE
1,26713,0,86,580653,225,2,4,STAY
1,74652,204,24,675943,512,6,5,STAY
0,148962,228,9,894730,727,14,1,STAY
1,34950,193,15,260915,227,4,1,STAY
1,41782,146,19,258845,223,6,3,LEAVE
1,143654,222,54,506327,387,1,5,STAY
0,151743,226,0,252067,781,12,1,LEAVE
0,127065,38,60,661541,899,1,2,STAY
1,88525,70,76,808036,230,2,5,STAY
1,31833,229,6,816691,819,5,2,STAY
0,127197,87,20,409271,684,6,3,STAY
1,39054,88,0,953860,157,8,2,STAY
0,64956,0,49,169845,286,2,2,LEAVE
0,77516,0,7,213432,262,6,4,STAY
0,33967,0,0,779998,211,14,2,STAY
1,22734,0,0,854882,171,8,3,STAY
0,32700,0,32,471366,153,1,5,STAY
0,93070,184,7,837568,571,4,5,LEAVE
0,27287,215,73,840106,741,2,4,STAY
1,142998,0,12,846370,856,6,3,STAY
0,57426,156,8,749201,197,5,1,STAY
0,132914,50,12,371537,615,6,2,STAY
1,100499,189,68,894291,756,2,1,STAY
0,106145,0,89,410747,899,2,3,STAY
0,67215,0,0,845886,283,13,3,STAY
1,71676,188,11,586976,383,5,2,LEAVE
1,32889,0,22,543119,195,6,1,LEAVE
0,156025,37,0,942241,628,11,2,STAY
1,29617,0,87,924585,298,1,3,LEAVE
0,53636,68,0,881758,279,11,3,STAY
0,140646,0,0,422603,877,9,2,STAY
0,34238,96,0,339326,180,11,5,STAY
1,129276,186,40,463452,662,6,1,LEAVE
1,129840,171,0,218852,777,11,2,STAY
0,40861,204,65,200056,206,8,5,LEAVE
0,59539,239,19,234944,293,6,3,LEAVE
0,60429,46,55,647062,328,1,1,STAY
1,31210,0,0,879805,241,10,1,LEAVE
1,30321,145,0,274254,172,9,1,LEAVE
1,65771,0,0,170942,723,1,2,STAY
1,133475,0,0,701029,436,10,3,STAY
0,115887,119,0,260837,522,15,3,STAY
1,32823,68,73,997653,234,2,1,STAY
0,33477,0,11,292825,159,4,5,STAY
1,43319,0,13,634407,222,5,1,STAY
1,59505,91,74,362390,254,12,2,LEAVE
1,22906,52,78,489482,447,1,3,STAY
1,108670,56,36,759434,503,1,2,STAY
1,81161,66,68,289439,266,1,5,LEAVE
0,68775,37,0,555186,358,9,4,STAY
1,156888,213,0,681829,737,12,3,STAY
1,66746,0,19,282167,381,1,2,STAY
1,61919,158,9,172870,307,5,4,LEAVE
0,46784,0,71,262241,163,2,3,LEAVE
1,49444,0,0,605860,210,9,2,STAY
0,97124,0,62,301427,313,2,2,STAY
0,28253,147,11,596025,229,1,2,LEAVE
1,37715,192,0,774034,139,13,5,STAY
0,80576,209,22,789085,341,5,1,STAY
0,44930,180,43,418715,149,2,1,LEAVE
0,53253,181,69,352416,342,2,5,LEAVE
1,129269,0,0,222737,649,9,2,LEAVE
1,52984,183,18,689102,140,5,1,STAY
1,146166,0,86,603911,542,2,5,STAY
0,77090,0,32,325703,364,2,2,LEAVE
0,59834,211,16,440268,293,4,1,LEAVE
1,150303,0,23,586587,670,5,3,STAY
1,61888,237,20,179545,395,5,2,STAY
0,149494,71,0,693234,669,15,5,STAY
1,61429,161,13,232255,252,10,2,LEAVE
1,21824,175,74,972571,241,2,4,LEAVE
0,102553,44,0,470582,607,10,5,STAY
1,39465,50,17,167631,206,5,3,STAY
1,153618,152,7,296971,418,6,2,STAY
1,148449,0,15,569543,709,6,5,STAY
0,63362,0,0,698246,175,8,1,STAY
1,64154,71,10,470860,175,6,3,STAY
0,43672,63,39,623641,226,2,3,STAY
0,35626,154,0,869010,222,15,2,STAY
1,35701,213,42,968928,246,1,1,LEAVE
0,79439,0,49,708866,377,4,2,STAY
0,90035,0,37,936539,368,1,1,STAY
1,20854,0,89,581168,241,2,3,LEAVE
1,100352,0,11,834395,193,5,2,STAY
0,22281,0,35,553959,157,15,3,LEAVE
1,150133,172,64,618331,776,2,2,STAY
1,93369,187,0,975421,277,11,3,STAY
0,139391,0,13,990563,449,4,3,STAY
1,33390,69,0,826493,232,14,2,STAY
0,135975,51,71,252092,595,2,2,LEAVE
1,112259,0,54,212227,815,2,3,STAY
1,57191,67,0,935823,376,13,5,STAY
1,33101,50,0,513451,330,1,5,STAY
0,122989,58,15,529833,213,10,3,STAY
0,96721,0,0,254364,592,5,1,LEAVE
1,123268,153,26,282520,824,1,3,STAY
1,26399,89,23,872666,166,5,5,STAY
0,46298,204,13,659475,188,4,1,STAY
1,154608,0,0,239443,811,14,2,STAY
1,142082,250,0,202143,500,9,2,LEAVE
1,47474,0,7,792231,233,4,5,STAY
1,28361,0,19,624448,186,4,5,STAY
1,66630,198,18,923345,796,5,2,LEAVE
1,48552,63,0,994379,204,15,5,STAY
1,38351,211,0,190111,180,1,5,LEAVE
1,22459,0,0,261921,231,12,3,STAY
0,57081,33,14,160203,265,4,2,STAY
1,82862,187,8,349023,300,4,2,STAY
0,153643,0,83,652377,861,1,5,STAY
1,65698,0,21,488891,324,6,4,STAY
1,38553,57,16,438771,177,5,2,LEAVE
0,62479,38,0,226829,349,14,2,STAY
1,113278,0,21,460460,496,6,1,STAY
1,57011,60,0,735588,357,14,4,STAY
1,42293,64,15,695894,236,5,5,STAY
0,41222,61,0,907847,331,8,5,STAY
0,95734,0,27,951798,292,1,2,STAY
0,97931,190,73,594359,360,9,1,LEAVE
1,128048,223,11,923055,701,6,1,LEAVE
0,59020,156,0,283026,332,5,5,LEAVE
0,65390,73,0,254783,349,8,1,STAY
1,43263,0,0,965312,156,5,1,STAY
0,48523,0,9,176040,189,6,3,STAY
0,156829,43,14,345521,561,5,3,STAY
1,146115,0,0,227508,427,12,5,STAY
0,24054,0,22,284278,189,4,1,STAY
0,62450,82,0,897937,131,14,5,STAY
1,110866,0,35,489078,488,2,1,STAY
1,41712,51,0,633894,189,8,5,STAY
0,149787,169,20,787803,567,5,5,STAY
0,100827,180,22,571636,559,4,3,STAY
1,84529,0,0,201011,315,13,4,STAY
0,40170,44,0,436516,181,9,2,STAY
1,49897,0,15,961324,215,5,3,STAY
1,116583,0,21,418396,481,4,5,STAY
1,41456,205,85,386527,178,2,3,LEAVE
0,102734,0,24,263279,809,4,3,STAY
1,29647,0,65,151690,169,1,1,LEAVE
0,58817,56,7,334452,272,6,2,LEAVE
1,127195,43,43,525858,530,1,5,STAY
1,95872,0,8,491633,322,5,1,STAY
0,87600,56,0,656944,361,14,5,STAY
0,149042,0,50,395567,874,2,5,STAY
1,46311,0,0,795188,153,8,3,STAY
0,56749,191,27,441243,344,2,4,LEAVE
0,39865,221,0,463399,193,14,2,LEAVE
1,155625,172,12,907618,885,5,5,STAY
1,41697,151,36,496971,445,2,1,LEAVE
0,64781,187,59,405376,341,2,1,LEAVE
1,141302,0,36,409188,534,1,2,STAY
0,64329,230,0,681859,372,11,1,STAY
0,100489,0,87,455337,589,1,3,STAY
0,75062,0,70,421269,297,1,2,LEAVE
1,48340,42,25,914873,201,1,2,STAY
1,28776,60,8,590968,238,5,2,LEAVE
0,125613,44,14,402417,634,6,2,STAY
0,42020,0,20,755321,214,5,1,STAY
1,130631,29,7,396605,704,6,5,STAY
1,92097,216,42,484809,335,1,5,STAY
1,46326,0,10,406102,138,4,1,LEAVE
0,107213,55,88,941334,801,1,3,LEAVE
1,109975,72,0,253354,546,11,1,STAY
1,122219,0,0,948616,834,12,1,STAY
1,60017,208,0,348833,394,8,1,LEAVE
1,107370,33,0,285892,861,11,1,LEAVE
1,75833,50,0,816748,392,15,2,LEAVE
1,105249,62,39,179291,661,2,4,STAY
1,76482,0,12,226193,278,6,2,STAY
1,62930,30,0,374963,301,13,2,LEAVE
1,66210,0,0,620458,261,9,2,STAY
0,73773,0,0,885373,894,14,1,STAY
1,123170,0,78,561621,263,1,1,LEAVE
0,145216,0,21,747781,760,6,1,LEAVE
0,101450,54,0,855290,773,11,2,STAY
0,35705,197,24,302794,226,6,2,LEAVE
0,131889,0,0,469876,629,8,5,LEAVE
1,86882,0,59,958607,874,2,2,LEAVE
1,106700,0,0,905898,366,8,3,LEAVE
1,57263,0,5,993155,346,4,2,STAY
1,45425,54,5,226023,151,5,3,LEAVE
0,50342,0,33,608449,331,2,1,STAY
0,77665,0,0,474862,397,15,3,STAY
1,153131,45,78,940134,494,2,5,STAY
0,68176,63,5,573192,277,6,1,STAY
1,88016,0,11,640773,280,4,5,STAY
0,157217,173,10,462062,648,5,2,STAY
1,40260,0,0,786518,207,1,1,STAY
0,116549,31,0,335287,877,12,2,LEAVE
0,47515,0,14,651857,235,6,1,STAY
1,42540,203,48,533603,784,2,3,STAY
1,80321,191,0,302727,253,9,1,STAY
1,32449,232,0,213092,226,12,5,STAY
1,26017,62,33,933191,193,1,3,STAY
1,43005,165,82,639422,241,1,3,STAY
0,42264,67,71,188326,236,2,3,LEAVE
1,53483,0,12,434476,361,4,2,STAY
0,33234,156,28,880113,160,2,5,STAY
0,72048,224,7,429682,195,4,4,LEAVE
0,79854,46,0,166178,260,12,4,STAY
1,104243,150,21,704682,404,6,1,STAY
1,27640,52,0,914081,178,14,3,STAY
1,79784,0,0,249283,347,8,3,STAY
1,116641,70,11,160948,506,4,1,STAY
0,125892,186,18,958926,876,6,3,STAY
0,56463,68,0,267782,292,6,2,STAY
0,38146,63,13,171384,195,10,5,STAY
0,22557,60,0,375888,149,13,2,STAY
0,29745,0,24,583768,148,5,3,LEAVE
0,45216,0,82,763090,174,5,3,STAY
1,148950,196,0,740951,495,4,2,STAY
1,138371,165,74,883386,611,2,5,STAY
0,78384,0,85,493974,345,1,2,LEAVE
1,117631,232,84,564181,446,2,3,LEAVE
0,87830,0,18,661952,388,4,5,STAY
0,25035,177,51,200915,183,2,2,LEAVE
0,159237,0,23,714152,493,4,1,LEAVE
1,138650,0,0,523757,675,13,3,STAY
1,158927,0,0,728008,661,9,5,STAY
1,136529,0,0,185265,793,9,2,LEAVE
0,49460,0,17,159648,180,6,1,LEAVE
0,141844,212,77,957027,137,2,5,STAY
1,68645,92,0,683511,303,15,1,STAY
0,138267,176,30,304801,259,2,2,STAY
1,28804,51,13,676869,207,4,5,STAY
1,34454,182,88,688608,207,2,5,STAY
0,76021,167,9,975606,353,6,1,STAY
0,73025,199,12,661503,267,5,2,STAY
1,65178,0,13,179579,280,5,5,STAY
0,84922,0,0,240698,149,14,2,STAY
1,81390,0,0,239754,295,4,5,STAY
1,31494,0,51,424588,173,2,2,STAY
1,23243,0,16,323347,210,4,5,LEAVE
1,146302,81,32,263346,815,8,1,LEAVE
0,44180,0,0,941603,165,10,5,STAY
1,99178,0,72,918824,371,1,3,STAY
1,82650,200,10,796610,369,5,1,STAY
0,47152,203,27,713988,345,1,1,LEAVE
1,106408,239,0,269312,814,15,1,LEAVE
0,23106,129,69,732346,185,1,2,LEAVE
0,158115,174,0,958587,723,13,4,STAY
0,72045,213,0,381577,279,8,3,STAY
0,24951,69,12,197995,203,4,5,LEAVE
1,112356,0,0,928751,567,4,3,STAY
1,27528,194,0,985470,244,15,1,STAY
0,78894,221,0,384913,272,12,1,STAY
0,107794,94,0,153874,559,14,5,STAY
0,84974,0,18,732377,377,4,3,STAY
1,85917,0,0,990985,165,12,1,STAY
1,29082,196,0,871605,226,14,2,STAY
0,41082,224,75,160471,169,2,3,LEAVE
0,70321,53,34,871928,768,1,1,LEAVE
1,64966,59,0,183957,274,12,2,LEAVE
0,52018,0,31,980729,212,1,3,STAY
1,105899,0,0,345199,693,1,2,STAY
0,114659,207,58,157902,763,2,1,LEAVE
0,56468,0,0,486780,376,4,3,STAY
1,158002,206,0,978800,674,8,2,STAY
0,137241,0,35,620525,898,2,3,STAY
0,89735,239,0,885485,332,12,5,STAY
1,47311,224,83,311732,789,1,5,LEAVE
1,108155,84,83,245808,279,2,3,STAY
1,153708,259,39,230847,553,1,2,LEAVE
0,97892,171,86,364081,383,2,3,LEAVE
1,31927,209,85,564408,157,2,4,LEAVE
1,27273,230,0,305049,201,15,3,STAY
0,113673,41,80,841633,411,1,4,STAY
0,39629,0,0,633558,196,14,5,STAY
0,85870,265,5,246230,357,6,3,LEAVE
1,123176,220,0,172466,819,14,3,STAY
0,68281,0,20,837778,363,4,2,STAY
0,82996,0,0,150125,386,14,5,STAY
1,128552,212,0,262367,840,14,5,STAY
1,120138,232,10,329689,511,6,2,STAY
1,97623,44,12,523884,262,4,5,LEAVE
1,100916,0,0,376419,314,11,2,STAY
1,130626,52,0,797779,590,14,4,STAY
1,58236,0,5,475614,366,5,1,STAY
0,24332,33,46,378757,207,1,1,LEAVE
0,89595,186,35,678470,333,2,5,LEAVE
1,40407,62,79,564536,178,1,1,LEAVE
0,45225,0,32,342176,193,2,3,STAY
0,87496,235,48,380659,344,1,5,LEAVE
1,154264,77,8,245141,671,6,2,STAY
1,49245,249,0,168472,211,2,5,STAY
1,20288,0,0,379186,136,14,5,LEAVE
1,135099,83,33,744862,581,1,5,STAY
1,31248,43,77,318545,137,2,2,LEAVE
0,123072,0,41,218987,577,6,3,STAY
0,24977,0,47,380315,153,2,2,LEAVE
0,79119,66,88,993944,318,2,2,STAY
0,70784,194,76,151927,303,1,1,LEAVE
0,109233,0,32,564719,682,2,1,LEAVE
1,36940,259,0,979303,236,8,5,STAY
1,92165,152,0,771245,372,15,3,STAY
0,115066,47,42,594825,220,1,3,LEAVE
1,29739,0,0,239783,144,8,2,LEAVE
0,130232,66,52,594869,406,2,1,STAY
1,116940,0,0,298678,428,8,5,STAY
1,31347,0,13,631284,202,6,5,STAY
1,90964,248,0,699052,398,14,2,STAY
1,25985,0,11,687598,163,5,1,STAY
1,88826,0,0,204327,273,14,5,STAY
1,116743,162,0,957371,644,12,1,STAY
0,21157,218,9,333352,175,6,1,LEAVE
1,48688,0,24,237480,216,6,2,STAY
1,66382,57,39,224996,306,1,5,STAY
1,158849,0,74,495191,581,1,5,STAY
0,72157,0,0,272229,290,9,5,STAY
1,43225,158,11,584974,168,6,1,LEAVE
1,60396,172,0,738099,337,12,4,STAY
0,31397,187,62,437306,140,5,5,LEAVE
1,46056,0,47,913839,180,2,2,LEAVE
1,68711,67,9,301866,362,6,1,LEAVE
1,35634,38,30,491509,209,1,5,STAY
1,153831,0,48,843392,749,1,2,STAY
0,78308,59,51,531990,315,4,2,STAY
0,148942,65,79,365085,741,2,4,STAY
1,121931,74,0,451735,565,11,2,LEAVE
0,138559,62,24,330981,636,6,3,STAY
1,50321,227,19,845180,260,6,2,STAY
0,127076,88,10,566815,753,4,1,LEAVE
0,36241,193,0,234968,145,9,1,STAY
1,108544,28,70,181263,708,1,2,LEAVE
0,123204,245,53,481965,563,1,2,LEAVE
0,105942,55,6,326673,700,4,1,STAY
1,154547,226,0,294186,759,9,2,LEAVE
1,114343,0,0,407267,877,13,1,LEAVE
0,124120,197,0,159920,685,14,3,STAY
0,153456,47,32,470244,758,2,5,STAY
0,32124,207,20,177759,279,6,5,LEAVE
0,115345,41,0,487275,432,14,5,STAY
1,69697,46,0,199581,311,13,3,STAY
1,36204,57,23,335153,163,4,5,STAY
0,91455,199,17,789183,330,9,3,STAY
0,33539,0,68,227953,165,1,2,LEAVE
0,42127,0,0,577647,228,14,5,STAY
0,106804,235,16,306044,515,5,2,STAY
1,59946,196,13,333614,360,6,1,LEAVE
1,133683,0,0,986727,629,8,2,STAY
0,117570,0,0,202109,493,14,2,STAY
0,113676,0,60,515566,863,1,1,STAY
1,49482,62,24,336082,203,6,1,LEAVE
0,129906,62,14,183540,442,6,5,STAY
0,35673,0,17,189107,148,5,2,LEAVE
1,149570,166,84,278083,814,2,5,STAY
1,37387,0,10,316683,190,4,1,STAY
1,83250,0,19,294486,339,5,3,STAY
1,79982,227,28,431926,558,4,1,LEAVE
0,129563,73,22,278329,682,4,5,STAY
1,38838,210,16,587467,158,4,3,LEAVE
1,67356,192,72,925585,376,2,1,STAY
0,49306,161,0,308649,194,14,3,LEAVE
0,21671,43,21,213184,159,4,3,LEAVE
1,124571,84,18,462701,159,4,3,LEAVE
0,128327,0,42,293558,737,2,3,LEAVE
1,44850,0,58,191587,160,1,5,LEAVE
0,62468,147,0,804110,319,13,2,STAY
1,112371,0,24,529761,556,4,5,STAY
1,38109,232,16,182284,131,5,1,LEAVE
1,29377,207,0,844930,139,1,5,STAY
1,56327,174,36,231002,182,1,5,LEAVE
0,146645,208,0,741481,604,15,1,STAY
1,157928,80,47,788418,814,2,2,STAY
1,137383,66,21,381007,721,4,1,STAY
1,21779,0,0,221624,192,13,3,LEAVE
1,32386,37,13,213084,191,6,5,STAY
0,54172,0,80,557421,392,2,1,STAY
0,108766,221,86,989030,723,1,5,STAY
0,20028,177,7,226662,169,6,5,STAY
1,153804,196,19,541409,661,1,5,STAY
0,30530,42,75,832752,180,1,4,STAY
0,45854,165,0,225620,246,10,1,LEAVE
0,59833,76,32,185248,254,1,3,LEAVE
0,106742,72,0,197212,414,10,4,STAY
1,32797,189,0,955251,160,8,1,LEAVE
0,81764,206,23,644395,501,6,1,STAY
1,89977,181,33,860575,287,2,1,STAY
0,77861,197,0,873513,377,8,2,STAY
0,105032,0,0,963542,896,14,5,STAY
0,114698,0,0,606656,444,8,4,STAY
0,151809,0,37,174480,752,2,4,STAY
0,54308,205,23,530559,334,12,3,STAY
1,151627,32,13,403292,533,1,3,STAY
0,137059,239,0,194351,588,6,1,STAY
1,95497,0,13,885054,336,5,2,STAY
1,64404,0,0,174825,382,15,1,LEAVE
1,79106,66,0,548254,373,13,3,STAY
0,110377,0,17,189348,580,6,4,STAY
0,95808,52,0,170375,278,12,5,STAY
0,97856,56,0,302295,308,12,2,LEAVE
1,137286,129,5,512732,776,6,2,LEAVE
1,93618,180,9,210128,350,6,1,STAY
1,89066,47,24,299428,342,4,4,STAY
1,99276,199,80,228706,133,1,1,LEAVE
0,51102,212,17,175045,332,4,2,STAY
1,38147,0,23,464079,187,6,2,LEAVE
0,22075,0,86,309250,162,2,2,LEAVE
0,158386,77,0,290654,526,12,2,LEAVE
1,31358,0,14,956176,182,4,5,STAY
1,68682,40,0,160107,255,2,2,STAY
1,72392,127,33,709794,325,1,2,STAY
0,85360,36,0,560558,361,10,3,STAY
0,143252,59,53,783860,670,2,3,STAY
1,156166,0,86,195911,171,1,1,LEAVE
1,34714,40,46,595685,156,2,1,LEAVE
1,62990,191,61,479096,262,1,2,LEAVE
1,82373,57,0,912410,306,14,2,STAY
0,100049,0,0,971673,712,15,2,LEAVE
1,20424,0,15,537695,183,4,5,STAY
1,43401,0,7,443699,219,4,1,LEAVE
0,54656,45,84,908324,279,2,5,STAY
1,31103,0,0,685623,237,6,3,STAY
1,107671,181,25,746796,797,2,5,STAY
1,87073,0,87,166168,284,1,2,STAY
1,35663,0,73,340038,222,2,5,STAY
0,37682,216,0,237262,165,15,2,LEAVE
0,29153,0,84,966233,362,2,1,STAY
0,131075,188,52,480506,592,4,5,STAY
1,29825,0,0,205843,183,8,1,STAY
1,22471,54,0,295996,198,11,2,LEAVE
1,40262,0,0,427755,503,14,4,LEAVE
0,45761,0,17,980045,224,4,3,STAY
0,148389,60,0,706981,835,11,5,STAY
1,59675,74,12,260255,330,4,2,LEAVE
0,64387,69,0,291815,266,15,5,STAY
0,130227,46,21,420712,736,6,3,STAY
1,43870,57,17,252728,134,6,4,LEAVE
0,156274,240,0,333299,691,11,1,LEAVE
1,119839,226,82,557574,819,1,3,LEAVE
0,32176,0,18,278104,239,5,2,STAY
0,155785,0,87,812316,658,1,2,STAY
1,40257,64,0,244988,148,6,2,LEAVE
1,62841,56,0,167294,260,9,5,STAY
1,24970,0,0,203309,204,11,5,STAY
0,38590,71,24,622468,176,5,1,STAY
0,63683,81,36,355330,285,1,2,STAY
1,33804,0,50,433998,223,2,3,LEAVE
0,133898,229,9,746549,589,5,1,LEAVE
0,38186,240,54,651250,133,2,1,LEAVE
0,142532,158,0,180747,279,13,2,STAY
1,87714,0,0,240507,384,10,2,STAY
1,105998,0,82,260026,276,1,1,STAY
1,119162,0,33,265302,798,1,5,STAY
1,152739,154,24,182108,495,6,5,STAY
0,46850,201,5,981862,177,4,2,STAY
1,143580,63,0,555486,718,14,1,STAY
1,45171,41,12,173031,170,6,1,LEAVE
0,35214,0,11,533681,214,5,4,STAY
0,138151,56,0,254982,729,9,1,LEAVE
1,44325,58,22,214940,219,5,2,STAY
1,92322,0,13,603862,584,4,4,STAY
0,80947,38,18,451342,296,5,5,STAY
1,31880,0,0,266723,162,15,2,LEAVE
1,79555,181,0,191346,335,12,4,LEAVE
0,34006,246,17,584227,191,6,2,LEAVE
1,45358,59,0,152661,136,10,5,STAY
1,26988,0,19,430599,168,4,1,STAY
1,34437,169,88,152743,196,1,1,LEAVE
0,97260,0,0,695377,335,13,5,STAY
1,109497,74,18,385088,176,6,1,LEAVE
0,94756,0,0,208625,335,14,4,LEAVE
0,98745,0,0,525034,342,10,2,STAY
0,46699,176,81,958151,234,1,5,LEAVE
1,86645,0,0,201931,345,13,5,STAY
0,80613,0,19,693226,290,4,5,STAY
1,94064,36,31,456292,725,5,2,LEAVE
1,96615,0,0,738949,318,14,3,LEAVE
0,90317,171,9,969688,290,6,3,STAY
1,30580,0,28,562324,153,2,3,LEAVE
0,52875,193,31,896501,275,2,3,STAY
0,148427,53,27,315219,494,2,3,STAY
0,60471,0,0,171292,411,13,2,STAY
1,100800,215,0,188219,859,12,4,STAY
1,95948,243,34,858158,847,1,1,STAY
1,115751,48,15,327369,263,4,3,STAY
0,34597,0,0,714319,155,5,5,STAY
0,47516,207,0,400529,179,12,1,LEAVE
1,21830,155,9,782369,140,6,2,LEAVE
1,80750,0,7,829009,198,6,5,STAY
1,153689,0,0,221065,568,14,2,STAY
0,154749,206,27,523676,652,1,3,STAY
1,116343,0,71,740414,736,12,5,STAY
1,158727,65,0,248048,718,2,1,STAY
0,134226,0,0,213412,644,12,5,STAY
1,22876,75,0,257844,149,4,2,STAY
0,107356,64,22,499964,671,5,2,LEAVE
1,121511,50,75,319428,737,4,5,STAY
1,117775,209,0,514080,871,14,1,LEAVE
1,127254,248,18,207839,861,4,5,LEAVE
0,23443,189,0,983604,245,1,2,STAY
1,92883,177,34,173505,353,1,2,LEAVE
1,38381,152,0,913783,714,14,2,STAY
1,119536,50,13,733862,576,5,3,STAY
1,42709,162,0,656107,236,13,2,LEAVE
0,148343,185,0,391216,405,12,2,STAY
0,117733,58,15,467443,633,6,3,STAY
1,157156,0,44,767004,408,1,3,STAY
1,105804,0,76,894038,693,2,1,STAY
1,155146,192,65,353752,304,2,4,LEAVE
0,35393,77,0,633933,139,12,1,STAY
0,97790,198,14,664402,326,4,3,STAY
1,152317,0,0,801673,409,8,1,LEAVE
1,51772,0,28,330531,391,1,5,STAY
1,37456,230,0,330804,185,1,3,LEAVE
1,38060,0,23,536184,153,5,2,LEAVE
1,114394,236,23,861686,489,5,3,STAY
1,40082,158,35,892241,161,1,5,STAY
1,40972,208,0,400174,247,8,3,LEAVE
1,43045,76,7,560893,178,4,1,STAY
0,52422,63,71,268074,399,2,5,LEAVE
0,22976,59,0,882252,143,10,1,STAY
1,146380,39,33,390577,459,2,3,STAY
1,48335,0,14,891339,231,6,1,LEAVE
1,21937,198,11,666829,217,5,3,STAY
1,33384,0,88,162880,206,1,1,LEAVE
1,47437,71,0,164671,138,14,2,LEAVE
1,44204,80,0,234719,254,8,1,LEAVE
1,57969,191,38,406354,317,1,3,LEAVE
0,41342,0,0,295310,186,11,2,LEAVE
0,44237,0,0,206889,166,13,3,STAY
0,31923,182,13,613460,217,6,2,STAY
0,122406,0,0,520295,869,1,2,STAY
1,96845,0,0,418865,269,10,1,STAY
1,72435,0,33,186444,267,4,2,STAY
0,55857,63,8,678664,279,6,1,STAY
1,126904,56,48,273470,799,2,1,STAY
0,28976,38,88,578325,160,1,4,STAY
0,31086,0,0,442509,228,15,3,STAY
0,117177,0,72,882677,341,1,5,STAY
1,78229,216,28,166697,342,1,5,STAY
1,105052,234,21,219296,270,1,3,STAY
1,44559,0,11,401246,137,1,1,STAY
1,133182,236,0,170337,515,12,5,STAY
0,41804,0,0,478500,177,2,5,STAY
1,50233,96,0,475282,363,8,5,STAY
0,122280,48,0,670390,582,13,2,STAY
1,24276,66,29,468977,192,2,2,LEAVE
1,49667,0,40,361927,185,1,1,LEAVE
1,106844,146,37,814896,548,2,2,STAY
0,30714,64,30,596020,206,1,5,LEAVE
1,150834,64,7,271402,673,4,5,STAY
0,111721,54,0,968561,670,13,2,STAY
1,61576,0,77,514395,325,1,1,LEAVE
1,146005,0,32,754890,338,5,1,STAY
1,89818,170,83,460368,379,1,5,LEAVE
1,68056,228,0,205450,354,15,2,LEAVE
0,32795,0,0,239992,358,4,5,STAY
1,83772,0,50,766733,351,2,3,STAY
0,28869,68,58,710770,189,4,1,STAY
1,149886,0,35,688383,547,2,1,STAY
1,51102,0,16,311189,362,6,3,STAY
0,74596,0,44,634436,302,2,1,STAY
1,104968,87,16,444723,676,6,5,STAY
0,144717,221,0,629720,497,14,3,STAY
1,104224,0,86,274453,547,1,5,STAY
1,92346,60,7,403928,369,13,4,LEAVE
1,52175,0,13,905699,273,5,3,STAY
1,137026,0,0,161626,854,6,5,STAY
1,38212,69,74,426472,246,1,2,LEAVE
0,39606,155,0,207578,190,14,2,LEAVE
1,39322,0,42,547220,398,2,5,STAY
1,27888,0,14,589066,226,6,3,STAY
0,75493,0,13,298922,349,6,2,LEAVE
0,33216,81,0,982038,134,10,1,STAY
1,115787,75,0,309048,609,14,4,STAY
1,45706,250,10,576239,214,4,3,LEAVE
1,102370,0,17,259047,525,6,5,STAY
1,72418,70,0,263839,273,15,2,STAY
0,64602,79,15,151655,350,5,5,LEAVE
1,77951,0,19,184399,659,11,1,LEAVE
1,99877,229,8,602814,398,4,4,STAY
0,120589,0,23,821082,786,5,3,STAY
0,141524,0,0,903982,603,15,3,STAY
0,33924,211,0,572785,144,9,5,LEAVE
0,110702,277,9,645842,468,5,3,STAY
1,23353,179,0,159671,142,11,4,LEAVE
1,36066,256,46,955894,176,8,1,STAY
1,98189,0,0,553839,266,14,1,LEAVE
1,154483,193,21,263985,730,10,1,LEAVE
1,78201,0,0,596137,785,11,5,STAY
0,74499,192,0,872863,333,10,2,STAY
1,39122,70,0,252959,248,13,3,LEAVE
0,29965,230,12,925198,148,5,1,STAY
0,89760,62,89,165236,396,13,2,LEAVE
0,31038,175,21,301118,229,5,1,STAY
1,156009,40,51,203673,408,14,5,STAY
0,63192,0,86,809708,394,2,5,STAY
0,138639,183,26,391725,410,2,5,STAY
1,59740,33,0,534312,297,2,1,LEAVE
1,108967,55,0,440614,776,14,5,LEAVE
0,59772,0,19,267930,326,5,3,STAY
1,103156,72,13,158205,429,5,3,STAY
1,65743,0,0,197097,363,14,2,STAY
1,130964,40,0,409275,867,12,2,STAY
1,49997,0,50,996321,234,1,3,STAY
1,78318,0,14,833803,314,4,1,STAY
1,47543,0,0,172128,174,14,5,STAY
1,113988,0,15,424566,879,5,2,STAY
1,58558,176,20,532474,272,5,3,STAY
0,22414,0,24,751709,209,6,2,STAY
1,75282,133,0,656752,210,11,3,STAY
0,139886,79,5,705210,799,6,1,LEAVE
0,45519,71,0,928096,155,15,2,STAY
1,78184,43,54,298892,361,1,5,LEAVE
1,62057,48,63,573273,350,1,5,LEAVE
0,35724,234,77,933298,194,1,1,STAY
0,91823,44,44,705034,381,2,3,STAY
1,101179,59,0,297110,876,13,4,STAY
1,68914,184,86,332502,350,2,5,LEAVE
0,157308,62,28,960788,788,1,1,STAY
0,108848,65,0,168853,162,4,2,LEAVE
0,31169,207,12,275832,261,5,3,STAY
0,61435,68,10,867482,282,6,2,STAY
1,91244,43,0,861368,362,13,1,STAY
0,22126,180,0,673613,221,8,1,STAY
0,86858,0,55,372164,254,1,4,STAY
1,66268,0,0,257581,259,14,1,LEAVE
0,50668,0,10,965410,270,4,3,STAY
1,82889,0,0,294120,844,11,3,LEAVE
0,22391,228,0,620627,249,12,3,STAY
0,48110,0,0,211954,223,10,3,STAY
1,49540,0,22,381967,246,5,3,STAY
1,31520,0,15,263490,187,5,3,STAY
0,49206,0,41,375931,145,2,1,LEAVE
1,33672,28,0,347000,170,15,5,LEAVE
0,96109,60,15,239569,281,5,4,LEAVE
1,152367,0,0,789406,677,4,5,STAY
1,74853,0,0,720380,393,14,5,STAY
0,34102,55,30,258260,235,2,2,LEAVE
0,64864,42,0,599342,303,8,1,LEAVE
0,49875,0,89,242688,159,1,4,STAY
1,151399,66,8,427962,726,5,3,STAY
1,57209,62,14,401823,712,4,3,STAY
0,39028,0,0,940885,376,4,1,STAY
1,127541,0,87,284439,437,9,1,STAY
0,26644,84,46,276556,199,2,5,LEAVE
0,102916,265,0,383053,405,11,3,STAY
0,22870,211,22,398668,242,4,3,STAY
0,93926,0,24,187763,269,4,4,STAY
0,143854,59,17,794173,483,4,2,LEAVE
0,40445,72,30,234971,199,2,3,STAY
1,21220,70,24,362960,148,4,2,LEAVE
0,105816,189,0,904895,421,14,2,STAY
1,40304,169,19,987718,783,4,3,STAY
0,106556,186,14,223397,831,4,5,STAY
1,50671,82,0,262588,357,5,3,STAY
0,98064,49,54,295639,317,2,3,STAY
1,159904,227,67,477339,889,1,1,LEAVE
1,91368,167,88,340659,351,2,5,STAY
0,119576,209,0,790434,717,13,3,STAY
1,115510,236,85,492957,875,2,5,LEAVE
0,44374,203,60,680618,206,4,1,STAY
0,20605,0,0,652927,216,8,1,LEAVE
0,133609,199,13,850466,741,4,4,STAY
0,56262,0,0,150121,263,5,3,LEAVE
1,86712,77,0,285487,295,10,2,LEAVE
0,148003,53,0,216013,484,13,2,LEAVE
0,74505,54,0,889298,358,15,1,STAY
1,50889,29,40,199087,332,2,2,STAY
0,135859,61,0,605912,896,12,5,STAY
0,134391,0,0,938719,502,9,3,STAY
1,125064,0,15,372375,482,1,4,STAY
0,153741,218,20,534373,168,4,3,LEAVE
0,140771,56,0,931256,234,13,1,STAY
0,41482,191,0,936609,244,6,2,STAY
1,90999,179,17,270554,389,6,5,STAY
0,29652,85,74,553973,191,1,1,LEAVE
0,37900,0,0,448856,236,9,5,STAY
1,144013,0,23,184139,654,5,1,STAY
1,43760,60,0,345936,143,13,2,LEAVE
1,102620,61,16,203954,472,15,2,STAY
1,84726,80,0,178605,343,14,1,STAY
0,88596,56,59,524782,371,2,2,STAY
1,108391,43,86,432130,569,2,5,STAY
0,159519,174,0,717076,675,15,1,STAY
0,67994,54,0,505615,360,4,1,LEAVE
1,56274,194,0,813173,398,9,1,STAY
1,47424,0,0,928009,168,15,2,LEAVE
0,64565,212,84,163422,331,2,5,STAY
1,64138,80,23,920094,298,2,3,STAY
0,92375,79,0,263952,297,9,2,STAY
0,29152,0,20,182766,142,4,1,STAY
1,35222,39,0,999758,143,10,2,STAY
1,39964,230,0,204936,215,10,1,LEAVE
0,51108,0,9,331808,255,6,5,STAY
0,45438,0,6,394665,192,4,1,STAY
1,89858,202,20,190138,395,6,1,LEAVE
1,45413,0,0,275340,137,13,5,STAY
0,57525,0,20,282441,295,6,1,STAY
1,56114,205,51,535941,348,2,5,LEAVE
0,93699,26,56,385632,384,1,4,STAY
0,116173,0,19,635499,781,6,5,STAY
0,58701,52,19,247995,266,6,1,LEAVE
1,21437,28,0,804142,247,14,3,STAY
1,154164,76,58,202032,790,1,5,STAY
1,60463,35,7,723637,208,4,1,STAY
0,139584,173,17,390528,412,6,2,LEAVE
1,123202,0,59,405501,555,1,5,LEAVE
1,136239,74,32,882354,710,1,3,STAY
0,94791,30,11,210520,174,4,2,LEAVE
0,23423,0,65,515821,143,4,1,LEAVE
1,75916,0,0,195424,298,15,3,STAY
1,22833,154,14,368555,156,6,2,STAY
0,45903,59,55,295546,662,4,3,LEAVE
0,45992,223,10,720774,180,4,2,STAY
0,49090,42,29,861402,248,1,1,STAY
1,144487,42,20,889332,515,4,1,STAY
0,48756,0,10,287131,156,5,2,STAY
1,78601,0,0,154934,346,11,3,STAY
1,77332,216,84,445082,351,2,5,LEAVE
1,84914,61,64,244183,311,2,1,STAY
0,90534,50,16,683015,311,4,3,STAY
0,40744,0,0,262420,232,13,5,LEAVE
1,94121,0,81,927427,354,1,2,LEAVE
1,148566,236,33,264792,401,2,2,LEAVE
0,92717,58,66,836415,316,2,1,STAY
1,99794,229,6,912988,648,6,2,STAY
1,131788,0,0,555724,507,10,5,STAY
0,152245,0,0,294068,560,11,5,STAY
1,46529,211,88,451147,243,2,5,LEAVE
1,120620,45,16,475447,450,12,1,LEAVE
0,46193,0,29,751428,171,2,5,STAY
1,151027,0,18,601900,517,6,5,STAY
0,59757,208,0,992162,275,13,5,STAY
0,82323,202,0,198503,259,13,2,STAY
0,107539,0,10,710279,456,5,2,LEAVE
1,20738,0,6,661038,246,5,4,LEAVE
1,65505,173,0,310070,328,15,2,LEAVE
0,136580,211,0,568470,640,10,1,LEAVE
1,99186,62,27,575485,340,13,2,STAY
1,71443,80,21,493775,273,6,1,LEAVE
1,111048,172,13,689010,542,4,1,STAY
1,94445,0,33,256140,365,1,2,LEAVE
0,52042,0,0,594354,319,12,5,STAY
1,22472,65,66,628649,226,1,3,LEAVE
0,105391,238,17,461297,430,4,1,STAY
0,50196,51,10,159793,385,4,3,STAY
1,66984,213,0,479545,325,12,2,LEAVE
0,134857,51,0,710961,395,14,5,STAY
1,76285,158,89,260797,292,2,5,LEAVE
0,159934,165,14,290209,778,5,4,STAY
1,32734,0,46,380763,223,2,1,STAY
0,133372,50,14,475420,316,6,3,STAY
1,135674,55,46,357632,629,2,2,LEAVE
1,143253,0,47,534927,492,2,5,STAY
0,133106,70,29,483925,202,12,1,LEAVE
1,26227,0,10,270070,171,4,2,LEAVE
1,89399,42,0,594095,250,11,5,STAY
0,98453,64,68,185101,255,2,1,STAY
1,76035,50,12,522691,377,5,2,LEAVE
0,20898,0,23,242335,145,4,5,STAY
0,138570,199,0,581198,853,8,3,LEAVE
0,20222,236,40,494773,179,1,2,LEAVE
1,129733,141,61,753397,248,1,1,STAY
1,73972,57,41,832454,258,1,1,STAY
0,41863,0,55,445210,215,5,4,LEAVE
1,41596,62,5,691197,196,6,5,STAY
0,106134,0,6,441712,478,4,3,STAY
0,101541,0,0,593931,615,10,1,STAY
1,31748,188,22,785920,229,5,5,STAY
0,117878,55,0,260962,473,12,5,LEAVE
0,78501,48,0,799318,300,1,5,STAY
0,119888,0,48,167584,147,1,3,LEAVE
1,48261,0,33,234178,168,1,2,LEAVE
1,45215,0,0,676217,267,8,3,LEAVE
1,113167,66,0,861018,552,10,2,STAY
1,148132,0,0,310155,604,15,2,LEAVE
1,53130,0,5,225070,299,4,4,STAY
1,73259,0,22,357413,264,5,5,STAY
0,50723,55,0,889647,287,12,1,STAY
0,35124,161,0,704718,178,12,2,STAY
1,74651,0,86,851076,326,2,3,STAY
1,53507,63,0,995239,287,14,1,LEAVE
1,108763,54,23,719462,767,4,1,LEAVE
0,34613,198,37,536904,177,1,5,LEAVE
0,93739,36,0,180900,258,14,2,STAY
0,106148,209,26,506633,406,1,5,STAY
1,151400,117,0,278298,499,11,2,STAY
1,22209,93,35,769717,179,1,1,STAY
1,110973,72,18,878342,610,4,3,STAY
0,130320,74,0,235619,860,11,5,STAY
0,143517,69,0,551646,883,10,1,STAY
0,22950,188,42,287900,168,1,5,LEAVE
1,29258,222,45,262203,165,1,1,LEAVE
1,117051,54,14,182637,622,11,5,STAY
1,147558,214,0,984291,517,8,5,STAY
0,22798,60,0,763645,181,10,3,STAY
0,131047,0,0,682008,828,9,3,STAY
1,118194,228,12,516476,526,4,3,LEAVE
1,41347,57,22,241390,184,4,5,STAY
0,21512,50,81,487378,147,1,5,LEAVE
1,91395,0,0,886771,395,6,3,STAY
0,151932,0,41,377643,610,2,1,STAY
0,58812,76,0,834023,253,12,2,STAY
0,98886,45,15,470018,279,6,3,LEAVE
1,80349,183,0,980679,348,6,4,STAY
0,95799,212,0,291431,362,13,2,LEAVE
1,34626,193,0,510167,199,11,5,LEAVE
1,85391,157,82,376669,331,1,1,LEAVE
0,80899,74,17,265832,397,5,1,LEAVE
1,103429,0,15,503304,650,5,1,STAY
1,27535,0,10,374054,235,6,1,LEAVE
0,153846,168,67,485073,733,2,2,LEAVE
0,46633,57,15,496161,231,5,1,LEAVE
0,126251,0,80,275951,538,2,3,STAY
1,60587,29,51,412945,288,2,3,LEAVE
0,39091,214,22,173907,202,6,5,LEAVE
0,47378,0,8,748140,138,2,5,STAY
0,124376,187,42,220929,513,2,4,STAY
0,41629,44,19,192376,173,5,1,LEAVE
0,87432,210,51,154586,321,1,3,LEAVE
0,31158,197,44,862197,242,2,5,STAY
0,43925,214,6,523956,161,6,4,STAY
1,131567,0,14,396064,716,6,1,STAY
0,133592,273,22,942685,372,4,1,LEAVE
1,91560,60,21,390519,364,4,2,STAY
0,85513,72,0,516077,176,10,5,STAY
0,83436,0,23,621613,380,6,4,STAY
0,40263,242,0,655940,226,13,3,STAY
0,43458,38,24,880208,241,5,4,LEAVE
0,71176,221,0,830061,676,15,3,STAY
0,143686,47,59,651265,441,1,2,STAY
1,69359,84,0,642973,292,14,5,STAY
0,56691,168,0,656528,276,12,3,STAY
1,109273,182,22,675062,360,5,2,STAY
0,116280,70,12,586432,811,5,1,STAY
0,48789,41,0,166550,215,13,1,LEAVE
0,101478,234,0,851455,611,9,2,STAY
0,78648,236,0,368924,371,12,3,STAY
0,20642,0,13,836115,227,6,5,STAY
0,133227,0,36,597447,780,1,2,STAY
0,43215,0,50,286769,242,1,2,LEAVE
1,38797,0,12,239443,222,4,5,STAY
1,66446,60,0,617810,391,10,2,STAY
1,20243,64,5,832270,231,5,1,STAY
1,43103,222,71,900814,231,2,1,STAY
1,51458,162,0,522983,352,12,3,STAY
0,80467,0,0,549954,290,15,1,STAY
1,43327,84,30,401109,233,1,4,STAY
0,80418,0,59,495050,330,1,2,LEAVE
1,71963,0,10,740511,340,4,1,STAY
0,112565,223,75,835567,613,1,3,STAY
0,35136,0,16,473864,822,4,5,STAY
1,57347,0,66,394388,255,2,3,LEAVE
0,118771,67,56,376716,801,2,1,STAY
1,76704,0,43,631926,264,2,3,STAY
1,89945,0,17,400205,388,6,3,LEAVE
0,58767,0,6,494326,366,4,1,LEAVE
0,117824,45,0,442241,782,8,5,STAY
1,38010,33,24,897786,232,5,3,STAY
0,92741,0,0,177371,266,14,5,STAY
1,127001,60,6,182195,463,5,2,STAY
0,60890,197,0,645244,371,12,5,STAY
0,40318,0,35,952611,299,2,5,LEAVE
0,48769,69,51,791022,186,2,5,STAY
0,49759,0,23,277038,131,6,2,STAY
1,28712,0,5,793964,188,6,1,STAY
1,31801,0,84,636376,230,1,3,STAY
0,142686,46,10,373419,712,4,3,STAY
0,111467,0,24,569814,650,5,1,STAY
1,132847,0,22,857719,830,5,1,STAY
0,49857,199,22,304842,147,4,5,LEAVE
0,104102,200,71,250243,654,2,2,LEAVE
1,50064,185,0,396984,379,10,4,LEAVE
1,87068,0,0,287007,325,13,4,STAY
0,32304,253,46,885180,140,1,3,STAY
1,80476,70,62,760659,295,1,1,LEAVE
1,43716,241,7,925419,185,6,1,STAY
1,42388,70,12,988230,156,8,5,STAY
1,55420,48,21,595385,251,15,3,LEAVE
0,32666,0,20,346935,186,6,2,LEAVE
1,41174,0,0,261622,183,8,4,LEAVE
1,78581,57,64,211727,381,2,2,LEAVE
0,56303,0,40,738555,387,2,3,STAY
1,60789,53,9,583721,305,5,5,STAY
0,56212,0,0,867350,361,10,2,STAY
1,35273,231,22,781769,193,4,5,STAY
1,102019,0,0,422561,242,9,2,STAY
0,127750,31,15,264014,401,4,1,STAY
1,99246,0,0,439443,390,2,2,STAY
1,50412,0,29,400456,298,1,2,LEAVE
0,69823,0,13,874868,334,6,3,STAY
1,109781,142,9,255553,815,6,1,LEAVE
1,155990,0,0,377078,721,15,1,LEAVE
0,57092,55,42,261099,388,2,3,LEAVE
1,25235,209,66,211645,238,1,3,LEAVE
1,23802,0,5,487724,242,10,1,STAY
0,23322,60,0,281214,302,13,2,LEAVE
0,37478,0,35,822559,209,1,1,LEAVE
0,63730,0,19,787663,278,4,2,STAY
0,43787,184,6,467486,162,6,1,LEAVE
0,29044,52,19,175127,213,5,2,LEAVE
1,107932,0,0,394199,829,11,5,LEAVE
0,108337,0,52,528945,871,1,1,LEAVE
1,35834,0,81,562106,215,1,3,LEAVE
1,34922,206,24,901242,191,4,2,STAY
1,46873,96,19,258162,246,6,4,LEAVE
0,103392,191,27,805969,894,1,5,STAY
1,53167,204,7,908955,721,4,4,STAY
0,146437,166,24,558009,875,4,4,STAY
1,114218,194,56,345672,720,2,5,STAY
0,76954,65,86,839060,266,2,5,STAY
0,49819,0,25,169232,140,1,1,STAY
0,34311,0,64,196551,646,1,1,LEAVE
0,130907,180,0,606578,612,10,2,LEAVE
0,104962,81,9,570512,479,5,1,STAY
0,48643,193,0,203595,132,9,3,LEAVE
0,48103,150,21,803465,240,4,5,STAY
1,68751,208,6,210454,275,4,2,STAY
0,82222,64,9,571656,288,1,4,STAY
1,50621,0,17,789157,285,4,5,STAY
0,47332,0,13,672405,238,6,5,STAY
1,149808,168,15,722609,488,4,1,STAY
1,130664,0,12,189991,835,5,5,STAY
0,105816,67,0,912387,571,12,5,STAY
0,35065,48,0,279801,164,14,3,LEAVE
1,66234,0,9,244926,142,6,3,STAY
0,134729,203,0,413070,532,15,5,STAY
1,49193,48,8,477407,141,2,2,LEAVE
0,87614,0,11,219847,277,4,3,STAY
0,98502,199,76,968224,311,1,1,LEAVE
1,29279,0,63,162376,440,1,2,LEAVE
0,57198,54,19,387162,283,5,3,LEAVE
1,37330,44,78,767772,144,8,2,LEAVE
1,37057,178,5,170575,246,4,1,LEAVE
0,68747,0,0,264230,380,12,1,STAY
0,44000,51,49,468913,158,1,1,LEAVE
1,35309,57,0,419950,189,8,3,LEAVE
0,61562,0,68,836498,375,1,5,STAY
0,45402,221,68,809175,247,1,3,STAY
0,43944,0,79,998159,200,1,5,STAY
0,83920,162,17,458832,391,4,2,LEAVE
1,35785,37,0,680760,141,15,4,STAY
0,89605,47,68,897552,307,1,2,STAY
1,145963,58,0,573173,513,11,5,STAY
0,121083,235,0,379688,669,11,1,LEAVE
1,30730,0,0,441094,207,11,3,LEAVE
0,148732,71,41,295364,853,2,1,LEAVE
1,33669,0,36,548339,185,2,3,LEAVE
0,151711,0,33,437099,767,2,2,LEAVE
0,43908,68,0,949589,153,9,1,STAY
1,102204,178,22,538996,184,5,2,STAY
0,91558,229,15,853464,379,4,4,STAY
1,122877,0,12,519053,821,6,4,STAY
1,25467,238,45,556826,215,11,2,LEAVE
1,84650,181,0,178288,345,13,3,STAY
0,21954,0,12,409798,231,4,5,LEAVE
1,150498,0,44,266393,168,1,1,LEAVE
1,54238,191,83,522485,393,2,5,STAY
0,50904,35,8,991780,262,8,5,STAY
0,135702,161,0,289577,679,8,5,STAY
0,99370,0,0,162778,315,10,5,STAY
0,58562,0,7,782062,272,4,3,STAY
0,46799,0,62,267302,296,2,1,LEAVE
1,58821,0,19,508060,316,4,3,LEAVE
1,131945,54,74,922739,848,2,1,LEAVE
0,79263,151,0,182288,369,14,5,LEAVE
0,99556,54,41,241897,376,2,2,LEAVE
0,88378,202,0,214431,131,15,2,STAY
0,112276,205,24,792376,748,4,2,STAY
0,133695,69,0,910584,614,12,1,STAY
0,47461,0,79,259736,223,2,3,STAY
1,32787,198,67,188274,185,2,1,LEAVE
1,102367,73,0,185053,854,11,1,STAY
0,40572,0,50,712379,208,1,3,STAY
1,105672,89,21,970223,666,6,2,STAY
0,93333,76,69,611844,431,2,4,STAY
0,32938,69,37,488136,223,1,1,LEAVE
0,133013,88,56,601897,813,1,3,STAY
0,110022,0,0,887233,198,10,2,STAY
0,28850,59,11,851182,201,4,1,STAY
1,42868,208,5,631570,221,5,1,LEAVE
0,110132,71,74,813929,835,1,5,LEAVE
0,29613,44,0,712673,164,13,4,STAY
0,122042,151,71,306548,493,2,5,LEAVE
0,128388,64,15,308177,661,5,2,LEAVE
1,104088,188,39,294573,557,2,2,STAY
1,81620,201,0,163544,319,10,5,STAY
1,140278,0,63,721300,772,2,5,STAY
1,81391,0,23,260988,334,4,1,LEAVE
0,123601,64,0,301160,505,8,2,STAY
1,124926,188,62,481128,844,2,4,STAY
1,86790,72,17,952418,313,5,1,STAY
1,65381,200,82,992916,343,1,1,STAY
1,60799,77,6,513705,287,4,5,STAY
0,93416,0,0,192382,316,13,3,STAY
0,103787,0,38,521266,737,5,3,STAY
0,41396,35,0,211014,532,10,3,STAY
1,85860,0,0,266111,325,10,5,STAY
1,151710,63,15,310077,629,6,2,STAY
1,42064,51,37,457141,247,1,5,STAY
0,71994,203,17,206724,380,4,4,LEAVE
1,71714,166,21,206098,252,15,1,LEAVE
1,140731,218,0,279485,643,10,3,STAY
0,89609,0,15,163355,391,6,1,LEAVE
0,159945,188,0,169027,569,11,2,STAY
0,48252,198,0,989594,364,14,2,STAY
1,121609,45,79,926144,585,2,1,STAY
1,86806,64,10,925843,565,1,5,STAY
1,38436,187,41,463711,196,1,2,LEAVE
1,66340,159,0,251090,495,10,2,STAY
0,96489,0,22,843640,283,5,2,STAY
1,58357,60,0,430845,857,10,2,STAY
0,43131,0,0,927350,161,15,2,STAY
0,110530,169,0,216775,703,8,4,LEAVE
1,38480,0,81,428110,217,5,2,LEAVE
0,107380,72,0,759982,715,8,5,STAY
0,96351,60,0,198925,307,1,5,STAY
0,158405,0,0,701402,314,12,5,STAY
1,51047,206,23,680173,302,1,1,STAY
0,37824,43,0,278604,144,9,2,LEAVE
1,76286,0,0,269109,354,10,2,LEAVE
0,65996,0,0,331285,357,8,1,STAY
1,32401,0,5,453987,394,2,1,LEAVE
1,37825,79,47,476325,163,1,5,LEAVE
0,59678,0,61,931844,348,2,5,STAY
0,81843,226,22,364778,379,5,4,LEAVE
0,42777,189,56,715740,178,12,1,STAY
0,122703,0,21,446318,702,6,1,STAY
0,92072,0,0,876205,343,8,1,STAY
0,90705,0,0,236962,362,15,2,STAY
1,156949,154,57,472685,683,2,2,LEAVE
1,45564,195,23,220501,145,6,5,LEAVE
0,32795,66,79,839019,388,2,2,STAY
0,155817,0,41,592674,262,1,1,LEAVE
0,39947,0,0,662233,226,4,3,LEAVE
1,68223,137,0,164230,294,10,4,STAY
1,31000,0,18,222824,389,6,5,STAY
0,45065,57,17,341130,164,4,2,LEAVE
1,154120,258,0,510505,558,15,1,LEAVE
0,23652,254,84,530229,218,1,2,LEAVE
1,77506,273,51,814841,358,2,3,STAY
1,130797,58,12,475782,768,6,5,STAY
0,141976,42,0,262630,821,14,3,STAY
0,129132,0,64,572438,235,1,5,STAY
1,70454,0,0,420781,277,6,5,LEAVE
0,143832,0,0,508815,778,15,3,STAY
1,57211,184,40,217731,356,12,2,LEAVE
0,48495,0,0,459049,182,13,2,STAY
1,48600,0,14,317636,142,1,2,LEAVE
0,84786,0,19,461748,357,5,2,STAY
1,48098,187,19,236348,162,6,5,LEAVE
1,154961,171,24,466530,557,6,1,STAY
0,158233,74,0,820085,595,11,5,STAY
0,60579,0,18,474633,261,5,1,LEAVE
0,63101,0,18,216295,398,5,5,STAY
0,111667,172,20,722524,197,4,2,LEAVE
0,83088,67,26,985941,297,2,5,STAY
1,85694,166,34,548648,280,2,2,LEAVE
0,85335,0,0,660862,313,1,5,STAY
1,95866,40,0,926134,368,15,5,STAY
0,153393,0,0,280855,870,13,2,STAY
0,84496,197,37,243837,281,2,2,STAY
1,72077,68,0,417756,350,8,2,STAY
1,53004,81,7,751053,337,4,2,STAY
1,39297,0,8,258262,238,5,2,STAY
1,106044,128,0,783205,577,10,1,STAY
1,46251,246,0,640537,252,15,4,STAY
1,42790,34,0,599044,244,15,2,LEAVE
0,140732,233,5,191892,475,5,1,STAY
1,100925,74,35,358491,531,1,2,LEAVE
0,27399,55,24,869843,227,6,1,STAY
0,78021,50,33,884617,314,2,1,STAY
0,68371,195,7,977876,376,4,4,STAY
1,74702,0,0,554338,381,8,5,STAY
1,59661,44,21,800520,304,6,5,STAY
1,27962,65,62,223095,587,1,5,STAY
0,110639,92,7,318146,492,6,3,STAY
0,117245,204,0,843989,801,4,3,STAY
0,67889,0,7,231780,275,6,1,STAY
0,109745,59,24,890120,536,5,3,STAY
1,31448,44,0,283088,855,4,2,LEAVE
1,23732,68,0,906210,189,11,5,LEAVE
1,45657,62,37,573377,249,1,2,LEAVE
1,87160,0,30,406762,353,2,2,STAY
1,23937,0,88,956070,220,1,5,STAY
0,135567,159,37,892461,842,2,3,STAY
0,48287,187,23,782996,208,4,2,STAY
0,25263,59,14,790357,203,4,5,STAY
0,128296,66,59,524058,506,1,1,LEAVE
1,28354,79,18,166623,146,8,2,LEAVE
0,75827,0,58,169117,264,2,5,STAY
0,33489,0,38,769257,213,2,5,STAY
1,100438,0,0,193085,666,12,3,STAY
0,141406,0,11,454528,641,5,3,STAY
1,67922,257,9,711386,390,5,3,STAY
0,46762,213,0,451911,357,15,1,LEAVE
1,117871,195,60,473987,843,1,3,LEAVE
1,20884,87,42,198074,143,1,5,LEAVE
0,157765,26,89,902948,686,2,5,STAY
1,91631,146,0,338150,289,10,5,STAY
1,138631,55,33,456440,745,6,4,STAY
1,120705,0,62,845645,707,2,5,STAY
0,130831,203,37,679608,564,2,2,STAY
1,148790,0,57,709354,679,6,5,LEAVE
0,55271,0,80,585788,334,2,4,STAY
0,120569,0,23,349081,876,4,2,STAY
0,49410,82,11,462506,137,6,1,LEAVE
1,110282,221,0,384584,140,14,2,LEAVE
0,108535,187,20,730554,639,4,3,STAY
1,137634,42,42,459429,641,2,2,STAY
0,32298,32,0,296967,197,4,2,LEAVE
1,86823,0,14,653254,145,6,1,LEAVE
1,53794,46,21,185891,327,2,5,STAY
1,64104,0,21,414770,313,4,3,STAY
1,57292,87,33,421291,398,1,2,LEAVE
0,69040,58,0,240705,264,1,1,STAY
1,57284,0,32,931074,245,2,1,STAY
0,95540,76,73,585510,349,2,1,STAY
1,111439,0,0,210604,586,11,1,STAY
0,76447,0,39,861110,394,2,1,STAY
0,116557,60,41,330371,886,2,5,LEAVE
1,104786,0,7,332776,729,2,2,STAY
0,58187,187,47,705957,379,2,1,LEAVE
0,75759,0,58,938734,292,10,4,STAY
1,102885,0,0,193869,763,11,3,STAY
0,116757,0,41,187745,899,2,1,STAY
1,122647,0,87,453030,466,1,1,STAY
0,112276,158,32,164684,573,15,1,STAY
1,32770,60,77,556074,225,8,2,LEAVE
0,119402,0,0,480766,608,11,1,STAY
1,27805,231,20,741499,166,6,3,STAY
1,139699,0,23,223309,366,4,3,STAY
0,83785,167,20,207254,321,5,3,LEAVE
0,59654,0,22,218000,304,4,2,LEAVE
1,41175,61,41,229062,150,1,2,LEAVE
0,81223,194,18,697450,272,5,1,STAY
1,22365,0,11,475735,208,4,2,STAY
0,49546,0,0,795417,243,14,2,LEAVE
1,140208,184,15,492729,400,14,5,STAY
0,70694,0,8,216966,364,4,1,STAY
0,128555,212,0,235086,444,13,2,STAY
0,72709,218,24,701852,268,5,3,STAY
0,38894,0,0,763115,232,6,3,LEAVE
0,27600,40,74,189800,365,2,3,LEAVE
1,119384,187,33,912099,566,2,1,STAY
0,89914,195,13,992378,226,4,4,STAY
1,107959,0,0,617587,616,15,4,STAY
0,69365,69,47,803097,361,1,5,STAY
1,24506,62,71,368975,194,2,3,STAY
0,30258,225,8,577227,197,6,3,LEAVE
1,154542,0,28,965108,666,2,5,STAY
0,140994,193,62,764131,788,2,5,STAY
1,21858,159,14,337654,137,4,5,LEAVE
1,148902,0,30,205617,595,1,2,LEAVE
0,44073,48,24,525082,167,5,1,LEAVE
0,28275,0,54,325794,155,1,1,LEAVE
0,130104,0,54,521143,423,2,5,STAY
0,158173,250,39,943337,477,2,2,STAY
1,34747,75,5,980469,224,6,1,STAY
1,76721,167,24,291316,277,5,3,STAY
1,81480,62,0,348094,268,13,1,LEAVE
0,120937,155,64,778391,487,2,4,STAY
0,69043,68,66,158894,328,2,3,STAY
1,132423,0,10,213492,527,5,1,LEAVE
0,119128,163,17,179187,497,6,5,STAY
1,96311,76,75,977090,338,1,4,STAY
1,74327,219,44,761300,264,1,1,LEAVE
0,38807,260,44,170606,130,2,5,LEAVE
0,95127,0,74,687664,253,1,5,STAY
1,71567,48,79,588937,317,1,3,STAY
0,38649,219,10,300947,149,5,5,STAY
1,113937,0,58,184494,715,1,1,STAY
0,85863,242,0,217907,259,13,1,STAY
1,104980,43,88,579467,745,2,1,STAY
0,87322,54,0,418957,316,13,5,STAY
0,45352,71,37,526275,230,2,5,STAY
1,52877,0,0,451715,308,14,3,LEAVE
0,86008,0,15,798130,302,6,2,STAY
1,26390,188,23,254950,269,4,2,STAY
1,39960,69,81,356417,247,1,2,LEAVE
1,48469,39,0,342314,230,11,3,LEAVE
1,144824,62,0,692558,760,14,5,STAY
1,96674,0,70,480030,329,2,5,STAY
1,46862,184,0,259641,163,11,3,LEAVE
1,44745,0,9,595840,242,6,5,STAY
1,113439,54,55,353923,780,1,5,LEAVE
0,75854,0,39,359366,282,2,1,LEAVE
1,143162,0,10,199863,546,6,2,STAY
1,38370,0,0,205430,203,11,1,LEAVE
0,52300,205,0,482656,784,9,5,LEAVE
0,133550,34,59,466834,763,2,1,STAY
1,26650,60,24,681321,619,8,5,LEAVE
0,27738,0,57,905320,138,2,3,LEAVE
0,28530,214,21,614050,148,4,1,STAY
0,36328,202,0,394293,183,13,5,LEAVE
1,61125,198,0,986692,334,15,4,STAY
1,82214,0,49,929578,256,1,1,STAY
1,38015,200,39,832278,230,2,5,LEAVE
1,110777,195,5,499794,488,6,2,LEAVE
1,43699,0,22,424679,230,4,1,LEAVE
1,46851,168,0,243731,160,9,3,LEAVE
1,52608,27,24,448951,157,5,1,LEAVE
0,158218,0,52,618664,676,1,3,STAY
0,138862,165,19,248239,509,5,1,LEAVE
1,49990,40,57,322533,159,6,3,LEAVE
0,46013,233,82,159398,171,2,3,LEAVE
1,146338,76,18,910072,448,6,5,STAY
1,87108,0,7,275532,334,4,3,STAY
1,65409,186,5,470440,336,5,4,STAY
0,69458,186,14,395041,832,6,5,STAY
0,32080,233,5,329915,142,6,3,LEAVE
0,154115,203,0,365119,468,13,5,STAY
1,27593,0,68,368094,232,2,3,LEAVE
0,45145,0,17,464091,216,5,2,STAY
0,64996,32,67,563893,352,1,2,LEAVE
1,40182,79,0,678128,224,10,5,LEAVE
1,76504,0,21,736363,362,5,5,STAY
1,100980,0,15,599105,716,4,3,STAY
0,109515,72,58,735984,840,5,2,STAY
0,46079,0,26,179083,181,2,3,LEAVE
1,94715,207,0,292567,343,4,3,LEAVE
0,42161,52,38,190292,299,2,2,LEAVE
1,110588,230,6,464204,811,5,5,STAY
1,61145,64,0,499692,286,8,1,STAY
1,103605,50,76,322901,878,1,1,STAY
1,114653,56,64,289593,764,1,1,LEAVE
0,90230,0,71,269304,265,1,3,STAY
0,109750,190,19,854557,518,4,4,STAY
1,43833,84,24,425307,187,5,4,STAY
1,33529,223,7,175858,130,6,4,STAY
1,149740,70,0,760397,720,12,4,STAY
1,22283,39,70,153739,196,1,3,LEAVE
0,112046,0,41,775145,452,2,5,STAY
1,115403,0,0,572006,438,15,1,STAY
1,43307,58,19,516600,181,6,1,LEAVE
0,53968,201,0,233893,361,11,1,LEAVE
1,58171,0,17,440117,695,4,5,STAY
1,41234,0,0,409205,218,10,2,STAY
0,66476,71,20,766184,274,4,5,STAY
0,41490,0,12,285596,193,6,4,STAY
1,87010,0,62,170614,331,12,1,LEAVE
0,93816,53,0,779635,370,15,3,STAY
0,47712,87,80,698702,234,2,1,LEAVE
1,85173,207,48,517864,388,2,1,STAY
0,86308,55,83,177733,320,1,1,STAY
0,117849,0,58,464448,403,2,2,STAY
1,27506,71,0,574742,165,9,1,LEAVE
1,88639,0,23,951605,386,6,1,LEAVE
0,44958,0,47,925635,216,1,2,STAY
0,155032,181,8,615742,792,5,3,STAY
1,51999,48,17,750956,305,6,3,STAY
1,48722,0,6,184512,171,4,5,LEAVE
1,100038,53,0,789389,787,10,3,STAY
1,57505,0,43,513046,315,1,5,STAY
1,31365,78,11,572888,227,1,1,LEAVE
0,42664,0,6,181145,200,4,2,LEAVE
0,111820,68,42,747624,564,1,2,LEAVE
0,72256,161,13,967577,359,6,1,STAY
1,47240,0,14,380918,538,6,4,STAY
1,63888,15,17,644341,268,4,2,STAY
0,27608,71,27,563902,244,2,1,LEAVE
0,88713,0,70,587559,319,2,1,LEAVE
0,149535,207,0,237677,275,12,2,STAY
1,79976,0,56,481093,305,1,5,LEAVE
0,158990,190,0,596629,193,9,5,STAY
0,101552,63,24,260790,737,1,1,STAY
1,75127,61,0,634259,375,15,2,STAY
0,43136,76,0,568002,222,12,2,LEAVE
0,104926,54,11,432033,587,10,5,STAY
0,73015,199,0,278376,319,13,2,LEAVE
1,63794,48,24,210859,256,5,3,LEAVE
0,25806,67,87,691020,142,2,5,STAY
0,25070,51,24,189782,238,4,1,LEAVE
1,138722,0,0,926753,726,9,1,STAY
0,143896,66,9,646593,411,6,4,LEAVE
0,22890,251,0,217538,130,12,1,LEAVE
1,39974,0,0,297283,466,14,5,STAY
0,143869,55,17,192256,788,6,1,LEAVE
0,25425,65,54,824859,179,1,1,STAY
0,20301,198,9,775148,236,5,3,STAY
1,60098,69,46,361180,262,8,3,LEAVE
0,151309,196,12,700242,634,4,4,STAY
1,159094,94,24,164967,470,5,3,STAY
1,61131,200,66,928840,382,1,5,LEAVE
0,102376,78,0,264558,828,8,4,STAY
0,41146,0,83,354864,169,1,5,LEAVE
1,42593,0,0,260978,206,6,5,STAY
0,74800,153,0,304108,347,13,5,LEAVE
0,52071,47,19,903165,271,6,5,STAY
0,101097,57,19,897889,641,6,3,STAY
0,133894,201,36,890608,709,1,2,STAY
0,87349,59,75,484381,158,1,3,STAY
1,113062,203,6,314391,535,4,2,STAY
1,53689,0,0,224646,258,1,4,STAY
0,98880,60,0,961257,157,15,1,STAY
1,50405,65,12,406764,291,5,3,LEAVE
0,25580,0,22,979940,130,14,3,STAY
0,103518,0,51,787029,567,6,2,STAY
1,35672,0,79,256206,163,2,5,LEAVE
0,63475,91,44,790723,270,2,5,STAY
1,25793,195,27,901631,149,1,2,LEAVE
0,135573,0,16,330668,653,6,3,STAY
0,90342,218,66,236887,255,1,1,LEAVE
0,26958,201,46,523797,222,2,5,LEAVE
1,106353,54,43,478045,568,2,5,STAY
0,79037,0,0,458394,299,13,1,STAY
1,91651,0,0,303857,387,2,2,STAY
1,76393,0,83,199973,353,15,5,STAY
1,72475,0,0,288851,302,1,2,LEAVE
0,88957,167,20,990729,359,5,4,STAY
1,40365,0,0,461195,157,1,1,LEAVE
0,25350,238,44,712470,206,1,2,LEAVE
0,104753,0,0,229479,542,13,5,STAY
0,34637,214,0,808501,234,10,1,STAY
0,119877,89,15,261640,550,5,5,STAY
1,148349,0,70,444371,716,4,1,STAY
0,44572,75,0,234036,354,15,5,STAY
1,79691,80,12,899194,329,6,2,LEAVE
0,78656,0,31,213014,356,2,3,STAY
1,36586,0,10,593353,336,4,4,STAY
0,34472,0,0,550816,228,8,2,LEAVE
0,85849,221,32,415203,370,1,2,LEAVE
1,143528,0,46,266773,481,2,3,STAY
1,82914,57,0,283459,333,12,3,STAY
0,128932,244,0,458715,405,15,5,LEAVE
1,36697,61,32,269812,208,2,3,LEAVE
1,72957,193,27,221593,399,4,5,STAY
0,95480,257,30,286685,385,1,2,LEAVE
0,111165,271,0,173619,157,15,5,LEAVE
0,95011,148,65,786170,266,1,2,STAY
1,126330,178,79,787630,330,1,1,STAY
1,158723,235,0,918884,636,14,2,LEAVE
1,124559,0,74,172897,514,2,3,STAY
1,129339,0,27,445310,897,2,3,STAY
1,103746,153,65,150116,746,1,1,STAY
1,146227,198,0,258180,779,10,4,STAY
0,21361,0,0,704172,336,8,1,STAY
0,33226,0,0,159390,222,11,5,STAY
1,92462,62,20,259894,235,5,5,LEAVE
1,33442,159,17,579642,184,4,4,LEAVE
1,30987,0,52,676178,137,2,4,STAY
0,73805,55,49,267694,250,2,3,LEAVE
0,81882,0,0,191448,304,15,3,LEAVE
0,61160,0,0,190204,331,8,3,STAY
1,132068,38,50,272209,785,2,5,STAY
0,38076,266,16,237941,216,4,2,LEAVE
0,87210,222,45,849845,334,2,2,STAY
1,79089,62,55,878738,334,2,5,STAY
1,24026,0,47,809034,225,2,1,STAY
1,46059,209,10,511918,159,6,3,LEAVE
0,71512,196,0,532545,326,9,5,LEAVE
1,99395,0,0,811661,361,13,4,STAY
0,124285,0,0,357743,594,4,5,STAY
1,31131,61,0,608301,165,13,3,STAY
1,20022,205,36,450516,242,1,3,LEAVE
1,56649,150,29,596720,288,2,3,LEAVE
1,53335,48,18,753103,326,14,5,STAY
1,62465,178,0,213146,263,10,1,LEAVE
1,57578,156,15,492510,330,6,5,LEAVE
0,85172,0,23,280263,375,1,5,STAY
1,121730,227,0,279990,732,15,5,STAY
1,158353,174,21,812932,719,6,1,STAY
0,29845,0,0,398014,173,5,1,STAY
0,62411,164,0,379330,262,12,2,STAY
1,135111,0,17,918501,469,6,3,STAY
1,33193,225,11,297995,219,5,1,LEAVE
0,91149,98,70,154359,375,1,3,STAY
0,84744,0,0,489531,362,8,5,STAY
1,66800,192,23,985431,251,4,2,STAY
1,96316,251,67,950193,373,1,5,STAY
1,65785,0,17,386876,272,5,3,LEAVE
0,30130,224,40,276663,172,1,3,LEAVE
1,114300,214,21,156414,368,9,2,STAY
0,118115,240,78,234198,818,1,1,STAY
0,67689,0,0,977354,349,14,3,STAY
0,41167,61,70,743017,357,2,3,STAY
1,22485,60,14,858261,219,5,3,STAY
0,60518,0,0,339128,385,14,5,STAY
0,124825,204,67,937206,546,1,1,LEAVE
0,30999,50,61,708833,131,1,4,STAY
0,115545,0,19,847512,843,6,4,STAY
0,58143,38,0,208131,300,10,3,LEAVE
0,117028,0,0,334811,443,6,5,STAY
1,88118,0,31,177061,300,1,2,STAY
0,95866,0,23,209881,304,4,3,STAY
0,101264,0,89,683039,852,5,1,STAY
0,70610,204,0,522522,375,11,5,STAY
1,151582,262,23,324636,595,10,2,LEAVE
0,118430,0,51,958527,695,1,4,STAY
1,23284,0,12,319169,219,5,1,STAY
1,155221,43,7,498358,434,6,5,STAY
1,93867,54,7,532111,355,4,1,STAY
0,139852,34,18,353810,888,4,4,STAY
0,67609,72,54,155712,386,1,3,STAY
1,32688,174,21,390054,335,4,5,STAY
0,115579,59,69,939873,454,1,5,STAY
0,131223,57,7,257013,877,5,5,STAY
0,159983,49,19,581215,748,6,5,STAY
0,85790,65,83,406841,204,1,5,STAY
1,125845,0,6,772123,464,11,5,STAY
0,116772,0,46,287292,887,1,4,STAY
0,21586,0,35,233494,154,4,3,LEAVE
0,27706,0,0,474581,145,11,5,STAY
1,23110,0,0,239313,142,9,3,STAY
0,122689,206,12,453981,655,6,5,STAY
0,21999,36,17,879201,152,14,4,STAY
1,117970,173,23,850122,694,4,4,LEAVE
1,22344,0,0,498989,205,14,4,STAY
1,72092,54,24,865633,268,4,2,STAY
1,35604,0,83,541329,235,2,2,STAY
0,134322,0,0,369305,559,12,1,LEAVE
0,154481,0,75,594555,342,2,1,STAY
0,32530,58,52,560291,151,1,1,LEAVE
0,44739,0,0,233307,347,10,2,STAY
0,27774,28,6,955661,249,4,3,STAY
1,21619,0,86,565780,133,1,3,STAY
0,70465,19,72,506311,360,2,5,STAY
1,115802,174,0,775534,861,12,1,LEAVE
0,142670,0,39,503383,247,2,3,STAY
1,102492,54,12,354156,744,5,4,STAY
0,44600,77,0,318594,195,14,2,LEAVE
1,99063,200,0,160399,316,12,5,STAY
0,121715,193,0,694243,848,13,5,STAY
1,45320,0,57,384760,239,2,5,STAY
1,114789,238,0,656647,509,10,2,STAY
1,34131,57,47,755232,226,1,2,STAY
0,140237,212,22,293389,296,5,2,LEAVE
1,114899,68,0,203627,445,2,4,STAY
0,20148,0,21,209006,168,6,3,STAY
1,136634,0,0,861557,464,10,5,STAY
0,46865,252,76,882226,143,1,5,STAY
0,30292,0,78,653223,190,2,5,STAY
0,122936,223,19,280596,538,1,2,LEAVE
0,21771,61,0,154360,193,14,2,STAY
0,99956,236,7,906939,334,2,1,STAY
0,55461,233,0,965155,256,8,2,STAY
1,125453,62,26,213854,451,1,2,STAY
1,49667,50,38,880446,234,2,5,STAY
0,143920,74,68,393026,827,2,3,LEAVE
0,153499,234,21,166392,441,6,2,LEAVE
0,52380,57,8,507723,391,5,1,STAY
0,84524,228,81,609360,344,2,5,STAY
0,110125,0,10,170628,517,6,3,STAY
0,40549,191,35,999728,231,1,2,STAY
1,84371,38,22,763123,292,4,5,STAY
1,26745,0,47,914098,227,1,5,STAY
0,84521,47,13,374267,281,1,1,STAY
1,100595,53,10,196684,811,4,2,STAY
1,119366,202,72,711981,555,1,2,LEAVE
1,134275,193,0,626109,692,6,5,STAY
1,40778,0,0,670861,159,9,5,STAY
1,140788,0,0,698439,522,13,1,STAY
0,145862,80,89,402898,470,12,5,STAY
0,113773,58,12,513885,465,5,1,STAY
0,113259,0,22,285563,884,5,4,STAY
1,75028,81,43,236437,266,2,1,LEAVE
0,88561,233,0,432793,335,10,3,STAY
1,58388,143,0,381221,297,13,3,STAY
1,22850,46,19,216776,150,4,5,STAY
0,44175,209,31,949482,155,1,1,STAY
0,74259,44,43,970468,325,1,2,STAY
1,98980,60,43,716781,327,2,2,STAY
1,127547,0,0,717502,599,12,3,STAY
1,24364,0,0,264678,209,1,1,LEAVE
1,67794,195,37,441568,265,1,2,STAY
1,129849,240,0,182318,564,8,2,LEAVE
0,79328,262,61,250493,307,2,2,STAY
1,44119,0,23,314892,171,6,5,LEAVE
0,47480,71,12,192410,247,6,1,LEAVE
0,117216,174,6,418921,745,6,5,LEAVE
1,118844,49,77,175092,647,1,5,STAY
1,30347,219,26,199767,227,1,3,LEAVE
1,43570,64,0,754740,145,5,2,STAY
0,118386,69,14,876872,748,4,2,STAY
0,58999,266,61,278266,431,2,5,LEAVE
1,41977,95,40,156104,147,2,1,LEAVE
1,67640,0,0,473333,346,12,3,LEAVE
0,38752,0,12,167204,240,4,3,STAY
0,79120,0,15,390494,305,4,2,STAY
0,68342,0,32,223991,380,1,2,LEAVE
0,133049,0,86,945876,645,1,3,STAY
1,159462,0,0,232148,655,13,5,STAY
0,33554,56,0,221738,367,12,2,LEAVE
1,100196,227,0,541122,757,11,3,STAY
0,33557,214,0,792524,237,1,5,STAY
0,130287,0,0,519515,454,12,1,STAY
0,144698,0,5,445482,892,2,2,STAY
0,47501,227,51,905640,233,1,1,STAY
1,118050,0,0,165666,776,13,5,LEAVE
0,121599,0,15,350598,757,6,4,STAY
0,27315,157,58,587454,171,2,2,LEAVE
0,132408,0,61,169022,575,2,5,STAY
1,65873,66,11,762791,359,6,1,LEAVE
1,87755,242,0,709470,346,11,1,STAY
1,155043,254,26,992177,774,2,5,STAY
1,27177,219,30,161968,217,14,5,STAY
0,55408,0,26,992270,332,2,4,STAY
0,110735,0,0,337926,525,9,1,STAY
0,144031,194,9,982899,476,5,1,STAY
1,33053,0,82,639125,197,1,2,STAY
1,74421,0,24,356573,357,4,5,STAY
0,30812,0,0,986140,198,8,4,STAY
1,104494,251,17,512660,712,1,1,LEAVE
1,153396,226,0,263814,708,8,2,STAY
0,39094,0,25,173388,147,2,1,STAY
1,27553,64,67,349773,232,1,1,LEAVE
1,44636,185,17,166629,134,9,3,LEAVE
0,32917,82,84,258052,220,2,2,LEAVE
0,47298,57,23,384501,142,1,5,STAY
1,42317,100,0,292659,226,11,1,LEAVE
0,36050,70,0,579510,185,14,1,STAY
1,122382,0,79,520273,844,1,2,STAY
0,93067,63,11,725428,275,8,5,STAY
1,136625,49,24,287204,814,5,1,LEAVE
0,142055,226,56,278019,587,2,5,LEAVE
0,40285,42,25,162815,257,2,5,LEAVE
1,63931,0,46,748597,300,2,2,STAY
1,41079,218,66,439480,160,1,1,LEAVE
1,77348,63,0,222157,291,11,1,LEAVE
1,71100,194,0,571290,254,9,1,LEAVE
0,46060,39,0,572072,552,9,2,LEAVE
0,96115,83,0,201780,376,8,1,STAY
0,23872,153,41,201534,132,1,5,LEAVE
1,23880,243,62,370376,177,1,5,LEAVE
0,56292,186,0,562230,365,9,5,LEAVE
1,32329,213,15,150581,161,6,3,LEAVE
0,76207,77,53,222599,732,1,3,LEAVE
0,61618,187,35,801735,388,1,3,STAY
1,67836,0,45,987605,399,2,2,STAY
0,132516,0,30,443690,239,2,5,STAY
1,130760,241,13,426241,696,5,2,LEAVE
0,99669,53,42,594366,309,1,1,STAY
1,34438,144,50,391808,191,2,2,LEAVE
1,74910,0,0,204801,257,2,1,LEAVE
0,97168,0,0,405735,255,2,2,LEAVE
0,149815,0,0,918426,854,15,5,STAY
1,121242,41,21,703565,767,1,5,LEAVE
0,153000,213,41,286292,768,2,5,LEAVE
1,59036,0,84,433031,379,1,5,LEAVE
0,72566,0,7,742719,440,5,3,STAY
1,51722,0,15,330503,392,10,2,STAY
0,78626,197,64,284453,250,1,5,LEAVE
0,129814,0,0,515000,543,15,2,STAY
0,79740,134,27,522297,320,2,4,LEAVE
1,92906,0,14,285739,315,4,2,LEAVE
0,24033,61,10,816273,141,8,4,STAY
1,91609,168,0,289320,276,13,3,STAY
1,81977,199,18,913538,296,6,2,STAY
1,37923,0,80,513112,141,2,3,LEAVE
0,147960,0,65,163152,189,2,5,STAY
0,75057,0,0,327095,358,11,2,LEAVE
1,45421,54,16,476657,154,5,5,STAY
0,47430,57,8,292367,187,5,4,LEAVE
1,104737,0,21,184707,896,6,3,STAY
0,72744,0,89,525078,257,1,5,STAY
0,125172,153,32,384837,583,1,3,STAY
1,95098,0,31,406176,340,12,5,LEAVE
1,129053,196,0,771926,437,8,5,STAY
0,131282,0,0,167124,726,13,3,STAY
0,154726,61,0,731789,194,11,2,LEAVE
1,137753,0,23,336433,379,5,1,STAY
0,81538,179,0,268637,376,12,1,STAY
0,25934,158,10,503945,370,4,3,LEAVE
0,122838,68,8,342619,582,5,5,STAY
0,39886,201,19,456881,245,5,4,LEAVE
1,116427,0,21,271154,548,4,3,STAY
1,41100,254,67,992856,189,2,5,STAY
1,53523,197,0,569286,341,10,2,LEAVE
1,25075,25,56,603991,146,2,3,STAY
0,53151,0,0,400210,371,2,5,STAY
0,44332,57,0,425325,238,11,5,STAY
0,23231,0,24,536428,174,4,4,STAY
0,86451,183,0,858158,340,9,4,STAY
1,24013,62,12,166847,197,4,3,LEAVE
0,142236,175,11,944860,171,5,2,STAY
0,97257,209,0,228000,703,13,5,STAY
1,114130,0,87,198814,856,1,2,STAY
1,142195,0,0,528536,809,2,4,STAY
0,80467,0,15,286915,308,6,5,STAY
0,106367,54,6,205678,630,6,4,STAY
0,146713,86,0,234885,197,11,5,STAY
0,35982,0,16,919066,192,5,2,STAY
1,156308,167,13,842546,500,11,2,STAY
1,118327,220,0,172309,800,15,2,LEAVE
1,101722,0,5,565632,557,6,5,STAY
1,23404,54,0,753262,210,9,1,STAY
1,120092,0,0,522637,850,13,5,STAY
0,87894,0,17,216850,283,5,1,LEAVE
0,55391,148,67,345114,386,2,1,STAY
0,140316,0,46,532665,622,1,5,LEAVE
1,38846,70,0,824020,197,10,2,STAY
1,157911,116,20,566307,598,5,3,STAY
1,134762,0,36,330830,768,2,2,STAY
1,29480,209,70,266346,142,2,5,STAY
1,22784,211,24,425129,179,5,2,LEAVE
0,154775,0,0,869402,219,8,1,STAY
1,96886,169,68,425847,284,1,2,LEAVE
1,21306,0,0,439964,358,13,5,STAY
0,66412,71,0,682774,347,12,2,STAY
0,51458,0,0,508849,325,13,1,STAY
0,142693,66,0,570391,694,14,5,STAY
1,75509,0,0,766564,374,11,2,LEAVE
0,76080,61,16,171021,256,5,3,LEAVE
0,94388,51,78,319448,274,9,1,LEAVE
0,135073,45,20,327935,759,4,2,STAY
0,129880,179,82,187686,556,1,1,LEAVE
0,129646,55,42,362828,506,2,5,STAY
1,81625,0,27,874122,134,1,2,LEAVE
0,21770,0,66,332269,231,1,1,LEAVE
0,60449,0,68,170430,292,1,1,LEAVE
1,94801,200,7,518975,287,6,5,STAY
0,43994,0,17,168873,167,4,2,STAY
0,64732,199,0,985968,368,9,5,STAY
1,58538,214,18,910657,277,5,1,STAY
1,96518,123,54,941512,213,2,2,LEAVE
1,41511,163,5,935854,216,6,5,STAY
1,65963,250,19,340383,339,4,4,LEAVE
0,47165,230,17,999297,167,6,1,STAY
1,131042,57,8,636251,597,6,4,STAY
0,33433,90,25,677532,669,4,4,STAY
0,53207,75,0,230132,272,9,1,STAY
1,21782,199,80,851607,208,2,1,STAY
1,116138,177,0,375359,799,13,3,LEAVE
0,23456,0,19,749692,210,6,5,STAY
0,76937,222,0,229019,333,14,1,LEAVE
1,79197,67,24,230503,297,4,1,LEAVE
0,65456,29,85,907409,317,2,3,STAY
0,140792,67,83,514319,677,2,2,LEAVE
0,98610,66,75,217181,297,2,2,LEAVE
1,43389,68,0,902410,132,8,4,STAY
1,46922,67,73,485821,422,1,1,LEAVE
1,145587,180,0,985555,530,8,2,LEAVE
1,25679,65,35,154233,204,2,3,STAY
1,47906,51,23,206561,153,4,1,LEAVE
1,20175,191,23,659259,344,5,2,STAY
0,139708,59,42,918505,859,1,2,STAY
1,155034,247,87,497915,853,2,5,LEAVE
0,76039,148,11,599954,685,6,1,LEAVE
0,155024,0,9,216742,689,4,1,STAY
1,45238,237,76,983773,860,1,1,LEAVE
1,65129,212,11,659835,343,6,5,STAY
0,88650,0,0,277232,350,9,5,LEAVE
0,86583,0,64,282065,333,2,3,STAY
0,24607,0,0,553207,188,13,4,LEAVE
1,94657,0,10,952813,392,4,5,STAY
1,64207,49,66,272473,348,2,2,LEAVE
0,61658,197,83,162134,291,2,3,LEAVE
1,130427,0,23,417083,780,6,2,LEAVE
0,36021,0,0,496972,253,11,3,LEAVE
0,115061,0,60,681334,514,2,4,LEAVE
1,123003,0,28,169907,660,2,5,STAY
1,90926,25,57,960983,334,1,2,STAY
1,157282,0,0,187853,428,6,5,STAY
0,96434,155,11,159667,350,6,2,STAY
1,159154,61,0,842491,663,2,3,STAY
1,127375,0,0,183005,889,14,2,LEAVE
1,103324,99,56,581093,489,2,5,STAY
0,104741,0,8,333062,846,9,2,STAY
0,39540,0,80,248552,230,1,5,STAY
1,66911,0,0,665426,262,14,5,STAY
0,155239,0,17,165514,338,5,5,STAY
0,88426,219,0,821844,198,9,5,STAY
1,82004,0,71,834401,400,2,3,STAY
1,70358,66,6,183463,295,6,5,STAY
0,97449,171,8,162734,364,6,5,STAY
1,93134,61,9,633917,313,6,2,STAY
1,82691,0,0,475114,303,12,5,STAY
1,38395,0,23,621153,247,6,1,LEAVE
1,131520,177,0,232355,675,4,1,LEAVE
1,27296,104,18,293757,181,5,5,STAY
0,29298,190,25,990046,166,2,2,STAY
0,25099,66,76,661682,197,2,2,STAY
1,119327,34,0,351676,532,9,1,STAY
0,109240,71,26,279529,373,1,5,STAY
1,63548,64,66,567393,226,2,5,LEAVE
1,79019,0,39,457194,271,1,2,STAY
0,45961,77,8,364730,190,5,5,STAY
1,112111,0,61,379083,844,1,1,LEAVE
0,132334,64,9,559026,658,4,2,LEAVE
0,82145,72,13,205264,257,2,2,STAY
0,98077,69,0,283955,297,14,3,STAY
1,44987,251,69,594164,291,1,1,LEAVE
1,61484,70,0,306521,281,10,3,LEAVE
1,159579,0,13,263901,201,6,3,LEAVE
0,109658,62,0,638990,780,9,3,LEAVE
1,52402,0,47,920244,311,1,5,STAY
1,20761,0,5,439063,219,4,4,LEAVE
1,48655,0,49,467672,140,2,1,LEAVE
0,48427,80,88,356137,207,2,1,LEAVE
0,75495,62,0,421392,287,15,4,STAY
0,84190,0,24,453678,296,4,2,STAY
0,82366,52,0,287934,246,2,3,STAY
1,23317,203,15,290252,137,5,5,STAY
1,31958,206,63,985892,153,6,2,LEAVE
0,62852,0,57,193001,341,1,1,LEAVE
0,99884,74,15,373022,268,4,3,STAY
1,114972,28,17,853228,231,2,5,STAY
0,105275,209,7,401941,724,6,3,STAY
1,32079,0,13,337380,178,4,2,STAY
0,113162,0,0,280002,635,12,5,STAY
0,52412,192,5,597338,392,4,2,LEAVE
1,24978,70,0,706856,216,14,2,STAY
1,24661,198,56,274486,216,1,3,LEAVE
0,39178,0,7,174755,163,6,3,LEAVE
0,35327,191,52,281632,136,1,2,LEAVE
1,29965,202,23,215237,213,6,3,LEAVE
1,99728,0,0,515738,267,13,3,LEAVE
0,131135,60,0,287449,681,15,4,STAY
0,107471,57,48,944205,590,1,2,STAY
1,88858,51,68,299667,285,2,1,STAY
0,97476,230,17,588224,337,5,5,STAY
0,126374,51,86,772434,445,1,5,STAY
0,84130,52,0,634367,308,8,2,STAY
1,35343,0,22,718459,182,5,5,STAY
0,76233,263,0,655732,260,8,2,STAY
1,157463,0,70,218987,646,1,4,STAY
1,78374,78,64,188492,294,1,5,STAY
1,36415,0,0,920035,159,9,2,STAY
0,57851,167,18,265498,313,4,2,LEAVE
0,79175,65,40,175419,257,2,2,LEAVE
0,67937,29,74,517702,353,2,2,LEAVE
0,105059,42,24,301880,832,14,1,STAY
0,70392,183,0,582586,322,15,5,STAY
0,45545,0,84,248695,177,1,3,LEAVE
0,45273,89,23,240120,208,6,2,LEAVE
0,62812,187,7,911045,317,5,5,STAY
0,92299,54,15,226995,347,5,2,STAY
0,64050,0,0,287623,315,10,3,STAY
1,152868,65,0,633561,878,8,3,STAY
1,153743,0,0,264352,610,12,2,STAY
1,123036,252,76,557623,522,1,1,LEAVE
1,146377,74,19,719355,603,5,4,STAY
1,105418,33,14,227894,690,5,3,LEAVE
1,149039,206,18,660089,446,6,2,LEAVE
1,151208,73,14,774769,454,5,1,STAY
1,117833,56,0,224172,492,15,2,STAY
0,28587,0,15,946204,202,5,5,STAY
0,61738,0,0,435967,264,9,2,STAY
0,146188,0,0,545160,634,15,4,STAY
1,47546,162,8,768882,248,5,5,STAY
1,32686,80,40,917845,236,1,2,LEAVE
1,99090,0,54,558167,345,2,4,STAY
0,65846,0,64,450146,305,1,3,LEAVE
1,113767,84,88,828724,667,1,2,STAY
0,112553,61,8,851958,857,12,5,STAY
1,146043,60,86,696305,454,5,1,STAY
1,49540,0,0,387406,149,10,5,STAY
1,151204,52,0,156117,451,11,1,LEAVE
0,123133,38,60,528916,386,2,5,STAY
0,146841,234,11,418031,473,4,1,STAY
1,132414,173,89,929880,726,12,2,STAY
1,91146,0,74,870447,267,1,5,STAY
1,25414,0,0,153907,226,12,2,STAY
1,50916,0,0,343705,326,10,1,STAY
1,150910,208,13,157594,837,15,3,STAY
0,91345,206,63,395398,335,1,1,LEAVE
1,47721,0,0,733847,246,9,2,LEAVE
1,53404,0,20,551514,392,6,2,STAY
0,35037,53,22,760268,184,13,5,STAY
0,60114,60,63,268033,299,2,2,STAY
0,61908,228,27,185797,439,1,4,LEAVE
0,31339,181,9,317186,248,5,1,LEAVE
0,151118,249,0,225416,693,10,1,STAY
0,143095,238,19,161332,536,4,2,STAY
1,159736,53,70,174030,709,2,3,STAY
0,111403,57,0,286560,460,9,2,STAY
0,101539,182,0,466837,544,11,2,STAY
0,84590,207,0,222182,357,15,2,LEAVE
1,127199,58,88,701614,449,1,3,STAY
0,48371,0,9,358938,226,4,5,STAY
1,72350,0,60,487206,131,2,1,LEAVE
1,122551,71,89,291633,650,1,3,STAY
0,40560,187,0,632804,144,13,1,STAY
1,47277,39,12,559056,188,4,2,LEAVE
1,33962,40,36,418041,182,1,4,LEAVE
1,45794,65,0,267794,194,2,2,LEAVE
0,104289,195,0,241774,765,10,2,STAY
0,127594,44,27,398820,714,1,5,STAY
0,150795,183,13,154513,519,6,3,LEAVE
1,42351,0,12,194603,183,5,5,STAY
1,29912,0,75,936639,206,2,3,STAY
1,31129,0,0,231612,219,9,2,STAY
0,87457,62,85,650502,398,2,1,STAY
1,96637,0,0,249382,681,15,5,STAY
0,59902,62,68,439274,278,2,1,STAY
0,29349,0,0,720793,147,12,2,STAY
1,51335,0,37,432411,346,1,2,LEAVE
1,124784,0,26,234296,609,15,3,STAY
1,33914,0,17,152883,168,5,2,LEAVE
1,92642,0,0,278806,323,10,3,STAY
1,41890,249,0,263258,218,8,5,STAY
1,55426,223,81,689056,369,2,1,STAY
1,35244,195,16,521649,238,5,2,LEAVE
0,106563,0,44,561478,543,2,1,STAY
0,102251,61,0,436908,599,14,5,STAY
1,28129,0,54,257327,249,2,5,STAY
1,28100,0,59,254748,167,2,5,STAY
1,133173,189,29,520454,159,1,1,STAY
0,86089,46,59,308274,255,5,1,LEAVE
1,83047,186,17,569722,342,4,2,STAY
1,138586,55,0,717524,837,6,2,STAY
1,122238,0,0,230892,623,8,1,STAY
0,35979,32,14,251760,279,5,1,STAY
1,89464,0,16,544821,316,6,5,STAY
1,81813,0,0,350968,365,11,1,STAY
0,96808,0,56,413429,307,11,5,LEAVE
1,56092,201,15,936913,315,4,3,STAY
1,153160,60,13,458910,509,6,5,STAY
0,35921,257,0,365049,232,13,1,LEAVE
1,20278,0,69,813697,143,1,2,STAY
1,91710,0,33,283998,322,1,2,LEAVE
1,129466,60,0,672504,732,12,4,STAY
0,31417,199,77,518933,374,2,4,STAY
1,89333,0,9,316976,275,6,3,LEAVE
0,28609,220,0,426053,240,10,5,LEAVE
1,60890,59,84,433703,302,2,5,LEAVE
0,27442,37,24,367615,614,4,3,STAY
0,71164,0,17,288319,373,4,3,STAY
1,86169,67,0,221971,299,1,1,STAY
1,106649,219,45,952181,530,1,1,STAY
1,34515,61,0,427665,242,8,3,LEAVE
0,26014,56,0,347393,216,13,1,LEAVE
1,138811,0,21,164637,448,2,5,STAY
0,121642,0,16,534119,418,5,3,STAY
0,152971,0,43,968803,749,1,2,STAY
0,57718,0,80,248524,894,2,1,LEAVE
0,64201,0,69,510232,315,1,2,LEAVE
0,33546,179,0,967956,166,15,1,STAY
1,132306,0,0,366538,586,13,2,LEAVE
0,46533,182,88,550252,144,6,5,STAY
1,122847,49,10,647743,689,6,1,LEAVE
1,48649,160,45,809812,216,1,1,STAY
0,86744,215,0,202304,258,8,2,LEAVE
0,134500,0,14,979010,531,4,4,STAY
0,83020,211,81,310469,165,1,1,LEAVE
1,129455,0,0,858054,552,15,2,STAY
0,61017,0,21,875608,250,5,5,STAY
0,95794,237,0,239952,292,8,2,STAY
1,64070,0,0,326646,275,9,4,STAY
1,127126,64,15,538301,671,5,4,STAY
0,49455,0,0,867801,190,11,3,STAY
1,39379,0,23,860237,218,1,2,STAY
0,28801,190,36,459377,360,1,2,LEAVE
0,85800,186,9,944002,358,4,2,STAY
0,78529,0,66,172589,275,2,2,LEAVE
0,102739,232,19,339737,739,5,2,STAY
0,139227,0,0,159892,416,11,4,STAY
1,71964,0,41,297916,314,1,3,STAY
0,106376,0,0,600469,852,10,2,STAY
0,156526,221,0,764954,433,9,1,STAY
1,69819,0,23,700664,289,5,4,STAY
1,54851,189,13,175966,287,4,5,STAY
1,131147,116,0,293183,795,8,4,STAY
1,77022,243,21,995828,279,4,5,STAY
0,21437,64,37,200628,188,2,1,STAY
0,48611,224,53,876306,151,2,3,STAY
0,25568,0,5,520821,178,6,2,LEAVE
0,141481,0,0,223959,598,10,3,LEAVE
0,77042,62,0,209812,333,6,4,STAY
1,95671,159,54,628368,291,2,5,STAY
0,71364,82,0,234624,265,12,2,STAY
0,36924,191,21,157600,179,4,2,STAY
0,37841,222,17,269685,140,4,1,STAY
0,70386,0,11,368683,269,6,2,LEAVE
0,94324,209,16,981075,261,6,1,STAY
1,106215,46,65,565472,880,2,2,LEAVE
1,42798,0,32,642405,142,1,1,LEAVE
0,81242,81,62,303053,360,1,3,LEAVE
1,63395,196,0,357628,394,11,1,LEAVE
1,27421,54,61,717455,166,2,1,LEAVE
1,42187,196,0,413423,293,8,5,LEAVE
1,47476,0,23,588637,156,5,1,LEAVE
0,28569,162,13,497676,137,13,2,LEAVE
0,109465,0,6,549271,317,14,1,STAY
1,29645,200,0,722882,369,5,2,STAY
0,82308,0,60,443871,398,1,2,STAY
1,71889,68,0,160677,372,8,3,STAY
0,156170,249,67,583018,226,2,2,LEAVE
0,100870,237,0,215082,561,15,5,STAY
1,136995,0,88,991682,445,2,3,STAY
0,139729,145,74,235547,763,2,3,STAY
1,129521,0,0,504524,705,5,5,STAY
1,51167,62,5,177193,257,5,5,STAY
0,39885,34,0,209258,186,13,2,LEAVE
1,132117,197,0,243244,728,10,5,LEAVE
0,25055,37,76,274597,501,1,3,STAY
0,73393,0,55,162520,266,1,5,STAY
0,31837,205,0,195703,143,13,4,LEAVE
1,143517,51,12,702579,579,10,1,STAY
1,114132,180,73,609759,864,1,3,STAY
1,54198,52,0,218559,370,13,3,LEAVE
0,120807,38,0,635734,537,9,5,STAY
1,37766,165,0,668955,226,12,5,LEAVE
1,152981,132,0,663633,701,15,5,STAY
0,79805,0,51,353953,285,2,1,STAY
0,109016,197,0,221952,688,2,5,STAY
1,125179,215,0,511961,423,8,2,STAY
1,28503,42,0,704366,163,12,1,LEAVE
0,47080,0,28,295695,225,1,3,LEAVE
1,48980,55,20,415525,171,4,3,STAY
1,137597,0,0,549081,655,15,5,STAY
0,64228,30,29,214510,263,1,1,LEAVE
1,35014,53,83,665791,218,1,3,STAY
0,142864,164,14,236538,487,4,2,LEAVE
0,79987,66,60,702946,296,1,2,STAY
1,53967,68,20,178614,275,1,5,STAY
1,69628,186,89,489644,348,1,5,LEAVE
1,113260,52,37,624391,497,2,1,STAY
1,48401,167,0,623160,210,4,1,STAY
0,47528,0,18,158645,175,4,2,LEAVE
0,29378,0,11,182808,179,4,1,STAY
0,101335,216,0,414892,420,14,5,LEAVE
0,119299,0,87,681571,512,2,3,STAY
0,142274,214,61,856050,584,1,5,STAY
1,124407,193,0,228924,667,12,3,LEAVE
0,153988,57,9,307639,413,4,1,LEAVE
1,158245,220,0,564312,657,13,1,LEAVE
1,36132,0,0,909924,212,15,3,STAY
0,35001,239,19,574578,488,4,5,LEAVE
1,78353,0,89,777993,340,1,2,LEAVE
0,83746,217,20,190270,365,4,1,LEAVE
1,24811,40,23,904618,347,4,3,STAY
0,39211,52,26,358363,166,2,2,LEAVE
0,42596,59,86,619934,302,2,2,LEAVE
1,94745,61,12,183066,376,15,2,STAY
0,30473,0,24,907702,245,4,3,STAY
1,24877,143,0,747863,247,15,2,STAY
1,40999,0,65,725706,209,2,5,LEAVE
0,114912,0,7,385468,787,10,2,LEAVE
1,46084,44,13,410027,141,5,5,STAY
0,102970,219,58,195252,696,2,3,LEAVE
0,56410,178,0,740386,393,9,1,STAY
1,78702,197,59,152044,339,2,5,LEAVE
0,22185,0,0,303674,217,11,2,LEAVE
0,64836,0,39,957364,253,1,5,LEAVE
1,64193,163,19,673676,230,4,3,STAY
0,146674,0,0,659294,719,12,2,STAY
1,130301,202,0,331995,898,14,5,STAY
0,26167,0,19,207515,150,4,5,STAY
0,138323,0,85,740075,697,2,3,STAY
0,48595,172,64,277776,263,1,3,LEAVE
0,88391,62,0,188850,263,13,5,STAY
1,61294,0,21,709178,392,5,5,STAY
0,23417,192,59,589654,189,8,3,LEAVE
1,32293,168,22,573445,220,6,2,LEAVE
0,119166,227,89,797091,868,1,1,STAY
1,144339,39,22,233916,632,6,5,STAY
1,31360,0,62,763915,158,1,3,LEAVE
0,38015,185,10,370083,236,4,2,LEAVE
1,135482,182,89,178040,702,2,1,STAY
0,70535,0,0,653421,310,14,1,STAY
1,112564,156,14,788473,613,2,3,STAY
1,20442,54,88,252266,172,2,5,LEAVE
0,100732,200,8,503835,718,6,1,LEAVE
1,38203,65,10,566698,735,10,2,LEAVE
0,142755,0,0,183621,159,14,2,STAY
0,120234,0,0,415932,603,1,2,LEAVE
0,90933,0,29,400447,264,1,5,STAY
0,50397,75,0,221629,390,15,2,STAY
0,43663,50,82,270165,176,2,3,LEAVE
0,153306,188,29,355387,650,2,1,LEAVE
1,96580,174,45,712152,331,2,3,STAY
0,152174,0,0,223263,887,14,2,STAY
0,82833,47,0,318260,265,13,3,LEAVE
1,142718,194,0,532486,734,2,2,LEAVE
0,58450,0,0,418872,266,15,2,STAY
1,33134,0,14,401073,139,4,1,LEAVE
0,153907,0,6,288659,809,6,2,LEAVE
0,83560,37,0,469178,261,10,3,STAY
0,135574,209,56,418880,680,1,2,STAY
0,32792,0,51,197726,243,1,3,LEAVE
0,25774,0,8,888200,180,6,2,STAY
