date,item,sales,tot_sales,comp_sales
2013-01-01,28,45,456,43
2013-01-02,28,53,474,57
2013-01-03,28,65,519,45
2013-01-04,28,66,527,45
2013-01-05,28,97,575,55
2013-01-06,28,83,573,56
2013-01-07,28,46,402,35
2013-01-08,28,53,459,50
2013-01-09,28,57,479,41
2013-01-10,28,78,527,68
2013-01-11,28,59,515,44
2013-01-12,28,55,570,48
2013-01-13,28,74,610,61
2013-01-14,28,50,388,45
2013-01-15,28,63,490,39
2013-01-16,28,48,432,46
2013-01-17,28,59,494,38
2013-01-18,28,65,541,52
2013-01-19,28,62,500,34
2013-01-20,28,78,590,52
2013-01-21,28,44,405,29
2013-01-22,28,70,466,39
2013-01-23,28,57,426,52
2013-01-24,28,77,498,43
2013-01-25,28,79,552,50
2013-01-26,28,79,555,55
2013-01-27,28,80,601,46
2013-01-28,28,50,395,45
2013-01-29,28,56,477,46
2013-01-30,28,43,424,35
2013-01-31,28,65,504,35
2013-02-01,28,78,606,43
2013-02-02,28,83,610,59
2013-02-03,28,103,657,56
2013-02-04,28,46,425,53
2013-02-05,28,73,514,44
2013-02-06,28,85,509,49
2013-02-07,28,76,553,58
2013-02-08,28,82,611,54
2013-02-09,28,78,609,50
2013-02-10,28,93,669,64
2013-02-11,28,49,442,51
2013-02-12,28,71,500,48
2013-02-13,28,72,472,39
2013-02-14,28,74,521,53
2013-02-15,28,83,579,40
2013-02-16,28,92,619,66
2013-02-17,28,81,690,65
2013-02-18,28,59,473,30
2013-02-19,28,67,516,53
2013-02-20,28,67,443,52
2013-02-21,28,67,545,41
2013-02-22,28,78,580,54
2013-02-23,28,78,631,51
2013-02-24,28,91,657,71
2013-02-25,28,63,460,53
2013-02-26,28,63,506,53
2013-02-27,28,72,493,55
2013-02-28,28,71,517,53
2013-03-01,28,78,739,62
2013-03-02,28,91,770,68
2013-03-03,28,91,754,100
2013-03-04,28,64,476,54
2013-03-05,28,73,594,67
2013-03-06,28,82,627,41
2013-03-07,28,75,642,69
2013-03-08,28,83,672,68
2013-03-09,28,86,771,81
2013-03-10,28,107,796,71
2013-03-11,28,74,517,66
2013-03-12,28,73,636,58
2013-03-13,28,69,610,66
2013-03-14,28,88,691,67
2013-03-15,28,89,740,53
2013-03-16,28,96,736,74
2013-03-17,28,106,805,78
2013-03-18,28,59,545,44
2013-03-19,28,74,566,67
2013-03-20,28,77,636,55
2013-03-21,28,85,679,57
2013-03-22,28,85,645,68
2013-03-23,28,106,778,65
2013-03-24,28,104,761,89
2013-03-25,28,61,511,53
2013-03-26,28,92,604,56
2013-03-27,28,82,627,60
2013-03-28,28,98,699,57
2013-03-29,28,92,722,50
2013-03-30,28,102,727,89
2013-03-31,28,106,824,80
2013-04-01,28,83,584,63
2013-04-02,28,85,684,59
2013-04-03,28,87,706,65
2013-04-04,28,86,762,65
2013-04-05,28,108,802,72
2013-04-06,28,138,930,76
2013-04-07,28,119,881,81
2013-04-08,28,78,622,48
2013-04-09,28,69,653,65
2013-04-10,28,88,680,74
2013-04-11,28,95,787,89
2013-04-12,28,114,792,62
2013-04-13,28,103,819,90
2013-04-14,28,128,886,101
2013-04-15,28,79,607,61
2013-04-16,28,100,740,63
2013-04-17,28,90,730,66
2013-04-18,28,105,791,75
2013-04-19,28,103,821,69
2013-04-20,28,110,851,78
2013-04-21,28,118,960,108
2013-04-22,28,80,621,57
2013-04-23,28,102,741,79
2013-04-24,28,105,784,62
2013-04-25,28,97,734,83
2013-04-26,28,109,818,66
2013-04-27,28,104,855,99
2013-04-28,28,135,977,101
2013-04-29,28,74,549,70
2013-04-30,28,94,706,67
2013-05-01,28,90,752,74
2013-05-02,28,102,835,79
2013-05-03,28,113,878,89
2013-05-04,28,134,939,88
2013-05-05,28,115,997,100
2013-05-06,28,92,658,63
2013-05-07,28,96,763,65
2013-05-08,28,101,744,61
2013-05-09,28,90,844,84
2013-05-10,28,100,867,100
2013-05-11,28,114,919,75
2013-05-12,28,104,940,93
2013-05-13,28,75,652,64
2013-05-14,28,95,769,77
2013-05-15,28,107,770,63
2013-05-16,28,97,865,102
2013-05-17,28,95,838,74
2013-05-18,28,114,943,85
2013-05-19,28,114,938,94
2013-05-20,28,76,639,64
2013-05-21,28,114,830,67
2013-05-22,28,94,759,78
2013-05-23,28,100,804,72
2013-05-24,28,128,920,94
2013-05-25,28,122,919,89
2013-05-26,28,121,974,87
2013-05-27,28,79,685,61
2013-05-28,28,99,789,73
2013-05-29,28,113,760,70
2013-05-30,28,115,800,95
2013-05-31,28,113,872,67
2013-06-01,28,124,1016,80
2013-06-02,28,139,1019,93
2013-06-03,28,77,676,65
2013-06-04,28,93,764,80
2013-06-05,28,117,818,80
2013-06-06,28,112,881,71
2013-06-07,28,127,929,81
2013-06-08,28,105,925,78
2013-06-09,28,129,998,95
2013-06-10,28,103,710,74
2013-06-11,28,106,823,87
2013-06-12,28,120,813,88
2013-06-13,28,107,872,86
2013-06-14,28,105,908,102
2013-06-15,28,117,967,106
2013-06-16,28,141,1090,88
2013-06-17,28,88,706,56
2013-06-18,28,100,828,70
2013-06-19,28,95,788,82
2013-06-20,28,99,849,91
2013-06-21,28,123,886,95
2013-06-22,28,125,1014,88
2013-06-23,28,146,1026,99
2013-06-24,28,85,717,64
2013-06-25,28,94,841,76
2013-06-26,28,112,856,68
2013-06-27,28,140,941,60
2013-06-28,28,115,960,97
2013-06-29,28,124,1025,105
2013-06-30,28,149,1069,104
2013-07-01,28,99,719,81
2013-07-02,28,105,860,95
2013-07-03,28,123,863,80
2013-07-04,28,122,941,73
2013-07-05,28,132,1003,103
2013-07-06,28,153,1052,104
2013-07-07,28,130,1038,100
2013-07-08,28,94,696,80
2013-07-09,28,105,878,50
2013-07-10,28,97,844,82
2013-07-11,28,120,941,103
2013-07-12,28,126,961,75
2013-07-13,28,123,1050,107
2013-07-14,28,151,1126,117
2013-07-15,28,80,726,71
2013-07-16,28,102,873,78
2013-07-17,28,89,841,91
2013-07-18,28,138,966,73
2013-07-19,28,111,949,98
2013-07-20,28,147,1034,112
2013-07-21,28,130,1128,106
2013-07-22,28,80,726,97
2013-07-23,28,127,860,93
2013-07-24,28,128,900,88
2013-07-25,28,121,959,91
2013-07-26,28,125,1010,86
2013-07-27,28,163,1076,111
2013-07-28,28,130,1097,111
2013-07-29,28,90,726,89
2013-07-30,28,111,883,91
2013-07-31,28,100,838,86
2013-08-01,28,98,827,81
2013-08-02,28,105,868,89
2013-08-03,28,114,906,89
2013-08-04,28,115,1002,81
2013-08-05,28,104,754,67
2013-08-06,28,97,736,76
2013-08-07,28,100,746,66
2013-08-08,28,112,864,78
2013-08-09,28,113,918,98
2013-08-10,28,117,952,102
2013-08-11,28,132,961,92
2013-08-12,28,94,661,57
2013-08-13,28,89,772,78
2013-08-14,28,90,771,74
2013-08-15,28,111,811,81
2013-08-16,28,106,864,76
2013-08-17,28,130,930,86
2013-08-18,28,125,935,81
2013-08-19,28,91,684,57
2013-08-20,28,106,780,67
2013-08-21,28,100,771,71
2013-08-22,28,104,827,77
2013-08-23,28,110,853,72
2013-08-24,28,116,922,91
2013-08-25,28,133,947,97
2013-08-26,28,85,661,55
2013-08-27,28,102,743,77
2013-08-28,28,97,768,64
2013-08-29,28,108,802,80
2013-08-30,28,109,920,81
2013-08-31,28,117,930,100
2013-09-01,28,110,901,78
2013-09-02,28,89,612,55
2013-09-03,28,99,714,86
2013-09-04,28,87,717,76
2013-09-05,28,106,768,78
2013-09-06,28,102,802,76
2013-09-07,28,103,845,81
2013-09-08,28,120,926,84
2013-09-09,28,106,664,60
2013-09-10,28,92,765,79
2013-09-11,28,92,704,64
2013-09-12,28,83,747,79
2013-09-13,28,114,889,70
2013-09-14,28,97,856,66
2013-09-15,28,103,955,102
2013-09-16,28,86,645,62
2013-09-17,28,88,692,75
2013-09-18,28,82,706,48
2013-09-19,28,99,747,84
2013-09-20,28,115,795,86
2013-09-21,28,120,900,98
2013-09-22,28,117,931,73
2013-09-23,28,71,644,57
2013-09-24,28,88,677,82
2013-09-25,28,69,681,69
2013-09-26,28,96,739,86
2013-09-27,28,105,801,80
2013-09-28,28,122,873,79
2013-09-29,28,106,889,104
2013-09-30,28,73,566,56
2013-10-01,28,76,694,61
2013-10-02,28,89,651,77
2013-10-03,28,87,699,67
2013-10-04,28,91,733,72
2013-10-05,28,114,860,74
2013-10-06,28,85,824,82
2013-10-07,28,67,579,49
2013-10-08,28,69,615,64
2013-10-09,28,80,637,68
2013-10-10,28,88,706,62
2013-10-11,28,92,734,69
2013-10-12,28,95,731,77
2013-10-13,28,109,851,73
2013-10-14,28,80,542,50
2013-10-15,28,95,665,51
2013-10-16,28,94,676,60
2013-10-17,28,88,712,85
2013-10-18,28,84,751,75
2013-10-19,28,102,826,65
2013-10-20,28,103,891,86
2013-10-21,28,58,567,57
2013-10-22,28,98,670,66
2013-10-23,28,91,661,74
2013-10-24,28,88,694,61
2013-10-25,28,89,745,76
2013-10-26,28,117,838,65
2013-10-27,28,114,913,107
2013-10-28,28,78,581,47
2013-10-29,28,78,655,79
2013-10-30,28,108,657,64
2013-10-31,28,78,717,67
2013-11-01,28,107,843,72
2013-11-02,28,104,869,77
2013-11-03,28,122,938,78
2013-11-04,28,77,635,71
2013-11-05,28,95,718,70
2013-11-06,28,104,729,66
2013-11-07,28,100,768,65
2013-11-08,28,116,824,79
2013-11-09,28,129,926,79
2013-11-10,28,120,933,93
2013-11-11,28,79,598,55
2013-11-12,28,91,724,70
2013-11-13,28,81,740,58
2013-11-14,28,105,736,60
2013-11-15,28,106,797,73
2013-11-16,28,105,851,101
2013-11-17,28,151,962,75
2013-11-18,28,81,601,58
2013-11-19,28,100,678,80
2013-11-20,28,107,727,69
2013-11-21,28,95,710,68
2013-11-22,28,107,821,75
2013-11-23,28,116,942,86
2013-11-24,28,100,887,69
2013-11-25,28,67,591,53
2013-11-26,28,92,750,66
2013-11-27,28,113,722,79
2013-11-28,28,102,763,66
2013-11-29,28,86,783,67
2013-11-30,28,100,825,106
2013-12-01,28,94,649,61
2013-12-02,28,63,442,55
2013-12-03,28,57,500,41
2013-12-04,28,66,489,48
2013-12-05,28,63,520,51
2013-12-06,28,71,601,61
2013-12-07,28,98,631,53
2013-12-08,28,78,655,48
2013-12-09,28,56,474,39
2013-12-10,28,63,508,42
2013-12-11,28,68,488,63
2013-12-12,28,66,571,54
2013-12-13,28,63,590,48
2013-12-14,28,83,630,75
2013-12-15,28,77,647,68
2013-12-16,28,62,464,45
2013-12-17,28,55,522,53
2013-12-18,28,65,481,55
2013-12-19,28,82,581,52
2013-12-20,28,78,592,50
2013-12-21,28,71,619,60
2013-12-22,28,87,657,65
2013-12-23,28,52,423,50
2013-12-24,28,62,505,55
2013-12-25,28,70,499,59
2013-12-26,28,73,535,44
2013-12-27,28,82,584,44
2013-12-28,28,92,601,68
2013-12-29,28,73,653,55
2013-12-30,28,48,431,37
2013-12-31,28,86,562,41
2014-01-01,28,51,503,48
2014-01-02,28,76,575,57
2014-01-03,28,74,605,72
2014-01-04,28,78,656,66
2014-01-05,28,88,669,68
2014-01-06,28,65,452,50
2014-01-07,28,78,520,62
2014-01-08,28,73,539,41
2014-01-09,28,78,573,48
2014-01-10,28,96,640,55
2014-01-11,28,67,640,51
2014-01-12,28,93,681,69
2014-01-13,28,59,428,55
2014-01-14,28,63,529,45
2014-01-15,28,53,507,41
2014-01-16,28,67,575,62
2014-01-17,28,84,610,51
2014-01-18,28,71,695,51
2014-01-19,28,79,717,67
2014-01-20,28,51,457,39
2014-01-21,28,71,547,41
2014-01-22,28,64,533,48
2014-01-23,28,91,615,63
2014-01-24,28,81,618,67
2014-01-25,28,89,682,63
2014-01-26,28,80,695,64
2014-01-27,28,60,449,54
2014-01-28,28,57,525,51
2014-01-29,28,70,536,64
2014-01-30,28,69,589,52
2014-01-31,28,75,632,46
2014-02-01,28,92,716,60
2014-02-02,28,96,779,71
2014-02-03,28,74,473,46
2014-02-04,28,68,615,63
2014-02-05,28,86,641,52
2014-02-06,28,69,619,67
2014-02-07,28,91,633,66
2014-02-08,28,89,695,62
2014-02-09,28,113,744,75
2014-02-10,28,60,517,35
2014-02-11,28,84,603,70
2014-02-12,28,65,600,67
2014-02-13,28,70,650,60
2014-02-14,28,85,671,54
2014-02-15,28,100,721,71
2014-02-16,28,111,794,75
2014-02-17,28,57,470,66
2014-02-18,28,76,565,46
2014-02-19,28,77,555,49
2014-02-20,28,91,650,56
2014-02-21,28,84,671,69
2014-02-22,28,87,736,77
2014-02-23,28,88,708,69
2014-02-24,28,82,525,55
2014-02-25,28,80,595,57
2014-02-26,28,70,565,56
2014-02-27,28,79,593,63
2014-02-28,28,84,625,65
2014-03-01,28,126,875,86
2014-03-02,28,115,874,100
2014-03-03,28,68,553,67
2014-03-04,28,77,716,77
2014-03-05,28,102,736,63
2014-03-06,28,114,746,61
2014-03-07,28,94,821,68
2014-03-08,28,100,837,90
2014-03-09,28,120,892,85
2014-03-10,28,85,607,52
2014-03-11,28,102,709,65
2014-03-12,28,83,658,76
2014-03-13,28,98,747,69
2014-03-14,28,117,795,72
2014-03-15,28,123,838,82
2014-03-16,28,127,931,95
2014-03-17,28,82,633,43
2014-03-18,28,98,693,48
2014-03-19,28,70,710,69
2014-03-20,28,93,676,79
2014-03-21,28,99,806,71
2014-03-22,28,118,808,83
2014-03-23,28,107,909,97
2014-03-24,28,69,594,50
2014-03-25,28,85,707,74
2014-03-26,28,99,728,65
2014-03-27,28,107,739,74
2014-03-28,28,108,767,67
2014-03-29,28,112,878,87
2014-03-30,28,123,954,108
2014-03-31,28,85,596,53
2014-04-01,28,100,868,77
2014-04-02,28,121,841,81
2014-04-03,28,114,916,78
2014-04-04,28,148,960,107
2014-04-05,28,115,978,92
2014-04-06,28,137,1011,95
2014-04-07,28,76,681,53
2014-04-08,28,105,811,82
2014-04-09,28,111,795,98
2014-04-10,28,105,887,92
2014-04-11,28,127,939,68
2014-04-12,28,121,943,93
2014-04-13,28,134,1056,104
2014-04-14,28,88,681,81
2014-04-15,28,98,809,83
2014-04-16,28,107,824,76
2014-04-17,28,106,892,99
2014-04-18,28,117,917,90
2014-04-19,28,127,1036,101
2014-04-20,28,121,1073,90
2014-04-21,28,94,701,74
2014-04-22,28,103,824,79
2014-04-23,28,109,812,80
2014-04-24,28,116,852,72
2014-04-25,28,112,906,102
2014-04-26,28,136,961,96
2014-04-27,28,138,1102,116
2014-04-28,28,101,672,69
2014-04-29,28,96,764,95
2014-04-30,28,103,814,79
2014-05-01,28,140,964,95
2014-05-02,28,145,1008,91
2014-05-03,28,129,1099,91
2014-05-04,28,151,1087,107
2014-05-05,28,91,773,70
2014-05-06,28,110,835,87
2014-05-07,28,126,879,80
2014-05-08,28,125,939,85
2014-05-09,28,136,987,107
2014-05-10,28,120,1000,91
2014-05-11,28,151,1125,101
2014-05-12,28,86,715,66
2014-05-13,28,102,821,100
2014-05-14,28,109,900,76
2014-05-15,28,117,896,90
2014-05-16,28,139,1062,102
2014-05-17,28,128,1066,89
2014-05-18,28,142,1130,89
2014-05-19,28,78,751,71
2014-05-20,28,115,880,85
2014-05-21,28,118,854,69
2014-05-22,28,112,962,92
2014-05-23,28,125,1037,98
2014-05-24,28,135,1081,95
2014-05-25,28,152,1129,122
2014-05-26,28,98,732,70
2014-05-27,28,97,884,95
2014-05-28,28,107,870,88
2014-05-29,28,118,936,109
2014-05-30,28,124,1009,91
2014-05-31,28,146,1121,105
2014-06-01,28,147,1183,98
2014-06-02,28,105,801,83
2014-06-03,28,100,976,92
2014-06-04,28,130,984,92
2014-06-05,28,118,981,91
2014-06-06,28,126,1014,104
2014-06-07,28,139,1116,102
2014-06-08,28,171,1183,107
2014-06-09,28,107,811,82
2014-06-10,28,132,972,101
2014-06-11,28,132,996,97
2014-06-12,28,151,1023,100
2014-06-13,28,124,1067,102
2014-06-14,28,143,1185,104
2014-06-15,28,164,1171,112
2014-06-16,28,116,738,93
2014-06-17,28,131,898,79
2014-06-18,28,129,959,90
2014-06-19,28,126,1062,112
2014-06-20,28,160,1072,114
2014-06-21,28,155,1154,102
2014-06-22,28,148,1193,101
2014-06-23,28,108,795,81
2014-06-24,28,114,954,88
2014-06-25,28,102,907,111
2014-06-26,28,123,1042,102
2014-06-27,28,121,1065,110
2014-06-28,28,137,1175,117
2014-06-29,28,160,1198,127
2014-06-30,28,112,738,75
2014-07-01,28,120,979,96
2014-07-02,28,137,1019,99
2014-07-03,28,109,1064,86
2014-07-04,28,154,1139,106
2014-07-05,28,137,1106,106
2014-07-06,28,172,1245,132
2014-07-07,28,125,849,82
2014-07-08,28,122,1023,78
2014-07-09,28,147,973,90
2014-07-10,28,119,1038,100
2014-07-11,28,143,1108,101
2014-07-12,28,160,1184,102
2014-07-13,28,174,1260,111
2014-07-14,28,105,901,97
2014-07-15,28,142,1058,116
2014-07-16,28,118,1000,91
2014-07-17,28,157,1069,98
2014-07-18,28,151,1144,112
2014-07-19,28,189,1228,121
2014-07-20,28,170,1288,112
2014-07-21,28,123,858,86
2014-07-22,28,140,1039,95
2014-07-23,28,121,980,88
2014-07-24,28,140,1043,108
2014-07-25,28,162,1167,111
2014-07-26,28,158,1189,106
2014-07-27,28,145,1272,143
2014-07-28,28,115,888,74
2014-07-29,28,120,1005,93
2014-07-30,28,119,1013,94
2014-07-31,28,146,1088,119
2014-08-01,28,130,1007,112
2014-08-02,28,128,1094,104
2014-08-03,28,141,1105,94
2014-08-04,28,88,744,82
2014-08-05,28,112,838,76
2014-08-06,28,122,966,74
2014-08-07,28,128,951,78
2014-08-08,28,125,972,97
2014-08-09,28,146,1103,115
2014-08-10,28,148,1217,89
2014-08-11,28,94,795,82
2014-08-12,28,122,902,99
2014-08-13,28,107,890,80
2014-08-14,28,111,985,83
2014-08-15,28,126,1010,103
2014-08-16,28,143,1133,99
2014-08-17,28,142,1157,105
2014-08-18,28,102,705,79
2014-08-19,28,121,891,91
2014-08-20,28,95,890,86
2014-08-21,28,131,997,84
2014-08-22,28,141,1045,97
2014-08-23,28,134,1053,92
2014-08-24,28,134,1147,87
2014-08-25,28,104,746,72
2014-08-26,28,110,873,85
2014-08-27,28,98,875,89
2014-08-28,28,118,935,98
2014-08-29,28,126,1003,107
2014-08-30,28,116,1043,88
2014-08-31,28,133,1136,131
2014-09-01,28,81,709,72
2014-09-02,28,97,804,85
2014-09-03,28,93,825,98
2014-09-04,28,127,884,97
2014-09-05,28,129,923,84
2014-09-06,28,121,1000,100
2014-09-07,28,139,1048,98
2014-09-08,28,102,728,80
2014-09-09,28,123,841,90
2014-09-10,28,104,832,88
2014-09-11,28,116,851,90
2014-09-12,28,133,955,109
2014-09-13,28,129,1044,90
2014-09-14,28,125,1092,132
2014-09-15,28,92,721,77
2014-09-16,28,97,789,64
2014-09-17,28,110,882,75
2014-09-18,28,94,854,75
2014-09-19,28,114,940,87
2014-09-20,28,112,972,67
2014-09-21,28,121,1040,101
2014-09-22,28,92,731,68
2014-09-23,28,101,833,72
2014-09-24,28,98,798,67
2014-09-25,28,127,919,77
2014-09-26,28,120,946,105
2014-09-27,28,127,944,102
2014-09-28,28,144,1077,88
2014-09-29,28,78,693,76
2014-09-30,28,95,812,71
2014-10-01,28,90,785,78
2014-10-02,28,122,854,85
2014-10-03,28,103,799,93
2014-10-04,28,119,925,85
2014-10-05,28,108,946,87
2014-10-06,28,84,612,48
2014-10-07,28,99,774,77
2014-10-08,28,101,782,80
2014-10-09,28,106,852,68
2014-10-10,28,90,847,69
2014-10-11,28,125,898,92
2014-10-12,28,121,975,104
2014-10-13,28,87,650,60
2014-10-14,28,109,747,80
2014-10-15,28,96,755,68
2014-10-16,28,94,810,81
2014-10-17,28,113,894,98
2014-10-18,28,108,927,76
2014-10-19,28,147,1065,95
2014-10-20,28,77,656,72
2014-10-21,28,128,781,87
2014-10-22,28,93,825,61
2014-10-23,28,112,839,76
2014-10-24,28,106,853,75
2014-10-25,28,125,966,78
2014-10-26,28,142,1009,98
2014-10-27,28,89,672,63
2014-10-28,28,101,800,88
2014-10-29,28,92,797,70
2014-10-30,28,107,824,81
2014-10-31,28,119,880,80
2014-11-01,28,123,981,112
2014-11-02,28,130,1043,85
2014-11-03,28,81,709,69
2014-11-04,28,95,799,83
2014-11-05,28,103,837,79
2014-11-06,28,104,876,95
2014-11-07,28,122,950,85
2014-11-08,28,132,982,100
2014-11-09,28,142,1092,98
2014-11-10,28,110,708,75
2014-11-11,28,105,799,78
2014-11-12,28,103,835,82
2014-11-13,28,118,933,107
2014-11-14,28,125,949,94
2014-11-15,28,105,1006,96
2014-11-16,28,146,1043,100
2014-11-17,28,80,658,46
2014-11-18,28,102,832,77
2014-11-19,28,109,821,74
2014-11-20,28,113,873,93
2014-11-21,28,121,925,83
2014-11-22,28,117,999,107
2014-11-23,28,145,1122,105
2014-11-24,28,91,667,64
2014-11-25,28,123,870,75
2014-11-26,28,120,818,77
2014-11-27,28,110,915,110
2014-11-28,28,122,966,90
2014-11-29,28,127,1033,97
2014-11-30,28,141,1077,91
2014-12-01,28,66,488,41
2014-12-02,28,67,591,54
2014-12-03,28,79,557,56
2014-12-04,28,71,612,58
2014-12-05,28,76,641,86
2014-12-06,28,90,754,79
2014-12-07,28,102,786,62
2014-12-08,28,45,507,41
2014-12-09,28,71,617,68
2014-12-10,28,78,591,60
2014-12-11,28,87,604,63
2014-12-12,28,95,708,73
2014-12-13,28,83,726,63
2014-12-14,28,110,776,78
2014-12-15,28,59,489,41
2014-12-16,28,70,566,72
2014-12-17,28,58,598,53
2014-12-18,28,77,634,53
2014-12-19,28,113,749,62
2014-12-20,28,100,726,57
2014-12-21,28,100,773,64
2014-12-22,28,64,503,47
2014-12-23,28,82,587,55
2014-12-24,28,76,589,61
2014-12-25,28,81,661,75
2014-12-26,28,80,668,64
2014-12-27,28,91,701,81
2014-12-28,28,91,742,71
2014-12-29,28,76,524,43
2014-12-30,28,76,639,57
2014-12-31,28,88,550,56
2015-01-01,28,71,595,49
2015-01-02,28,85,635,50
2015-01-03,28,68,656,73
2015-01-04,28,96,714,58
2015-01-05,28,59,502,43
2015-01-06,28,72,546,64
2015-01-07,28,62,534,57
2015-01-08,28,70,575,67
2015-01-09,28,69,618,69
2015-01-10,28,102,679,55
2015-01-11,28,95,751,77
2015-01-12,28,69,512,39
2015-01-13,28,74,589,52
2015-01-14,28,64,538,61
2015-01-15,28,92,612,55
2015-01-16,28,92,639,72
2015-01-17,28,66,675,64
2015-01-18,28,74,690,61
2015-01-19,28,55,503,47
2015-01-20,28,53,563,45
2015-01-21,28,76,555,56
2015-01-22,28,76,637,60
2015-01-23,28,84,636,60
2015-01-24,28,79,653,63
2015-01-25,28,97,740,72
2015-01-26,28,57,499,45
2015-01-27,28,70,568,44
2015-01-28,28,81,559,52
2015-01-29,28,71,579,47
2015-01-30,28,78,629,51
2015-01-31,28,105,690,72
2015-02-01,28,120,796,82
2015-02-02,28,70,516,52
2015-02-03,28,70,605,53
2015-02-04,28,80,625,62
2015-02-05,28,87,645,44
2015-02-06,28,84,697,64
2015-02-07,28,98,708,59
2015-02-08,28,97,799,56
2015-02-09,28,70,481,51
2015-02-10,28,81,615,58
2015-02-11,28,85,638,58
2015-02-12,28,83,713,72
2015-02-13,28,89,691,68
2015-02-14,28,92,736,73
2015-02-15,28,102,779,73
2015-02-16,28,69,489,55
2015-02-17,28,84,608,79
2015-02-18,28,87,601,63
2015-02-19,28,80,683,61
2015-02-20,28,114,716,64
2015-02-21,28,96,724,67
2015-02-22,28,96,816,78
2015-02-23,28,66,488,43
2015-02-24,28,66,603,71
2015-02-25,28,83,622,61
2015-02-26,28,83,611,48
2015-02-27,28,91,696,74
2015-02-28,28,112,774,77
2015-03-01,28,113,967,75
2015-03-02,28,87,651,68
2015-03-03,28,73,733,61
2015-03-04,28,99,736,78
2015-03-05,28,98,768,86
2015-03-06,28,104,876,89
2015-03-07,28,115,847,108
2015-03-08,28,109,886,84
2015-03-09,28,92,619,46
2015-03-10,28,79,727,75
2015-03-11,28,94,732,81
2015-03-12,28,99,813,95
2015-03-13,28,113,896,79
2015-03-14,28,100,898,85
2015-03-15,28,114,947,93
2015-03-16,28,91,645,44
2015-03-17,28,91,759,66
2015-03-18,28,105,730,75
2015-03-19,28,98,806,76
2015-03-20,28,101,862,89
2015-03-21,28,107,898,83
2015-03-22,28,117,937,88
2015-03-23,28,88,642,62
2015-03-24,28,109,715,76
2015-03-25,28,95,709,67
2015-03-26,28,100,808,80
2015-03-27,28,105,848,74
2015-03-28,28,95,875,86
2015-03-29,28,114,935,78
2015-03-30,28,88,609,57
2015-03-31,28,103,771,76
2015-04-01,28,126,895,82
2015-04-02,28,126,925,78
2015-04-03,28,133,988,97
2015-04-04,28,122,1000,102
2015-04-05,28,125,1092,106
2015-04-06,28,91,726,71
2015-04-07,28,97,764,93
2015-04-08,28,93,808,92
2015-04-09,28,119,945,87
2015-04-10,28,119,1015,104
2015-04-11,28,131,1026,100
2015-04-12,28,160,1130,101
2015-04-13,28,98,715,79
2015-04-14,28,111,851,72
2015-04-15,28,103,840,86
2015-04-16,28,127,940,102
2015-04-17,28,135,981,112
2015-04-18,28,124,1097,95
2015-04-19,28,149,1090,99
2015-04-20,28,83,707,73
2015-04-21,28,100,820,82
2015-04-22,28,118,904,87
2015-04-23,28,104,868,84
2015-04-24,28,122,974,81
2015-04-25,28,152,1042,90
2015-04-26,28,134,1140,110
2015-04-27,28,97,731,69
2015-04-28,28,99,835,85
2015-04-29,28,114,911,71
2015-04-30,28,117,894,97
2015-05-01,28,141,1031,114
2015-05-02,28,166,1136,117
2015-05-03,28,144,1147,102
2015-05-04,28,102,764,67
2015-05-05,28,113,899,94
2015-05-06,28,118,869,86
2015-05-07,28,156,1017,83
2015-05-08,28,151,1016,85
2015-05-09,28,155,1146,106
2015-05-10,28,153,1123,113
2015-05-11,28,119,808,73
2015-05-12,28,109,937,84
2015-05-13,28,101,907,84
2015-05-14,28,153,1073,88
2015-05-15,28,123,1034,107
2015-05-16,28,127,1121,104
2015-05-17,28,155,1089,113
2015-05-18,28,95,790,74
2015-05-19,28,148,937,81
2015-05-20,28,139,976,92
2015-05-21,28,126,940,104
2015-05-22,28,123,1032,90
2015-05-23,28,152,1136,133
2015-05-24,28,155,1120,117
2015-05-25,28,91,766,79
2015-05-26,28,115,948,89
2015-05-27,28,108,916,91
2015-05-28,28,129,1007,79
2015-05-29,28,154,1071,96
2015-05-30,28,149,1156,107
2015-05-31,28,158,1226,131
2015-06-01,28,98,854,93
2015-06-02,28,129,961,96
2015-06-03,28,119,997,84
2015-06-04,28,141,1078,95
2015-06-05,28,132,1147,95
2015-06-06,28,146,1212,107
2015-06-07,28,159,1178,131
2015-06-08,28,101,825,87
2015-06-09,28,113,1000,87
2015-06-10,28,122,1024,92
2015-06-11,28,130,1028,99
2015-06-12,28,157,1119,103
2015-06-13,28,156,1244,121
2015-06-14,28,173,1276,132
2015-06-15,28,93,792,78
2015-06-16,28,146,982,85
2015-06-17,28,149,1022,119
2015-06-18,28,160,1048,114
2015-06-19,28,127,1091,110
2015-06-20,28,185,1291,120
2015-06-21,28,167,1282,134
2015-06-22,28,103,866,89
2015-06-23,28,116,976,91
2015-06-24,28,129,985,97
2015-06-25,28,138,1062,120
2015-06-26,28,146,1177,100
2015-06-27,28,156,1171,118
2015-06-28,28,141,1215,129
2015-06-29,28,109,834,76
2015-06-30,28,120,984,102
2015-07-01,28,140,1028,95
2015-07-02,28,134,1117,104
2015-07-03,28,158,1196,94
2015-07-04,28,162,1254,103
2015-07-05,28,164,1332,138
2015-07-06,28,102,905,71
2015-07-07,28,129,1011,95
2015-07-08,28,128,1036,111
2015-07-09,28,154,1138,110
2015-07-10,28,151,1179,99
2015-07-11,28,178,1303,124
2015-07-12,28,156,1282,153
2015-07-13,28,121,856,80
2015-07-14,28,133,1016,99
2015-07-15,28,124,1022,124
2015-07-16,28,159,1127,112
2015-07-17,28,141,1241,118
2015-07-18,28,165,1290,97
2015-07-19,28,183,1333,128
2015-07-20,28,113,892,83
2015-07-21,28,147,1026,72
2015-07-22,28,141,1060,92
2015-07-23,28,143,1090,128
2015-07-24,28,156,1152,123
2015-07-25,28,172,1313,115
2015-07-26,28,158,1360,122
2015-07-27,28,120,877,103
2015-07-28,28,142,1094,100
2015-07-29,28,142,1003,104
2015-07-30,28,131,1123,102
2015-07-31,28,150,1194,122
2015-08-01,28,143,1134,102
2015-08-02,28,137,1183,112
2015-08-03,28,96,759,84
2015-08-04,28,120,907,75
2015-08-05,28,118,899,98
2015-08-06,28,130,1028,86
2015-08-07,28,138,1074,119
2015-08-08,28,154,1129,112
2015-08-09,28,158,1135,96
2015-08-10,28,86,755,72
2015-08-11,28,113,915,95
2015-08-12,28,120,939,84
2015-08-13,28,146,1011,107
2015-08-14,28,128,1050,115
2015-08-15,28,146,1120,115
2015-08-16,28,132,1123,129
2015-08-17,28,93,743,87
2015-08-18,28,104,919,102
2015-08-19,28,143,944,80
2015-08-20,28,121,994,87
2015-08-21,28,129,1063,101
2015-08-22,28,139,1129,117
2015-08-23,28,128,1130,124
2015-08-24,28,98,791,85
2015-08-25,28,118,919,82
2015-08-26,28,115,925,90
2015-08-27,28,144,1013,85
2015-08-28,28,152,1063,102
2015-08-29,28,146,1117,90
2015-08-30,28,173,1199,114
2015-08-31,28,109,765,91
2015-09-01,28,119,890,81
2015-09-02,28,100,814,74
2015-09-03,28,120,853,87
2015-09-04,28,123,989,103
2015-09-05,28,144,1046,95
2015-09-06,28,134,1044,104
2015-09-07,28,103,748,73
2015-09-08,28,99,829,73
2015-09-09,28,122,861,77
2015-09-10,28,118,922,84
2015-09-11,28,120,985,81
2015-09-12,28,147,1055,105
2015-09-13,28,143,1099,120
2015-09-14,28,79,677,67
2015-09-15,28,105,865,85
2015-09-16,28,100,891,84
2015-09-17,28,114,954,79
2015-09-18,28,113,1011,97
2015-09-19,28,119,997,108
2015-09-20,28,161,1099,99
2015-09-21,28,101,702,84
2015-09-22,28,112,864,73
2015-09-23,28,110,855,84
2015-09-24,28,127,925,80
2015-09-25,28,141,993,95
2015-09-26,28,130,1036,97
2015-09-27,28,125,1087,121
2015-09-28,28,114,721,61
2015-09-29,28,111,851,100
2015-09-30,28,101,841,83
2015-10-01,28,123,865,79
2015-10-02,28,117,959,87
2015-10-03,28,122,961,100
2015-10-04,28,142,1035,98
2015-10-05,28,99,696,56
2015-10-06,28,112,779,90
2015-10-07,28,101,799,74
2015-10-08,28,124,903,83
2015-10-09,28,101,888,78
2015-10-10,28,118,990,90
2015-10-11,28,126,1033,108
2015-10-12,28,92,650,63
2015-10-13,28,98,738,84
2015-10-14,28,98,804,72
2015-10-15,28,119,905,91
2015-10-16,28,122,960,90
2015-10-17,28,122,1016,90
2015-10-18,28,130,1008,94
2015-10-19,28,77,657,62
2015-10-20,28,85,808,60
2015-10-21,28,103,787,83
2015-10-22,28,96,792,77
2015-10-23,28,135,875,95
2015-10-24,28,124,935,89
2015-10-25,28,142,1035,102
2015-10-26,28,94,698,70
2015-10-27,28,108,818,81
2015-10-28,28,94,796,74
2015-10-29,28,107,830,82
2015-10-30,28,125,912,76
2015-10-31,28,141,1034,92
2015-11-01,28,146,1135,98
2015-11-02,28,118,782,74
2015-11-03,28,108,865,84
2015-11-04,28,105,867,87
2015-11-05,28,148,916,96
2015-11-06,28,118,977,78
2015-11-07,28,112,1049,104
2015-11-08,28,132,1094,102
2015-11-09,28,92,748,81
2015-11-10,28,110,834,82
2015-11-11,28,103,867,75
2015-11-12,28,141,868,89
2015-11-13,28,125,1002,93
2015-11-14,28,141,1008,99
2015-11-15,28,156,1076,82
2015-11-16,28,81,674,78
2015-11-17,28,95,827,76
2015-11-18,28,128,845,79
2015-11-19,28,125,874,84
2015-11-20,28,129,950,80
2015-11-21,28,128,1066,112
2015-11-22,28,160,1117,105
2015-11-23,28,90,761,62
2015-11-24,28,100,857,79
2015-11-25,28,131,884,78
2015-11-26,28,93,891,103
2015-11-27,28,107,949,90
2015-11-28,28,148,1046,102
2015-11-29,28,134,1035,108
2015-11-30,28,92,708,71
2015-12-01,28,91,622,61
2015-12-02,28,85,620,59
2015-12-03,28,91,668,57
2015-12-04,28,101,688,75
2015-12-05,28,101,743,83
2015-12-06,28,103,817,87
2015-12-07,28,57,496,46
2015-12-08,28,83,641,57
2015-12-09,28,87,635,52
2015-12-10,28,78,604,69
2015-12-11,28,76,650,66
2015-12-12,28,88,714,75
2015-12-13,28,97,815,63
2015-12-14,28,55,526,59
2015-12-15,28,79,602,51
2015-12-16,28,85,594,51
2015-12-17,28,82,689,50
2015-12-18,28,91,689,65
2015-12-19,28,106,730,63
2015-12-20,28,113,795,67
2015-12-21,28,72,565,41
2015-12-22,28,84,584,60
2015-12-23,28,70,633,49
2015-12-24,28,67,659,77
2015-12-25,28,95,677,64
2015-12-26,28,90,740,90
2015-12-27,28,96,740,78
2015-12-28,28,71,526,46
2015-12-29,28,74,618,58
2015-12-30,28,82,614,69
2015-12-31,28,83,657,65
2016-01-01,28,88,724,68
2016-01-02,28,73,683,63
2016-01-03,28,84,820,80
2016-01-04,28,72,511,60
2016-01-05,28,76,576,59
2016-01-06,28,76,571,67
2016-01-07,28,90,642,60
2016-01-08,28,89,713,63
2016-01-09,28,91,691,59
2016-01-10,28,94,796,72
2016-01-11,28,81,531,43
2016-01-12,28,84,584,47
2016-01-13,28,78,547,56
2016-01-14,28,76,637,78
2016-01-15,28,92,685,76
2016-01-16,28,95,652,79
2016-01-17,28,101,786,80
2016-01-18,28,62,532,48
2016-01-19,28,83,588,63
2016-01-20,28,92,596,58
2016-01-21,28,68,655,64
2016-01-22,28,92,697,82
2016-01-23,28,82,705,72
2016-01-24,28,111,766,63
2016-01-25,28,71,526,59
2016-01-26,28,85,603,70
2016-01-27,28,78,597,54
2016-01-28,28,76,639,60
2016-01-29,28,82,663,81
2016-01-30,28,88,737,65
2016-01-31,28,93,746,73
2016-02-01,28,75,571,53
2016-02-02,28,88,668,66
2016-02-03,28,78,613,50
2016-02-04,28,75,695,72
2016-02-05,28,86,740,55
2016-02-06,28,85,785,73
2016-02-07,28,111,864,67
2016-02-08,28,68,546,51
2016-02-09,28,91,650,54
2016-02-10,28,98,678,56
2016-02-11,28,83,680,71
2016-02-12,28,74,685,73
2016-02-13,28,89,814,75
2016-02-14,28,117,862,62
2016-02-15,28,62,537,60
2016-02-16,28,92,646,64
2016-02-17,28,97,645,67
2016-02-18,28,89,705,79
2016-02-19,28,102,775,91
2016-02-20,28,94,768,81
2016-02-21,28,107,821,83
2016-02-22,28,81,591,60
2016-02-23,28,71,692,64
2016-02-24,28,89,690,64
2016-02-25,28,111,770,69
2016-02-26,28,110,781,64
2016-02-27,28,117,815,63
2016-02-28,28,115,859,92
2016-02-29,28,88,579,47
2016-03-01,28,110,812,84
2016-03-02,28,73,776,88
2016-03-03,28,99,892,77
2016-03-04,28,117,951,98
2016-03-05,28,112,954,96
2016-03-06,28,129,1003,89
2016-03-07,28,98,664,60
2016-03-08,28,99,772,75
2016-03-09,28,113,827,77
2016-03-10,28,98,878,76
2016-03-11,28,120,894,98
2016-03-12,28,98,980,86
2016-03-13,28,138,969,101
2016-03-14,28,88,645,60
2016-03-15,28,102,845,83
2016-03-16,28,93,803,75
2016-03-17,28,130,933,96
2016-03-18,28,139,870,91
2016-03-19,28,125,980,87
2016-03-20,28,140,1029,90
2016-03-21,28,104,662,62
2016-03-22,28,116,817,64
2016-03-23,28,109,817,67
2016-03-24,28,103,881,73
2016-03-25,28,132,874,83
2016-03-26,28,128,1002,92
2016-03-27,28,133,1058,90
2016-03-28,28,109,682,76
2016-03-29,28,106,819,81
2016-03-30,28,112,754,68
2016-03-31,28,116,819,82
2016-04-01,28,144,1052,94
2016-04-02,28,126,1153,106
2016-04-03,28,144,1194,107
2016-04-04,28,102,791,88
2016-04-05,28,110,875,98
2016-04-06,28,109,907,102
2016-04-07,28,130,1029,80
2016-04-08,28,143,1092,92
2016-04-09,28,157,1141,98
2016-04-10,28,153,1191,133
2016-04-11,28,105,833,86
2016-04-12,28,117,933,99
2016-04-13,28,136,946,93
2016-04-14,28,127,981,85
2016-04-15,28,138,1077,114
2016-04-16,28,143,1137,112
2016-04-17,28,157,1204,112
2016-04-18,28,91,796,88
2016-04-19,28,117,970,89
2016-04-20,28,98,863,90
2016-04-21,28,127,1037,86
2016-04-22,28,115,1037,105
2016-04-23,28,125,1082,114
2016-04-24,28,160,1251,120
2016-04-25,28,104,803,79
2016-04-26,28,129,933,83
2016-04-27,28,101,884,87
2016-04-28,28,129,1033,100
2016-04-29,28,123,1037,91
2016-04-30,28,143,1084,118
2016-05-01,28,150,1251,125
2016-05-02,28,110,805,90
2016-05-03,28,121,975,85
2016-05-04,28,128,1075,80
2016-05-05,28,123,1020,119
2016-05-06,28,166,1154,109
2016-05-07,28,167,1243,115
2016-05-08,28,186,1329,101
2016-05-09,28,115,869,104
2016-05-10,28,129,951,101
2016-05-11,28,119,976,93
2016-05-12,28,133,1102,107
2016-05-13,28,137,1083,107
2016-05-14,28,169,1183,128
2016-05-15,28,155,1265,117
2016-05-16,28,98,845,85
2016-05-17,28,123,990,83
2016-05-18,28,151,1030,96
2016-05-19,28,133,1087,101
2016-05-20,28,154,1145,115
2016-05-21,28,157,1241,103
2016-05-22,28,149,1302,99
2016-05-23,28,103,856,86
2016-05-24,28,132,1019,83
2016-05-25,28,103,975,96
2016-05-26,28,152,1094,130
2016-05-27,28,150,1191,105
2016-05-28,28,169,1270,91
2016-05-29,28,166,1267,148
2016-05-30,28,116,826,91
2016-05-31,28,124,957,76
2016-06-01,28,138,1072,94
2016-06-02,28,130,1118,107
2016-06-03,28,153,1123,108
2016-06-04,28,181,1249,110
2016-06-05,28,187,1456,124
2016-06-06,28,117,928,89
2016-06-07,28,128,1008,109
2016-06-08,28,133,1051,105
2016-06-09,28,140,1155,113
2016-06-10,28,171,1202,141
2016-06-11,28,166,1273,140
2016-06-12,28,157,1371,152
2016-06-13,28,107,914,91
2016-06-14,28,143,1136,125
2016-06-15,28,129,1049,114
2016-06-16,28,145,1127,106
2016-06-17,28,148,1199,122
2016-06-18,28,140,1259,112
2016-06-19,28,192,1386,124
2016-06-20,28,116,890,88
2016-06-21,28,139,1093,119
2016-06-22,28,143,1067,91
2016-06-23,28,141,1123,119
2016-06-24,28,165,1196,103
2016-06-25,28,165,1318,117
2016-06-26,28,184,1411,135
2016-06-27,28,128,916,81
2016-06-28,28,116,1049,95
2016-06-29,28,139,1050,95
2016-06-30,28,147,1081,118
2016-07-01,28,181,1319,126
2016-07-02,28,196,1383,129
2016-07-03,28,187,1454,138
2016-07-04,28,114,1011,85
2016-07-05,28,147,1112,118
2016-07-06,28,141,1081,109
2016-07-07,28,163,1235,112
2016-07-08,28,148,1235,129
2016-07-09,28,191,1387,136
2016-07-10,28,187,1464,131
2016-07-11,28,141,954,92
2016-07-12,28,157,1109,123
2016-07-13,28,125,1144,111
2016-07-14,28,156,1250,134
2016-07-15,28,175,1306,113
2016-07-16,28,186,1389,137
2016-07-17,28,190,1406,135
2016-07-18,28,120,929,103
2016-07-19,28,154,1175,102
2016-07-20,28,156,1121,114
2016-07-21,28,177,1225,140
2016-07-22,28,165,1268,135
2016-07-23,28,181,1337,150
2016-07-24,28,155,1481,134
2016-07-25,28,125,1023,95
2016-07-26,28,141,1107,131
2016-07-27,28,130,1096,120
2016-07-28,28,138,1196,131
2016-07-29,28,169,1346,111
2016-07-30,28,181,1330,142
2016-07-31,28,167,1474,143
2016-08-01,28,119,858,88
2016-08-02,28,118,971,104
2016-08-03,28,139,1010,102
2016-08-04,28,137,1044,98
2016-08-05,28,125,1072,115
2016-08-06,28,166,1215,130
2016-08-07,28,155,1230,104
2016-08-08,28,86,805,71
2016-08-09,28,117,941,117
2016-08-10,28,153,969,86
2016-08-11,28,133,1097,94
2016-08-12,28,152,1100,100
2016-08-13,28,140,1216,108
2016-08-14,28,157,1272,110
2016-08-15,28,113,838,83
2016-08-16,28,108,993,98
2016-08-17,28,133,1009,81
2016-08-18,28,138,1051,108
2016-08-19,28,142,1132,129
2016-08-20,28,172,1251,118
2016-08-21,28,152,1230,144
2016-08-22,28,107,872,81
2016-08-23,28,129,949,114
2016-08-24,28,131,1038,96
2016-08-25,28,111,1045,108
2016-08-26,28,140,1078,96
2016-08-27,28,155,1206,102
2016-08-28,28,154,1211,136
2016-08-29,28,104,839,85
2016-08-30,28,114,967,104
2016-08-31,28,136,1016,81
2016-09-01,28,131,1002,83
2016-09-02,28,124,1017,108
2016-09-03,28,136,1076,107
2016-09-04,28,165,1206,115
2016-09-05,28,102,816,69
2016-09-06,28,134,950,95
2016-09-07,28,99,973,98
2016-09-08,28,120,957,98
2016-09-09,28,132,1073,100
2016-09-10,28,151,1150,115
2016-09-11,28,152,1205,99
2016-09-12,28,100,812,71
2016-09-13,28,118,878,74
2016-09-14,28,116,955,95
2016-09-15,28,120,988,83
2016-09-16,28,144,1118,92
2016-09-17,28,153,1112,113
2016-09-18,28,155,1190,116
2016-09-19,28,94,797,63
2016-09-20,28,95,921,88
2016-09-21,28,104,944,106
2016-09-22,28,136,978,99
2016-09-23,28,167,1115,98
2016-09-24,28,164,1165,107
2016-09-25,28,133,1213,143
2016-09-26,28,102,792,86
2016-09-27,28,131,925,95
2016-09-28,28,130,961,85
2016-09-29,28,114,1010,99
2016-09-30,28,141,1113,105
2016-10-01,28,132,1059,99
2016-10-02,28,123,1078,97
2016-10-03,28,100,750,68
2016-10-04,28,99,868,78
2016-10-05,28,109,902,69
2016-10-06,28,114,923,96
2016-10-07,28,118,985,101
2016-10-08,28,126,1035,107
2016-10-09,28,141,1113,102
2016-10-10,28,108,742,79
2016-10-11,28,128,905,71
2016-10-12,28,100,844,72
2016-10-13,28,99,882,77
2016-10-14,28,135,1018,108
2016-10-15,28,140,1052,116
2016-10-16,28,141,1145,119
2016-10-17,28,98,728,59
2016-10-18,28,105,788,80
2016-10-19,28,105,841,94
2016-10-20,28,106,927,103
2016-10-21,28,141,1006,98
2016-10-22,28,128,984,104
2016-10-23,28,145,1117,131
2016-10-24,28,94,794,70
2016-10-25,28,119,869,89
2016-10-26,28,108,870,57
2016-10-27,28,125,929,88
2016-10-28,28,109,938,92
2016-10-29,28,132,1073,98
2016-10-30,28,131,1156,90
2016-10-31,28,92,742,73
2016-11-01,28,105,875,90
2016-11-02,28,120,956,76
2016-11-03,28,128,995,98
2016-11-04,28,142,1107,105
2016-11-05,28,143,1172,123
2016-11-06,28,159,1212,127
2016-11-07,28,89,747,69
2016-11-08,28,105,911,107
2016-11-09,28,129,944,87
2016-11-10,28,98,1020,106
2016-11-11,28,157,1059,100
2016-11-12,28,120,1111,105
2016-11-13,28,157,1197,130
2016-11-14,28,121,822,66
2016-11-15,28,119,962,72
2016-11-16,28,125,940,89
2016-11-17,28,109,995,90
2016-11-18,28,140,1071,92
2016-11-19,28,141,1125,102
2016-11-20,28,152,1160,121
2016-11-21,28,103,781,78
2016-11-22,28,127,902,85
2016-11-23,28,115,885,70
2016-11-24,28,139,1024,97
2016-11-25,28,153,1081,95
2016-11-26,28,147,1126,132
2016-11-27,28,144,1193,122
2016-11-28,28,101,799,79
2016-11-29,28,114,952,106
2016-11-30,28,116,919,90
2016-12-01,28,87,739,69
2016-12-02,28,84,748,72
2016-12-03,28,112,824,74
2016-12-04,28,99,835,83
2016-12-05,28,68,565,36
2016-12-06,28,91,672,56
2016-12-07,28,91,685,60
2016-12-08,28,80,703,66
2016-12-09,28,97,818,76
2016-12-10,28,111,773,92
2016-12-11,28,114,874,77
2016-12-12,28,73,564,58
2016-12-13,28,83,698,67
2016-12-14,28,85,705,80
2016-12-15,28,101,725,67
2016-12-16,28,89,726,74
2016-12-17,28,112,828,84
2016-12-18,28,97,853,93
2016-12-19,28,78,543,50
2016-12-20,28,82,673,73
2016-12-21,28,63,671,57
2016-12-22,28,80,711,67
2016-12-23,28,88,769,79
2016-12-24,28,84,723,88
2016-12-25,28,113,839,84
2016-12-26,28,74,576,66
2016-12-27,28,76,628,52
2016-12-28,28,88,657,68
2016-12-29,28,88,736,70
2016-12-30,28,88,734,76
2016-12-31,28,92,797,81
2017-01-01,28,89,785,75
2017-01-02,28,61,514,49
2017-01-03,28,105,658,58
2017-01-04,28,86,639,66
2017-01-05,28,96,681,62
2017-01-06,28,100,701,73
2017-01-07,28,77,762,70
2017-01-08,28,117,840,70
2017-01-09,28,73,526,49
2017-01-10,28,84,601,55
2017-01-11,28,69,593,53
2017-01-12,28,91,660,66
2017-01-13,28,91,723,55
2017-01-14,28,99,725,69
2017-01-15,28,86,755,80
2017-01-16,28,52,505,44
2017-01-17,28,74,612,55
2017-01-18,28,76,632,64
2017-01-19,28,71,655,65
2017-01-20,28,93,702,70
2017-01-21,28,94,743,71
2017-01-22,28,86,780,70
2017-01-23,28,62,521,53
2017-01-24,28,83,628,51
2017-01-25,28,76,658,63
2017-01-26,28,102,696,67
2017-01-27,28,85,745,60
2017-01-28,28,82,740,64
2017-01-29,28,101,766,61
2017-01-30,28,65,523,57
2017-01-31,28,70,632,62
2017-02-01,28,89,695,60
2017-02-02,28,85,751,58
2017-02-03,28,116,786,84
2017-02-04,28,126,843,70
2017-02-05,28,112,898,88
2017-02-06,28,82,591,51
2017-02-07,28,76,706,67
2017-02-08,28,80,694,67
2017-02-09,28,92,751,74
2017-02-10,28,110,779,83
2017-02-11,28,92,829,98
2017-02-12,28,104,844,87
2017-02-13,28,75,590,33
2017-02-14,28,77,710,58
2017-02-15,28,71,707,57
2017-02-16,28,98,720,91
2017-02-17,28,109,801,80
2017-02-18,28,93,834,68
2017-02-19,28,109,929,82
2017-02-20,28,76,569,43
2017-02-21,28,94,685,63
2017-02-22,28,72,647,58
2017-02-23,28,98,758,60
2017-02-24,28,91,803,78
2017-02-25,28,105,837,80
2017-02-26,28,108,881,73
2017-02-27,28,78,578,55
2017-02-28,28,87,632,65
2017-03-01,28,106,810,70
2017-03-02,28,138,923,83
2017-03-03,28,106,887,106
2017-03-04,28,144,1024,110
2017-03-05,28,152,1047,108
2017-03-06,28,108,706,64
2017-03-07,28,89,804,92
2017-03-08,28,114,842,98
2017-03-09,28,110,928,90
2017-03-10,28,101,938,92
2017-03-11,28,131,964,90
2017-03-12,28,145,1070,118
2017-03-13,28,90,683,74
2017-03-14,28,110,819,72
2017-03-15,28,107,816,93
2017-03-16,28,108,894,75
2017-03-17,28,136,950,85
2017-03-18,28,119,1011,106
2017-03-19,28,138,1065,98
2017-03-20,28,93,696,54
2017-03-21,28,106,879,85
2017-03-22,28,108,806,73
2017-03-23,28,91,881,76
2017-03-24,28,111,932,94
2017-03-25,28,117,973,116
2017-03-26,28,132,1072,91
2017-03-27,28,90,707,73
2017-03-28,28,99,824,75
2017-03-29,28,98,824,78
2017-03-30,28,103,914,101
2017-03-31,28,119,891,98
2017-04-01,28,151,1212,119
2017-04-02,28,149,1213,118
2017-04-03,28,109,819,81
2017-04-04,28,123,982,101
2017-04-05,28,115,970,86
2017-04-06,28,126,1021,107
2017-04-07,28,152,1102,113
2017-04-08,28,135,1197,121
2017-04-09,28,180,1289,113
2017-04-10,28,114,856,81
2017-04-11,28,131,947,89
2017-04-12,28,121,959,81
2017-04-13,28,133,1075,98
2017-04-14,28,146,1064,119
2017-04-15,28,149,1129,102
2017-04-16,28,172,1267,100
2017-04-17,28,90,806,72
2017-04-18,28,113,983,93
2017-04-19,28,112,971,95
2017-04-20,28,148,1054,110
2017-04-21,28,142,1111,109
2017-04-22,28,144,1095,101
2017-04-23,28,165,1310,104
2017-04-24,28,111,810,83
2017-04-25,28,123,953,95
2017-04-26,28,116,949,107
2017-04-27,28,130,1035,100
2017-04-28,28,133,1054,107
2017-04-29,28,162,1212,126
2017-04-30,28,168,1259,130
2017-05-01,28,124,891,83
2017-05-02,28,142,1084,121
2017-05-03,28,130,1050,101
2017-05-04,28,126,1097,106
2017-05-05,28,141,1158,109
2017-05-06,28,140,1294,123
2017-05-07,28,183,1305,116
2017-05-08,28,125,881,81
2017-05-09,28,140,1027,103
2017-05-10,28,133,1082,91
2017-05-11,28,151,1121,105
2017-05-12,28,169,1203,96
2017-05-13,28,167,1268,122
2017-05-14,28,178,1416,124
2017-05-15,28,109,872,72
2017-05-16,28,160,1060,116
2017-05-17,28,117,988,121
2017-05-18,28,143,1092,115
2017-05-19,28,158,1190,114
2017-05-20,28,159,1295,103
2017-05-21,28,159,1283,126
2017-05-22,28,115,884,95
2017-05-23,28,125,1025,92
2017-05-24,28,141,1065,112
2017-05-25,28,132,1046,124
2017-05-26,28,157,1187,114
2017-05-27,28,185,1232,127
2017-05-28,28,168,1311,122
2017-05-29,28,94,862,87
2017-05-30,28,115,997,90
2017-05-31,28,117,1053,100
2017-06-01,28,158,1118,137
2017-06-02,28,134,1215,117
2017-06-03,28,183,1360,125
2017-06-04,28,174,1425,132
2017-06-05,28,106,941,93
2017-06-06,28,150,1150,97
2017-06-07,28,142,1101,103
2017-06-08,28,134,1177,107
2017-06-09,28,165,1287,124
2017-06-10,28,159,1359,138
2017-06-11,28,190,1361,141
2017-06-12,28,127,886,103
2017-06-13,28,152,1107,106
2017-06-14,28,141,1097,122
2017-06-15,28,160,1234,99
2017-06-16,28,165,1216,128
2017-06-17,28,159,1302,130
2017-06-18,28,175,1365,149
2017-06-19,28,124,904,76
2017-06-20,28,119,1049,84
2017-06-21,28,137,1073,105
2017-06-22,28,167,1195,87
2017-06-23,28,163,1217,120
2017-06-24,28,164,1329,139
2017-06-25,28,194,1433,135
2017-06-26,28,113,904,87
2017-06-27,28,139,1112,96
2017-06-28,28,147,1060,127
2017-06-29,28,147,1166,101
2017-06-30,28,141,1242,111
2017-07-01,28,170,1408,123
2017-07-02,28,170,1447,157
2017-07-03,28,141,1021,112
2017-07-04,28,157,1206,119
2017-07-05,28,161,1159,88
2017-07-06,28,152,1260,113
2017-07-07,28,177,1344,140
2017-07-08,28,206,1480,144
2017-07-09,28,203,1496,164
2017-07-10,28,144,1028,107
2017-07-11,28,150,1224,89
2017-07-12,28,143,1203,112
2017-07-13,28,161,1241,123
2017-07-14,28,184,1335,110
2017-07-15,28,182,1450,136
2017-07-16,28,188,1573,123
2017-07-17,28,110,994,96
2017-07-18,28,146,1115,125
2017-07-19,28,158,1221,116
2017-07-20,28,170,1244,125
2017-07-21,28,171,1311,133
2017-07-22,28,177,1384,133
2017-07-23,28,180,1484,161
2017-07-24,28,127,1050,105
2017-07-25,28,152,1148,123
2017-07-26,28,137,1173,131
2017-07-27,28,147,1251,116
2017-07-28,28,154,1247,141
2017-07-29,28,177,1482,119
2017-07-30,28,180,1534,103
2017-07-31,28,124,1011,112
2017-08-01,28,116,1057,89
2017-08-02,28,143,1072,89
2017-08-03,28,132,1070,119
2017-08-04,28,138,1209,106
2017-08-05,28,161,1295,122
2017-08-06,28,160,1293,145
2017-08-07,28,106,880,85
2017-08-08,28,140,961,84
2017-08-09,28,143,1038,94
2017-08-10,28,125,1079,107
2017-08-11,28,157,1152,113
2017-08-12,28,164,1298,116
2017-08-13,28,180,1314,137
2017-08-14,28,123,915,82
2017-08-15,28,149,1002,90
2017-08-16,28,136,1097,102
2017-08-17,28,150,1108,121
2017-08-18,28,147,1201,144
2017-08-19,28,149,1232,118
2017-08-20,28,177,1367,108
2017-08-21,28,118,893,85
2017-08-22,28,142,1052,83
2017-08-23,28,146,1044,113
2017-08-24,28,137,1102,104
2017-08-25,28,145,1165,114
2017-08-26,28,167,1242,102
2017-08-27,28,187,1328,134
2017-08-28,28,112,883,90
2017-08-29,28,107,982,82
2017-08-30,28,127,1023,108
2017-08-31,28,126,1110,103
2017-09-01,28,132,1084,107
2017-09-02,28,152,1157,110
2017-09-03,28,166,1223,115
2017-09-04,28,84,778,79
2017-09-05,28,119,970,93
2017-09-06,28,122,886,99
2017-09-07,28,160,1056,101
2017-09-08,28,142,1071,97
2017-09-09,28,151,1165,109
2017-09-10,28,169,1290,130
2017-09-11,28,113,864,73
2017-09-12,28,143,1039,92
2017-09-13,28,154,1030,95
2017-09-14,28,154,1019,120
2017-09-15,28,142,1046,106
2017-09-16,28,169,1209,105
2017-09-17,28,154,1252,129
2017-09-18,28,93,808,75
2017-09-19,28,124,972,94
2017-09-20,28,122,1005,98
2017-09-21,28,128,1008,103
2017-09-22,28,141,1086,108
2017-09-23,28,156,1185,99
2017-09-24,28,171,1272,130
2017-09-25,28,115,843,77
2017-09-26,28,120,942,79
2017-09-27,28,138,939,88
2017-09-28,28,131,972,103
2017-09-29,28,162,1149,111
2017-09-30,28,171,1161,101
2017-10-01,28,152,1159,115
2017-10-02,28,84,791,76
2017-10-03,28,118,930,100
2017-10-04,28,129,955,79
2017-10-05,28,111,943,85
2017-10-06,28,140,1049,102
2017-10-07,28,119,1109,98
2017-10-08,28,142,1139,122
2017-10-09,28,110,838,83
2017-10-10,28,103,861,88
2017-10-11,28,107,948,91
2017-10-12,28,126,951,86
2017-10-13,28,144,1022,84
2017-10-14,28,127,1103,116
2017-10-15,28,154,1146,125
2017-10-16,28,107,794,73
2017-10-17,28,118,899,110
2017-10-18,28,124,937,91
2017-10-19,28,139,989,81
2017-10-20,28,117,1022,111
2017-10-21,28,132,1105,114
2017-10-22,28,168,1209,94
2017-10-23,28,93,797,75
2017-10-24,28,123,888,91
2017-10-25,28,104,895,96
2017-10-26,28,120,936,92
2017-10-27,28,124,1027,94
2017-10-28,28,139,1111,114
2017-10-29,28,147,1142,124
2017-10-30,28,94,770,76
2017-10-31,28,119,918,82
2017-11-01,28,120,942,83
2017-11-02,28,140,1065,113
2017-11-03,28,149,1147,97
2017-11-04,28,151,1197,105
2017-11-05,28,147,1167,116
2017-11-06,28,101,869,83
2017-11-07,28,127,963,90
2017-11-08,28,129,925,96
2017-11-09,28,136,1089,121
2017-11-10,28,138,1103,123
2017-11-11,28,153,1201,105
2017-11-12,28,173,1229,105
2017-11-13,28,97,844,69
2017-11-14,28,140,1022,101
2017-11-15,28,111,914,80
2017-11-16,28,119,1027,113
2017-11-17,28,132,1089,105
2017-11-18,28,147,1092,104
2017-11-19,28,150,1181,109
2017-11-20,28,117,838,87
2017-11-21,28,139,947,91
2017-11-22,28,113,924,107
2017-11-23,28,119,1043,114
2017-11-24,28,147,1131,113
2017-11-25,28,173,1271,102
2017-11-26,28,169,1296,128
2017-11-27,28,98,791,88
2017-11-28,28,128,1014,94
2017-11-29,28,121,890,95
2017-11-30,28,129,1007,108
2017-12-01,28,98,742,69
2017-12-02,28,113,856,70
2017-12-03,28,105,861,83
2017-12-04,28,74,604,45
2017-12-05,28,88,683,59
2017-12-06,28,73,651,55
2017-12-07,28,116,705,63
2017-12-08,28,107,773,73
2017-12-09,28,101,809,73
2017-12-10,28,123,843,81
2017-12-11,28,66,605,55
2017-12-12,28,97,715,54
2017-12-13,28,71,665,60
2017-12-14,28,86,718,71
2017-12-15,28,118,823,90
2017-12-16,28,99,812,72
2017-12-17,28,95,866,92
2017-12-18,28,65,560,61
2017-12-19,28,72,658,68
2017-12-20,28,89,698,67
2017-12-21,28,102,744,75
2017-12-22,28,112,817,81
2017-12-23,28,107,846,90
2017-12-24,28,100,869,89
2017-12-25,28,75,565,58
2017-12-26,28,91,703,50
2017-12-27,28,82,680,79
2017-12-28,28,114,743,68
2017-12-29,28,101,776,67
2017-12-30,28,120,901,79
2017-12-31,28,104,870,73
