date,sales,tot_sales,weekday,month,y
2013-01-01,65,388,1,1,53.0
2013-01-02,71,371,2,1,68.0
2013-01-03,53,434,3,1,77.0
2013-01-04,68,465,4,1,79.0
2013-01-05,77,527,5,1,44.0
2013-01-06,79,488,6,1,55.0
2013-01-07,44,362,0,1,64.0
2013-01-08,55,422,1,1,63.0
2013-01-09,64,396,2,1,65.0
2013-01-10,63,442,3,1,65.0
2013-01-11,65,480,4,1,68.0
2013-01-12,65,463,5,1,51.0
2013-01-13,68,530,6,1,51.0
2013-01-14,51,336,0,1,61.0
2013-01-15,51,430,1,1,57.0
2013-01-16,61,421,2,1,73.0
2013-01-17,57,394,3,1,63.0
2013-01-18,73,443,4,1,81.0
2013-01-19,63,489,5,1,55.0
2013-01-20,81,492,6,1,66.0
2013-01-21,55,337,0,1,57.0
2013-01-22,66,397,1,1,67.0
2013-01-23,57,368,2,1,67.0
2013-01-24,67,430,3,1,75.0
2013-01-25,67,449,4,1,91.0
2013-01-26,75,469,5,1,47.0
2013-01-27,91,563,6,1,75.0
2013-01-28,47,324,0,1,50.0
2013-01-29,75,444,1,1,65.0
2013-01-30,50,405,2,1,75.0
2013-01-31,65,449,3,1,84.0
2013-02-01,75,552,4,2,79.0
2013-02-02,84,520,5,2,62.0
2013-02-03,79,564,6,2,56.0
2013-02-04,62,397,0,2,54.0
2013-02-05,56,437,1,2,73.0
2013-02-06,54,446,2,2,67.0
2013-02-07,73,503,3,2,77.0
2013-02-08,67,509,4,2,87.0
2013-02-09,77,567,5,2,69.0
2013-02-10,87,547,6,2,80.0
2013-02-11,69,382,0,2,79.0
2013-02-12,80,424,1,2,80.0
2013-02-13,79,438,2,2,71.0
2013-02-14,80,499,3,2,74.0
2013-02-15,71,539,4,2,93.0
2013-02-16,74,536,5,2,59.0
2013-02-17,93,584,6,2,68.0
2013-02-18,59,395,0,2,66.0
2013-02-19,68,419,1,2,76.0
2013-02-20,66,429,2,2,73.0
2013-02-21,76,492,3,2,77.0
2013-02-22,73,453,4,2,95.0
2013-02-23,77,549,5,2,52.0
2013-02-24,95,568,6,2,55.0
2013-02-25,52,416,0,2,64.0
2013-02-26,55,460,1,2,69.0
2013-02-27,64,457,2,2,84.0
2013-02-28,69,484,3,2,88.0
2013-03-01,84,616,4,3,86.0
2013-03-02,88,693,5,3,83.0
2013-03-03,86,725,6,3,80.0
2013-03-04,83,465,0,3,86.0
2013-03-05,80,538,1,3,66.0
2013-03-06,86,543,2,3,99.0
2013-03-07,66,543,3,3,97.0
2013-03-08,99,575,4,3,95.0
2013-03-09,97,634,5,3,74.0
2013-03-10,95,651,6,3,69.0
2013-03-11,74,462,0,3,97.0
2013-03-12,69,522,1,3,93.0
2013-03-13,97,499,2,3,93.0
2013-03-14,93,529,3,3,91.0
2013-03-15,93,612,4,3,80.0
2013-03-16,91,606,5,3,62.0
2013-03-17,80,678,6,3,71.0
2013-03-18,62,437,0,3,70.0
2013-03-19,71,525,1,3,86.0
2013-03-20,70,505,2,3,94.0
2013-03-21,86,595,3,3,89.0
2013-03-22,94,649,4,3,94.0
2013-03-23,89,674,5,3,59.0
2013-03-24,94,685,6,3,86.0
2013-03-25,59,498,0,3,86.0
2013-03-26,86,529,1,3,95.0
2013-03-27,86,538,2,3,98.0
2013-03-28,95,559,3,3,110.0
2013-03-29,98,656,4,3,90.0
2013-03-30,110,654,5,3,74.0
2013-03-31,90,671,6,3,91.0
2013-04-01,74,541,0,4,86.0
2013-04-02,91,606,1,4,88.0
2013-04-03,86,591,2,4,107.0
2013-04-04,88,646,3,4,120.0
2013-04-05,107,739,4,4,128.0
2013-04-06,120,697,5,4,76.0
2013-04-07,128,789,6,4,84.0
2013-04-08,76,551,0,4,97.0
2013-04-09,84,589,1,4,105.0
2013-04-10,97,625,2,4,118.0
2013-04-11,105,673,3,4,110.0
2013-04-12,118,733,4,4,124.0
2013-04-13,110,725,5,4,76.0
2013-04-14,124,838,6,4,98.0
2013-04-15,76,554,0,4,92.0
2013-04-16,98,651,1,4,87.0
2013-04-17,92,592,2,4,105.0
2013-04-18,87,669,3,4,98.0
2013-04-19,105,741,4,4,107.0
2013-04-20,98,758,5,4,79.0
2013-04-21,107,768,6,4,99.0
2013-04-22,79,560,0,4,106.0
2013-04-23,99,607,1,4,106.0
2013-04-24,106,635,2,4,95.0
2013-04-25,106,701,3,4,113.0
2013-04-26,95,738,4,4,104.0
2013-04-27,113,751,5,4,71.0
2013-04-28,104,779,6,4,73.0
2013-04-29,71,489,0,4,97.0
2013-04-30,73,613,1,4,119.0
2013-05-01,97,701,2,5,112.0
2013-05-02,119,713,3,5,138.0
2013-05-03,112,784,4,5,136.0
2013-05-04,138,854,5,5,91.0
2013-05-05,136,876,6,5,114.0
2013-05-06,91,534,0,5,94.0
2013-05-07,114,636,1,5,110.0
2013-05-08,94,654,2,5,126.0
2013-05-09,110,728,3,5,114.0
2013-05-10,126,726,4,5,129.0
2013-05-11,114,814,5,5,93.0
2013-05-12,129,892,6,5,100.0
2013-05-13,93,589,0,5,90.0
2013-05-14,100,683,1,5,92.0
2013-05-15,90,666,2,5,95.0
2013-05-16,92,734,3,5,141.0
2013-05-17,95,737,4,5,126.0
2013-05-18,141,817,5,5,88.0
2013-05-19,126,837,6,5,111.0
2013-05-20,88,551,0,5,97.0
2013-05-21,111,648,1,5,103.0
2013-05-22,97,682,2,5,93.0
2013-05-23,103,726,3,5,114.0
2013-05-24,93,740,4,5,156.0
2013-05-25,114,791,5,5,79.0
2013-05-26,156,878,6,5,95.0
2013-05-27,79,567,0,5,91.0
2013-05-28,95,671,1,5,110.0
2013-05-29,91,655,2,5,125.0
2013-05-30,110,718,3,5,133.0
2013-05-31,125,748,4,5,142.0
2013-06-01,133,857,5,6,91.0
2013-06-02,142,940,6,6,117.0
2013-06-03,91,632,0,6,110.0
2013-06-04,117,699,1,6,112.0
2013-06-05,110,718,2,6,134.0
2013-06-06,112,773,3,6,128.0
2013-06-07,134,794,4,6,115.0
2013-06-08,128,832,5,6,96.0
2013-06-09,115,885,6,6,131.0
2013-06-10,96,620,0,6,123.0
2013-06-11,131,737,1,6,112.0
2013-06-12,123,689,2,6,104.0
2013-06-13,112,747,3,6,125.0
2013-06-14,104,855,4,6,145.0
2013-06-15,125,874,5,6,90.0
2013-06-16,145,917,6,6,96.0
2013-06-17,90,595,0,6,109.0
2013-06-18,96,714,1,6,110.0
2013-06-19,109,695,2,6,84.0
2013-06-20,110,775,3,6,106.0
2013-06-21,84,815,4,6,139.0
2013-06-22,106,864,5,6,84.0
2013-06-23,139,883,6,6,124.0
2013-06-24,84,667,0,6,95.0
2013-06-25,124,681,1,6,115.0
2013-06-26,95,729,2,6,130.0
2013-06-27,115,838,3,6,125.0
2013-06-28,130,779,4,6,133.0
2013-06-29,125,861,5,6,92.0
2013-06-30,133,907,6,6,124.0
2013-07-01,92,636,0,7,136.0
2013-07-02,124,762,1,7,135.0
2013-07-03,136,754,2,7,129.0
2013-07-04,135,794,3,7,138.0
2013-07-05,129,840,4,7,144.0
2013-07-06,138,881,5,7,84.0
2013-07-07,144,949,6,7,113.0
2013-07-08,84,683,0,7,94.0
2013-07-09,113,830,1,7,128.0
2013-07-10,94,754,2,7,137.0
2013-07-11,128,831,3,7,127.0
2013-07-12,137,887,4,7,160.0
2013-07-13,127,896,5,7,89.0
2013-07-14,160,940,6,7,102.0
2013-07-15,89,650,0,7,104.0
2013-07-16,102,778,1,7,123.0
2013-07-17,104,779,2,7,127.0
2013-07-18,123,840,3,7,107.0
2013-07-19,127,866,4,7,137.0
2013-07-20,107,908,5,7,94.0
2013-07-21,137,983,6,7,110.0
2013-07-22,94,636,0,7,104.0
2013-07-23,110,760,1,7,126.0
2013-07-24,104,755,2,7,132.0
2013-07-25,126,786,3,7,139.0
2013-07-26,132,849,4,7,141.0
2013-07-27,139,864,5,7,87.0
2013-07-28,141,937,6,7,119.0
2013-07-29,87,658,0,7,111.0
2013-07-30,119,764,1,7,98.0
2013-07-31,111,748,2,7,113.0
2013-08-01,98,724,3,8,111.0
2013-08-02,113,739,4,8,145.0
2013-08-03,111,819,5,8,86.0
2013-08-04,145,866,6,8,108.0
2013-08-05,86,585,0,8,105.0
2013-08-06,108,704,1,8,113.0
2013-08-07,105,694,2,8,116.0
2013-08-08,113,739,3,8,122.0
2013-08-09,116,722,4,8,148.0
2013-08-10,122,797,5,8,83.0
2013-08-11,148,869,6,8,100.0
2013-08-12,83,598,0,8,86.0
2013-08-13,100,652,1,8,108.0
2013-08-14,86,660,2,8,107.0
2013-08-15,108,723,3,8,106.0
2013-08-16,107,788,4,8,125.0
2013-08-17,106,847,5,8,79.0
2013-08-18,125,890,6,8,95.0
2013-08-19,79,598,0,8,81.0
2013-08-20,95,672,1,8,94.0
2013-08-21,81,652,2,8,118.0
2013-08-22,94,711,3,8,127.0
2013-08-23,118,801,4,8,129.0
2013-08-24,127,832,5,8,99.0
2013-08-25,129,847,6,8,129.0
2013-08-26,99,536,0,8,82.0
2013-08-27,129,654,1,8,96.0
2013-08-28,82,667,2,8,116.0
2013-08-29,96,716,3,8,143.0
2013-08-30,116,770,4,8,116.0
2013-08-31,143,777,5,8,76.0
2013-09-01,116,832,6,9,83.0
2013-09-02,76,554,0,9,82.0
2013-09-03,83,587,1,9,90.0
2013-09-04,82,611,2,9,99.0
2013-09-05,90,696,3,9,115.0
2013-09-06,99,706,4,9,119.0
2013-09-07,115,675,5,9,76.0
2013-09-08,119,794,6,9,85.0
2013-09-09,76,556,0,9,97.0
2013-09-10,85,608,1,9,101.0
2013-09-11,97,612,2,9,88.0
2013-09-12,101,674,3,9,108.0
2013-09-13,88,684,4,9,131.0
2013-09-14,108,755,5,9,73.0
2013-09-15,131,788,6,9,92.0
2013-09-16,73,563,0,9,95.0
2013-09-17,92,675,1,9,118.0
2013-09-18,95,678,2,9,116.0
2013-09-19,118,673,3,9,101.0
2013-09-20,116,726,4,9,126.0
2013-09-21,101,827,5,9,86.0
2013-09-22,126,834,6,9,86.0
2013-09-23,86,527,0,9,101.0
2013-09-24,86,608,1,9,102.0
2013-09-25,101,593,2,9,92.0
2013-09-26,102,652,3,9,117.0
2013-09-27,92,727,4,9,116.0
2013-09-28,117,764,5,9,86.0
2013-09-29,116,733,6,9,97.0
2013-09-30,86,551,0,9,86.0
2013-10-01,97,595,1,10,85.0
2013-10-02,86,587,2,10,102.0
2013-10-03,85,630,3,10,108.0
2013-10-04,102,621,4,10,109.0
2013-10-05,108,659,5,10,70.0
2013-10-06,109,732,6,10,71.0
2013-10-07,70,566,0,10,78.0
2013-10-08,71,607,1,10,94.0
2013-10-09,78,540,2,10,90.0
2013-10-10,94,687,3,10,120.0
2013-10-11,90,665,4,10,109.0
2013-10-12,120,713,5,10,72.0
2013-10-13,109,711,6,10,74.0
2013-10-14,72,509,0,10,101.0
2013-10-15,74,581,1,10,97.0
2013-10-16,101,535,2,10,96.0
2013-10-17,97,622,3,10,108.0
2013-10-18,96,667,4,10,108.0
2013-10-19,108,731,5,10,73.0
2013-10-20,108,718,6,10,90.0
2013-10-21,73,510,0,10,87.0
2013-10-22,90,588,1,10,104.0
2013-10-23,87,549,2,10,98.0
2013-10-24,104,601,3,10,91.0
2013-10-25,98,628,4,10,94.0
2013-10-26,91,706,5,10,58.0
2013-10-27,94,699,6,10,78.0
2013-10-28,58,465,0,10,78.0
2013-10-29,78,571,1,10,81.0
2013-10-30,78,578,2,10,113.0
2013-10-31,81,597,3,10,127.0
2013-11-01,113,763,4,11,127.0
2013-11-02,127,763,5,11,75.0
2013-11-03,127,852,6,11,81.0
2013-11-04,75,495,0,11,81.0
2013-11-05,81,582,1,11,77.0
2013-11-06,81,648,2,11,103.0
2013-11-07,77,653,3,11,110.0
2013-11-08,103,720,4,11,96.0
2013-11-09,110,689,5,11,79.0
2013-11-10,96,793,6,11,108.0
2013-11-11,79,509,0,11,85.0
2013-11-12,108,657,1,11,85.0
2013-11-13,85,592,2,11,96.0
2013-11-14,85,638,3,11,99.0
2013-11-15,96,675,4,11,131.0
2013-11-16,99,751,5,11,80.0
2013-11-17,131,836,6,11,104.0
2013-11-18,80,552,0,11,80.0
2013-11-19,104,602,1,11,98.0
2013-11-20,80,629,2,11,119.0
2013-11-21,98,686,3,11,91.0
2013-11-22,119,782,4,11,114.0
2013-11-23,91,724,5,11,77.0
2013-11-24,114,789,6,11,81.0
2013-11-25,77,569,0,11,96.0
2013-11-26,81,623,1,11,113.0
2013-11-27,96,627,2,11,77.0
2013-11-28,113,678,3,11,104.0
2013-11-29,77,722,4,11,93.0
2013-11-30,104,757,5,11,63.0
2013-12-01,93,613,6,12,57.0
2013-12-02,63,399,0,12,65.0
2013-12-03,57,437,1,12,70.0
2013-12-04,65,382,2,12,70.0
2013-12-05,70,440,3,12,73.0
2013-12-06,70,562,4,12,79.0
2013-12-07,73,538,5,12,51.0
2013-12-08,79,610,6,12,68.0
2013-12-09,51,383,0,12,85.0
2013-12-10,68,443,1,12,68.0
2013-12-11,85,447,2,12,73.0
2013-12-12,68,499,3,12,85.0
2013-12-13,73,492,4,12,94.0
2013-12-14,85,551,5,12,56.0
2013-12-15,94,633,6,12,54.0
2013-12-16,56,402,0,12,46.0
2013-12-17,54,425,1,12,71.0
2013-12-18,46,456,2,12,86.0
2013-12-19,71,425,3,12,104.0
2013-12-20,86,524,4,12,77.0
2013-12-21,104,563,5,12,50.0
2013-12-22,77,591,6,12,57.0
2013-12-23,50,377,0,12,67.0
2013-12-24,57,453,1,12,71.0
2013-12-25,67,474,2,12,65.0
2013-12-26,71,470,3,12,86.0
2013-12-27,65,474,4,12,89.0
2013-12-28,86,569,5,12,68.0
2013-12-29,89,582,6,12,55.0
2013-12-30,68,397,0,12,63.0
2013-12-31,55,421,1,12,61.0
2014-01-01,63,460,2,1,92.0
2014-01-02,61,521,3,1,85.0
2014-01-03,92,467,4,1,82.0
2014-01-04,85,566,5,1,54.0
2014-01-05,82,631,6,1,76.0
2014-01-06,54,415,0,1,57.0
2014-01-07,76,457,1,1,82.0
2014-01-08,57,438,2,1,56.0
2014-01-09,82,500,3,1,78.0
2014-01-10,56,506,4,1,90.0
2014-01-11,78,553,5,1,55.0
2014-01-12,90,592,6,1,71.0
2014-01-13,55,448,0,1,65.0
2014-01-14,71,434,1,1,61.0
2014-01-15,65,465,2,1,82.0
2014-01-16,61,471,3,1,76.0
2014-01-17,82,585,4,1,87.0
2014-01-18,76,544,5,1,63.0
2014-01-19,87,580,6,1,58.0
2014-01-20,63,362,0,1,72.0
2014-01-21,58,446,1,1,64.0
2014-01-22,72,454,2,1,79.0
2014-01-23,64,486,3,1,72.0
2014-01-24,79,528,4,1,86.0
2014-01-25,72,595,5,1,58.0
2014-01-26,86,567,6,1,62.0
2014-01-27,58,393,0,1,74.0
2014-01-28,62,450,1,1,72.0
2014-01-29,74,476,2,1,72.0
2014-01-30,72,534,3,1,92.0
2014-01-31,72,536,4,1,108.0
2014-02-01,92,580,5,2,68.0
2014-02-02,108,711,6,2,76.0
2014-02-03,68,465,0,2,79.0
2014-02-04,76,531,1,2,78.0
2014-02-05,79,540,2,2,72.0
2014-02-06,78,571,3,2,85.0
2014-02-07,72,549,4,2,104.0
2014-02-08,85,647,5,2,77.0
2014-02-09,104,673,6,2,80.0
2014-02-10,77,445,0,2,74.0
2014-02-11,80,497,1,2,71.0
2014-02-12,74,521,2,2,80.0
2014-02-13,71,540,3,2,99.0
2014-02-14,80,571,4,2,91.0
2014-02-15,99,648,5,2,66.0
2014-02-16,91,655,6,2,66.0
2014-02-17,66,449,0,2,90.0
2014-02-18,66,547,1,2,81.0
2014-02-19,90,525,2,2,90.0
2014-02-20,81,539,3,2,91.0
2014-02-21,90,569,4,2,89.0
2014-02-22,91,615,5,2,58.0
2014-02-23,89,635,6,2,95.0
2014-02-24,58,425,0,2,89.0
2014-02-25,95,487,1,2,86.0
2014-02-26,89,513,2,2,87.0
2014-02-27,86,526,3,2,111.0
2014-02-28,87,592,4,2,114.0
2014-03-01,111,726,5,3,77.0
2014-03-02,114,795,6,3,90.0
2014-03-03,77,535,0,3,95.0
2014-03-04,90,584,1,3,94.0
2014-03-05,95,631,2,3,117.0
2014-03-06,94,668,3,3,134.0
2014-03-07,117,649,4,3,117.0
2014-03-08,134,743,5,3,65.0
2014-03-09,117,776,6,3,83.0
2014-03-10,65,513,0,3,80.0
2014-03-11,83,579,1,3,99.0
2014-03-12,80,666,2,3,112.0
2014-03-13,99,660,3,3,112.0
2014-03-14,112,696,4,3,119.0
2014-03-15,112,783,5,3,85.0
2014-03-16,119,837,6,3,96.0
2014-03-17,85,509,0,3,93.0
2014-03-18,96,643,1,3,99.0
2014-03-19,93,602,2,3,95.0
2014-03-20,99,625,3,3,106.0
2014-03-21,95,684,4,3,116.0
2014-03-22,106,781,5,3,78.0
2014-03-23,116,842,6,3,87.0
2014-03-24,78,513,0,3,96.0
2014-03-25,87,592,1,3,94.0
2014-03-26,96,599,2,3,117.0
2014-03-27,94,690,3,3,100.0
2014-03-28,117,721,4,3,132.0
2014-03-29,100,764,5,3,77.0
2014-03-30,132,774,6,3,102.0
2014-03-31,77,527,0,3,89.0
2014-04-01,102,703,1,4,129.0
2014-04-02,89,681,2,4,99.0
2014-04-03,129,801,3,4,121.0
2014-04-04,99,817,4,4,135.0
2014-04-05,121,882,5,4,91.0
2014-04-06,135,935,6,4,106.0
2014-04-07,91,626,0,4,112.0
2014-04-08,106,765,1,4,119.0
2014-04-09,112,714,2,4,104.0
2014-04-10,119,709,3,4,140.0
2014-04-11,104,822,4,4,128.0
2014-04-12,140,888,5,4,101.0
2014-04-13,128,920,6,4,103.0
2014-04-14,101,630,0,4,95.0
2014-04-15,103,768,1,4,121.0
2014-04-16,95,730,2,4,127.0
2014-04-17,121,730,3,4,134.0
2014-04-18,127,864,4,4,131.0
2014-04-19,134,875,5,4,99.0
2014-04-20,131,896,6,4,95.0
2014-04-21,99,643,0,4,108.0
2014-04-22,95,726,1,4,122.0
2014-04-23,108,709,2,4,113.0
2014-04-24,122,807,3,4,107.0
2014-04-25,113,831,4,4,123.0
2014-04-26,107,903,5,4,84.0
2014-04-27,123,889,6,4,88.0
2014-04-28,84,640,0,4,90.0
2014-04-29,88,705,1,4,115.0
2014-04-30,90,728,2,4,154.0
2014-05-01,115,833,3,5,150.0
2014-05-02,154,862,4,5,142.0
2014-05-03,150,887,5,5,100.0
2014-05-04,142,1001,6,5,113.0
2014-05-05,100,687,0,5,109.0
2014-05-06,113,757,1,5,145.0
2014-05-07,109,745,2,5,109.0
2014-05-08,145,792,3,5,148.0
2014-05-09,109,846,4,5,148.0
2014-05-10,148,937,5,5,113.0
2014-05-11,148,1000,6,5,119.0
2014-05-12,113,656,0,5,100.0
2014-05-13,119,859,1,5,114.0
2014-05-14,100,812,2,5,124.0
2014-05-15,114,833,3,5,138.0
2014-05-16,124,895,4,5,160.0
2014-05-17,138,932,5,5,103.0
2014-05-18,160,973,6,5,108.0
2014-05-19,103,653,0,5,127.0
2014-05-20,108,789,1,5,131.0
2014-05-21,127,785,2,5,100.0
2014-05-22,131,842,3,5,151.0
2014-05-23,100,856,4,5,131.0
2014-05-24,151,936,5,5,120.0
2014-05-25,131,969,6,5,110.0
2014-05-26,120,672,0,5,134.0
2014-05-27,110,815,1,5,121.0
2014-05-28,134,717,2,5,113.0
2014-05-29,121,782,3,5,128.0
2014-05-30,113,871,4,5,152.0
2014-05-31,128,926,5,5,121.0
2014-06-01,152,1113,6,6,118.0
2014-06-02,121,740,0,6,118.0
2014-06-03,118,813,1,6,126.0
2014-06-04,118,821,2,6,157.0
2014-06-05,126,871,3,6,129.0
2014-06-06,157,892,4,6,159.0
2014-06-07,129,951,5,6,89.0
2014-06-08,159,1024,6,6,137.0
2014-06-09,89,690,0,6,127.0
2014-06-10,137,824,1,6,141.0
2014-06-11,127,802,2,6,119.0
2014-06-12,141,882,3,6,146.0
2014-06-13,119,943,4,6,156.0
2014-06-14,146,1006,5,6,123.0
2014-06-15,156,1043,6,6,138.0
2014-06-16,123,698,0,6,121.0
2014-06-17,138,774,1,6,129.0
2014-06-18,121,794,2,6,115.0
2014-06-19,129,871,3,6,147.0
2014-06-20,115,936,4,6,133.0
2014-06-21,147,1013,5,6,118.0
2014-06-22,133,1035,6,6,130.0
2014-06-23,118,736,0,6,114.0
2014-06-24,130,829,1,6,136.0
2014-06-25,114,841,2,6,149.0
2014-06-26,136,864,3,6,156.0
2014-06-27,149,945,4,6,164.0
2014-06-28,156,971,5,6,107.0
2014-06-29,164,1054,6,6,127.0
2014-06-30,107,666,0,6,131.0
2014-07-01,127,914,1,7,125.0
2014-07-02,131,853,2,7,125.0
2014-07-03,125,974,3,7,169.0
2014-07-04,125,976,4,7,166.0
2014-07-05,169,1082,5,7,116.0
2014-07-06,166,1110,6,7,124.0
2014-07-07,116,743,0,7,124.0
2014-07-08,124,863,1,7,152.0
2014-07-09,124,849,2,7,151.0
2014-07-10,152,961,3,7,133.0
2014-07-11,151,971,4,7,181.0
2014-07-12,133,1067,5,7,104.0
2014-07-13,181,1085,6,7,117.0
2014-07-14,104,717,0,7,108.0
2014-07-15,117,829,1,7,147.0
2014-07-16,108,925,2,7,149.0
2014-07-17,147,931,3,7,153.0
2014-07-18,149,1006,4,7,156.0
2014-07-19,153,1017,5,7,109.0
2014-07-20,156,1061,6,7,129.0
2014-07-21,109,720,0,7,136.0
2014-07-22,129,868,1,7,138.0
2014-07-23,136,850,2,7,144.0
2014-07-24,138,992,3,7,163.0
2014-07-25,144,981,4,7,172.0
2014-07-26,163,1112,5,7,103.0
2014-07-27,172,1144,6,7,120.0
2014-07-28,103,759,0,7,128.0
2014-07-29,120,881,1,7,142.0
2014-07-30,128,898,2,7,153.0
2014-07-31,142,943,3,7,158.0
2014-08-01,153,829,4,8,140.0
2014-08-02,158,989,5,8,119.0
2014-08-03,140,987,6,8,127.0
2014-08-04,119,638,0,8,117.0
2014-08-05,127,764,1,8,95.0
2014-08-06,117,766,2,8,121.0
2014-08-07,95,773,3,8,129.0
2014-08-08,121,898,4,8,151.0
2014-08-09,129,976,5,8,87.0
2014-08-10,151,972,6,8,112.0
2014-08-11,87,629,0,8,103.0
2014-08-12,112,803,1,8,121.0
2014-08-13,103,747,2,8,127.0
2014-08-14,121,898,3,8,132.0
2014-08-15,127,878,4,8,144.0
2014-08-16,132,936,5,8,116.0
2014-08-17,144,962,6,8,111.0
2014-08-18,116,663,0,8,90.0
2014-08-19,111,762,1,8,126.0
2014-08-20,90,790,2,8,136.0
2014-08-21,126,838,3,8,141.0
2014-08-22,136,877,4,8,151.0
2014-08-23,141,901,5,8,108.0
2014-08-24,151,1019,6,8,133.0
2014-08-25,108,670,0,8,113.0
2014-08-26,133,778,1,8,136.0
2014-08-27,113,786,2,8,117.0
2014-08-28,136,827,3,8,132.0
2014-08-29,117,863,4,8,142.0
2014-08-30,132,927,5,8,85.0
2014-08-31,142,1019,6,8,112.0
2014-09-01,85,595,0,9,115.0
2014-09-02,112,736,1,9,137.0
2014-09-03,115,748,2,9,134.0
2014-09-04,137,801,3,9,118.0
2014-09-05,134,828,4,9,153.0
2014-09-06,118,847,5,9,83.0
2014-09-07,153,903,6,9,95.0
2014-09-08,83,621,0,9,94.0
2014-09-09,95,758,1,9,116.0
2014-09-10,94,685,2,9,143.0
2014-09-11,116,751,3,9,136.0
2014-09-12,143,848,4,9,133.0
2014-09-13,136,859,5,9,80.0
2014-09-14,133,898,6,9,83.0
2014-09-15,80,615,0,9,90.0
2014-09-16,83,722,1,9,114.0
2014-09-17,90,759,2,9,109.0
2014-09-18,114,815,3,9,130.0
2014-09-19,109,838,4,9,142.0
2014-09-20,130,885,5,9,83.0
2014-09-21,142,943,6,9,113.0
2014-09-22,83,651,0,9,107.0
2014-09-23,113,715,1,9,117.0
2014-09-24,107,757,2,9,118.0
2014-09-25,117,763,3,9,123.0
2014-09-26,118,802,4,9,138.0
2014-09-27,123,934,5,9,112.0
2014-09-28,138,875,6,9,100.0
2014-09-29,112,618,0,9,84.0
2014-09-30,100,698,1,9,102.0
2014-10-01,84,646,2,10,105.0
2014-10-02,102,714,3,10,132.0
2014-10-03,105,775,4,10,123.0
2014-10-04,132,812,5,10,82.0
2014-10-05,123,825,6,10,90.0
2014-10-06,82,586,0,10,102.0
2014-10-07,90,663,1,10,95.0
2014-10-08,102,670,2,10,120.0
2014-10-09,95,715,3,10,99.0
2014-10-10,120,721,4,10,126.0
2014-10-11,99,833,5,10,78.0
2014-10-12,126,876,6,10,105.0
2014-10-13,78,567,0,10,98.0
2014-10-14,105,694,1,10,97.0
2014-10-15,98,638,2,10,91.0
2014-10-16,97,689,3,10,119.0
2014-10-17,91,765,4,10,110.0
2014-10-18,119,876,5,10,67.0
2014-10-19,110,840,6,10,81.0
2014-10-20,67,585,0,10,99.0
2014-10-21,81,639,1,10,103.0
2014-10-22,99,681,2,10,110.0
2014-10-23,103,729,3,10,112.0
2014-10-24,110,782,4,10,140.0
2014-10-25,112,793,5,10,91.0
2014-10-26,140,902,6,10,104.0
2014-10-27,91,575,0,10,100.0
2014-10-28,104,646,1,10,109.0
2014-10-29,100,686,2,10,116.0
2014-10-30,109,685,3,10,140.0
2014-10-31,116,749,4,10,121.0
2014-11-01,140,849,5,11,84.0
2014-11-02,121,898,6,11,94.0
2014-11-03,84,642,0,11,91.0
2014-11-04,94,737,1,11,105.0
2014-11-05,91,702,2,11,95.0
2014-11-06,105,799,3,11,123.0
2014-11-07,95,862,4,11,143.0
2014-11-08,123,870,5,11,89.0
2014-11-09,143,888,6,11,106.0
2014-11-10,89,580,0,11,88.0
2014-11-11,106,718,1,11,110.0
2014-11-12,88,673,2,11,124.0
2014-11-13,110,821,3,11,144.0
2014-11-14,124,826,4,11,156.0
2014-11-15,144,914,5,11,112.0
2014-11-16,156,907,6,11,92.0
2014-11-17,112,605,0,11,108.0
2014-11-18,92,731,1,11,113.0
2014-11-19,108,737,2,11,137.0
2014-11-20,113,773,3,11,124.0
2014-11-21,137,797,4,11,153.0
2014-11-22,124,827,5,11,96.0
2014-11-23,153,912,6,11,98.0
2014-11-24,96,568,0,11,96.0
2014-11-25,98,712,1,11,99.0
2014-11-26,96,699,2,11,117.0
2014-11-27,99,723,3,11,141.0
2014-11-28,117,808,4,11,141.0
2014-11-29,141,878,5,11,62.0
2014-11-30,141,977,6,11,70.0
2014-12-01,62,446,0,12,67.0
2014-12-02,70,476,1,12,82.0
2014-12-03,67,531,2,12,90.0
2014-12-04,82,555,3,12,87.0
2014-12-05,90,584,4,12,100.0
2014-12-06,87,625,5,12,60.0
2014-12-07,100,684,6,12,62.0
2014-12-08,60,406,0,12,69.0
2014-12-09,62,529,1,12,81.0
2014-12-10,69,562,2,12,78.0
2014-12-11,81,529,3,12,80.0
2014-12-12,78,570,4,12,92.0
2014-12-13,80,612,5,12,66.0
2014-12-14,92,620,6,12,80.0
2014-12-15,66,453,0,12,90.0
2014-12-16,80,496,1,12,74.0
2014-12-17,90,499,2,12,92.0
2014-12-18,74,590,3,12,91.0
2014-12-19,92,534,4,12,103.0
2014-12-20,91,630,5,12,76.0
2014-12-21,103,652,6,12,77.0
2014-12-22,76,439,0,12,95.0
2014-12-23,77,499,1,12,72.0
2014-12-24,95,523,2,12,93.0
2014-12-25,72,526,3,12,75.0
2014-12-26,93,606,4,12,86.0
2014-12-27,75,591,5,12,57.0
2014-12-28,86,709,6,12,66.0
2014-12-29,57,455,0,12,81.0
2014-12-30,66,487,1,12,67.0
2014-12-31,81,530,2,12,73.0
2015-01-01,67,510,3,1,81.0
2015-01-02,73,580,4,1,75.0
2015-01-03,81,580,5,1,55.0
2015-01-04,75,640,6,1,69.0
2015-01-05,55,458,0,1,68.0
2015-01-06,69,491,1,1,91.0
2015-01-07,68,503,2,1,90.0
2015-01-08,91,499,3,1,98.0
2015-01-09,90,558,4,1,81.0
2015-01-10,98,567,5,1,56.0
2015-01-11,81,648,6,1,78.0
2015-01-12,56,429,0,1,79.0
2015-01-13,78,534,1,1,82.0
2015-01-14,79,490,2,1,86.0
2015-01-15,82,520,3,1,86.0
2015-01-16,86,567,4,1,110.0
2015-01-17,86,625,5,1,63.0
2015-01-18,110,587,6,1,67.0
2015-01-19,63,409,0,1,77.0
2015-01-20,67,515,1,1,81.0
2015-01-21,77,448,2,1,76.0
2015-01-22,81,513,3,1,76.0
2015-01-23,76,533,4,1,91.0
2015-01-24,76,608,5,1,51.0
2015-01-25,91,581,6,1,61.0
2015-01-26,51,419,0,1,75.0
2015-01-27,61,500,1,1,71.0
2015-01-28,75,493,2,1,74.0
2015-01-29,71,523,3,1,89.0
2015-01-30,74,554,4,1,108.0
2015-01-31,89,591,5,1,78.0
2015-02-01,108,690,6,2,80.0
2015-02-02,78,474,0,2,78.0
2015-02-03,80,500,1,2,68.0
2015-02-04,78,511,2,2,98.0
2015-02-05,68,567,3,2,96.0
2015-02-06,98,619,4,2,113.0
2015-02-07,96,623,5,2,56.0
2015-02-08,113,632,6,2,83.0
2015-02-09,56,467,0,2,99.0
2015-02-10,83,548,1,2,87.0
2015-02-11,99,510,2,2,96.0
2015-02-12,87,565,3,2,110.0
2015-02-13,96,609,4,2,99.0
2015-02-14,110,624,5,2,67.0
2015-02-15,99,678,6,2,78.0
2015-02-16,67,463,0,2,79.0
2015-02-17,78,579,1,2,92.0
2015-02-18,79,575,2,2,94.0
2015-02-19,92,526,3,2,92.0
2015-02-20,94,548,4,2,101.0
2015-02-21,92,654,5,2,49.0
2015-02-22,101,677,6,2,77.0
2015-02-23,49,442,0,2,86.0
2015-02-24,77,531,1,2,101.0
2015-02-25,86,506,2,2,85.0
2015-02-26,101,546,3,2,102.0
2015-02-27,85,603,4,2,133.0
2015-02-28,102,617,5,2,79.0
2015-03-01,133,848,6,3,95.0
2015-03-02,79,544,0,3,94.0
2015-03-03,95,651,1,3,104.0
2015-03-04,94,704,2,3,119.0
2015-03-05,104,727,3,3,97.0
2015-03-06,119,747,4,3,112.0
2015-03-07,97,829,5,3,59.0
2015-03-08,112,853,6,3,110.0
2015-03-09,59,561,0,3,96.0
2015-03-10,110,674,1,3,95.0
2015-03-11,96,666,2,3,112.0
2015-03-12,95,658,3,3,103.0
2015-03-13,112,707,4,3,145.0
2015-03-14,103,779,5,3,88.0
2015-03-15,145,824,6,3,96.0
2015-03-16,88,577,0,3,96.0
2015-03-17,96,607,1,3,119.0
2015-03-18,96,630,2,3,125.0
2015-03-19,119,702,3,3,111.0
2015-03-20,125,823,4,3,113.0
2015-03-21,111,751,5,3,89.0
2015-03-22,113,791,6,3,117.0
2015-03-23,89,517,0,3,100.0
2015-03-24,117,658,1,3,91.0
2015-03-25,100,638,2,3,104.0
2015-03-26,91,709,3,3,115.0
2015-03-27,104,813,4,3,126.0
2015-03-28,115,762,5,3,96.0
2015-03-29,126,870,6,3,97.0
2015-03-30,96,562,0,3,132.0
2015-03-31,97,614,1,3,113.0
2015-04-01,132,792,2,4,141.0
2015-04-02,113,807,3,4,128.0
2015-04-03,141,841,4,4,145.0
2015-04-04,128,897,5,4,93.0
2015-04-05,145,956,6,4,104.0
2015-04-06,93,638,0,4,105.0
2015-04-07,104,732,1,4,109.0
2015-04-08,105,685,2,4,136.0
2015-04-09,109,748,3,4,129.0
2015-04-10,136,839,4,4,116.0
2015-04-11,129,905,5,4,88.0
2015-04-12,116,924,6,4,110.0
2015-04-13,88,614,0,4,116.0
2015-04-14,110,737,1,4,120.0
2015-04-15,116,777,2,4,119.0
2015-04-16,120,822,3,4,128.0
2015-04-17,119,853,4,4,151.0
2015-04-18,128,913,5,4,100.0
2015-04-19,151,994,6,4,95.0
2015-04-20,100,636,0,4,103.0
2015-04-21,95,751,1,4,117.0
2015-04-22,103,693,2,4,129.0
2015-04-23,117,800,3,4,133.0
2015-04-24,129,873,4,4,164.0
2015-04-25,133,957,5,4,78.0
2015-04-26,164,928,6,4,103.0
2015-04-27,78,676,0,4,96.0
2015-04-28,103,747,1,4,115.0
2015-04-29,96,764,2,4,141.0
2015-04-30,115,826,3,4,158.0
2015-05-01,141,882,4,5,156.0
2015-05-02,158,985,5,5,79.0
2015-05-03,156,1018,6,5,116.0
2015-05-04,79,685,0,5,133.0
2015-05-05,116,827,1,5,127.0
2015-05-06,133,851,2,5,134.0
2015-05-07,127,856,3,5,145.0
2015-05-08,134,945,4,5,132.0
2015-05-09,145,938,5,5,86.0
2015-05-10,132,1044,6,5,105.0
2015-05-11,86,730,0,5,128.0
2015-05-12,105,835,1,5,129.0
2015-05-13,128,818,2,5,161.0
2015-05-14,129,869,3,5,151.0
2015-05-15,161,916,4,5,158.0
2015-05-16,151,1007,5,5,98.0
2015-05-17,158,1039,6,5,111.0
2015-05-18,98,660,0,5,99.0
2015-05-19,111,844,1,5,125.0
2015-05-20,99,817,2,5,135.0
2015-05-21,125,906,3,5,142.0
2015-05-22,135,943,4,5,150.0
2015-05-23,142,1041,5,5,99.0
2015-05-24,150,1047,6,5,100.0
2015-05-25,99,626,0,5,120.0
2015-05-26,100,741,1,5,110.0
2015-05-27,120,830,2,5,121.0
2015-05-28,110,887,3,5,138.0
2015-05-29,121,878,4,5,161.0
2015-05-30,138,1056,5,5,121.0
2015-05-31,161,1037,6,5,107.0
2015-06-01,121,691,0,6,137.0
2015-06-02,107,931,1,6,160.0
2015-06-03,137,838,2,6,139.0
2015-06-04,160,941,3,6,183.0
2015-06-05,139,990,4,6,171.0
2015-06-06,183,1024,5,6,107.0
2015-06-07,171,1133,6,6,136.0
2015-06-08,107,704,0,6,131.0
2015-06-09,136,841,1,6,160.0
2015-06-10,131,822,2,6,113.0
2015-06-11,160,910,3,6,143.0
2015-06-12,113,989,4,6,154.0
2015-06-13,143,1033,5,6,104.0
2015-06-14,154,1118,6,6,89.0
2015-06-15,104,711,0,6,133.0
2015-06-16,89,855,1,6,130.0
2015-06-17,133,802,2,6,141.0
2015-06-18,130,931,3,6,169.0
2015-06-19,141,965,4,6,155.0
2015-06-20,169,1002,5,6,107.0
2015-06-21,155,1088,6,6,122.0
2015-06-22,107,753,0,6,135.0
2015-06-23,122,858,1,6,154.0
2015-06-24,135,849,2,6,147.0
2015-06-25,154,919,3,6,135.0
2015-06-26,147,1014,4,6,131.0
2015-06-27,135,1075,5,6,106.0
2015-06-28,131,1098,6,6,127.0
2015-06-29,106,792,0,6,139.0
2015-06-30,127,841,1,6,147.0
2015-07-01,139,900,2,7,155.0
2015-07-02,147,980,3,7,176.0
2015-07-03,155,1070,4,7,196.0
2015-07-04,176,1088,5,7,113.0
2015-07-05,196,1115,6,7,143.0
2015-07-06,113,772,0,7,133.0
2015-07-07,143,885,1,7,157.0
2015-07-08,133,889,2,7,159.0
2015-07-09,157,997,3,7,194.0
2015-07-10,159,1000,4,7,152.0
2015-07-11,194,1095,5,7,128.0
2015-07-12,152,1204,6,7,123.0
2015-07-13,128,797,0,7,115.0
2015-07-14,123,919,1,7,148.0
2015-07-15,115,891,2,7,152.0
2015-07-16,148,961,3,7,142.0
2015-07-17,152,1047,4,7,166.0
2015-07-18,142,1093,5,7,113.0
2015-07-19,166,1193,6,7,126.0
2015-07-20,113,788,0,7,143.0
2015-07-21,126,884,1,7,150.0
2015-07-22,143,934,2,7,150.0
2015-07-23,150,947,3,7,165.0
2015-07-24,150,1069,4,7,152.0
2015-07-25,165,1100,5,7,98.0
2015-07-26,152,1186,6,7,158.0
2015-07-27,98,781,0,7,135.0
2015-07-28,158,870,1,7,146.0
2015-07-29,135,854,2,7,141.0
2015-07-30,146,1020,3,7,123.0
2015-07-31,141,1004,4,7,146.0
2015-08-01,123,978,5,8,116.0
2015-08-02,146,1001,6,8,115.0
2015-08-03,116,671,0,8,111.0
2015-08-04,115,797,1,8,125.0
2015-08-05,111,796,2,8,131.0
2015-08-06,125,808,3,8,146.0
2015-08-07,131,872,4,8,146.0
2015-08-08,146,935,5,8,70.0
2015-08-09,146,978,6,8,93.0
2015-08-10,70,676,0,8,128.0
2015-08-11,93,765,1,8,141.0
2015-08-12,128,798,2,8,138.0
2015-08-13,141,876,3,8,144.0
2015-08-14,138,953,4,8,153.0
2015-08-15,144,1017,5,8,95.0
2015-08-16,153,987,6,8,125.0
2015-08-17,95,709,0,8,103.0
2015-08-18,125,796,1,8,143.0
2015-08-19,103,828,2,8,136.0
2015-08-20,143,824,3,8,146.0
2015-08-21,136,936,4,8,163.0
2015-08-22,146,1020,5,8,82.0
2015-08-23,163,1038,6,8,125.0
2015-08-24,82,670,0,8,120.0
2015-08-25,125,791,1,8,137.0
2015-08-26,120,807,2,8,139.0
2015-08-27,137,902,3,8,148.0
2015-08-28,139,956,4,8,133.0
2015-08-29,148,996,5,8,93.0
2015-08-30,133,1006,6,8,110.0
2015-08-31,93,643,0,8,102.0
2015-09-01,110,829,1,9,114.0
2015-09-02,102,763,2,9,128.0
2015-09-03,114,825,3,9,139.0
2015-09-04,128,873,4,9,150.0
2015-09-05,139,900,5,9,93.0
2015-09-06,150,945,6,9,109.0
2015-09-07,93,633,0,9,94.0
2015-09-08,109,774,1,9,125.0
2015-09-09,94,738,2,9,141.0
2015-09-10,125,851,3,9,125.0
2015-09-11,141,904,4,9,142.0
2015-09-12,125,858,5,9,71.0
2015-09-13,142,961,6,9,104.0
2015-09-14,71,640,0,9,113.0
2015-09-15,104,760,1,9,117.0
2015-09-16,113,728,2,9,116.0
2015-09-17,117,823,3,9,121.0
2015-09-18,116,889,4,9,132.0
2015-09-19,121,900,5,9,109.0
2015-09-20,132,977,6,9,117.0
2015-09-21,109,650,0,9,97.0
2015-09-22,117,773,1,9,130.0
2015-09-23,97,789,2,9,131.0
2015-09-24,130,792,3,9,130.0
2015-09-25,131,856,4,9,131.0
2015-09-26,130,903,5,9,84.0
2015-09-27,131,956,6,9,100.0
2015-09-28,84,647,0,9,110.0
2015-09-29,100,734,1,9,124.0
2015-09-30,110,764,2,9,116.0
2015-10-01,124,742,3,10,128.0
2015-10-02,116,832,4,10,124.0
2015-10-03,128,794,5,10,101.0
2015-10-04,124,895,6,10,109.0
2015-10-05,101,586,0,10,130.0
2015-10-06,109,714,1,10,103.0
2015-10-07,130,683,2,10,115.0
2015-10-08,103,729,3,10,119.0
2015-10-09,115,734,4,10,133.0
2015-10-10,119,819,5,10,93.0
2015-10-11,133,931,6,10,108.0
2015-10-12,93,598,0,10,87.0
2015-10-13,108,699,1,10,85.0
2015-10-14,87,715,2,10,115.0
2015-10-15,85,752,3,10,127.0
2015-10-16,115,745,4,10,152.0
2015-10-17,127,870,5,10,88.0
2015-10-18,152,904,6,10,89.0
2015-10-19,88,586,0,10,114.0
2015-10-20,89,683,1,10,115.0
2015-10-21,114,697,2,10,121.0
2015-10-22,115,765,3,10,138.0
2015-10-23,121,830,4,10,138.0
2015-10-24,138,873,5,10,81.0
2015-10-25,138,869,6,10,92.0
2015-10-26,81,617,0,10,110.0
2015-10-27,92,742,1,10,103.0
2015-10-28,110,719,2,10,129.0
2015-10-29,103,774,3,10,115.0
2015-10-30,129,776,4,10,164.0
2015-10-31,115,792,5,10,85.0
2015-11-01,164,996,6,11,113.0
2015-11-02,85,638,0,11,122.0
2015-11-03,113,743,1,11,112.0
2015-11-04,122,704,2,11,127.0
2015-11-05,112,842,3,11,138.0
2015-11-06,127,866,4,11,138.0
2015-11-07,138,899,5,11,113.0
2015-11-08,138,954,6,11,116.0
2015-11-09,113,630,0,11,100.0
2015-11-10,116,734,1,11,123.0
2015-11-11,100,763,2,11,128.0
2015-11-12,123,832,3,11,126.0
2015-11-13,128,840,4,11,134.0
2015-11-14,126,862,5,11,95.0
2015-11-15,134,969,6,11,122.0
2015-11-16,95,681,0,11,106.0
2015-11-17,122,757,1,11,120.0
2015-11-18,106,697,2,11,140.0
2015-11-19,120,818,3,11,136.0
2015-11-20,140,869,4,11,139.0
2015-11-21,136,905,5,11,89.0
2015-11-22,139,919,6,11,117.0
2015-11-23,89,590,0,11,111.0
2015-11-24,117,779,1,11,112.0
2015-11-25,111,736,2,11,133.0
2015-11-26,112,823,3,11,127.0
2015-11-27,133,934,4,11,137.0
2015-11-28,127,915,5,11,78.0
2015-11-29,137,936,6,11,82.0
2015-11-30,78,662,0,11,86.0
2015-12-01,82,507,1,12,93.0
2015-12-02,86,514,2,12,99.0
2015-12-03,93,571,3,12,103.0
2015-12-04,99,622,4,12,95.0
2015-12-05,103,634,5,12,56.0
2015-12-06,95,708,6,12,85.0
2015-12-07,56,429,0,12,74.0
2015-12-08,85,520,1,12,80.0
2015-12-09,74,537,2,12,87.0
2015-12-10,80,578,3,12,91.0
2015-12-11,87,586,4,12,101.0
2015-12-12,91,604,5,12,58.0
2015-12-13,101,753,6,12,74.0
2015-12-14,58,452,0,12,70.0
2015-12-15,74,519,1,12,96.0
2015-12-16,70,532,2,12,89.0
2015-12-17,96,480,3,12,98.0
2015-12-18,89,600,4,12,110.0
2015-12-19,98,597,5,12,62.0
2015-12-20,110,708,6,12,71.0
2015-12-21,62,501,0,12,70.0
2015-12-22,71,517,1,12,74.0
2015-12-23,70,513,2,12,71.0
2015-12-24,74,574,3,12,90.0
2015-12-25,71,602,4,12,97.0
2015-12-26,90,693,5,12,63.0
2015-12-27,97,684,6,12,81.0
2015-12-28,63,469,0,12,75.0
2015-12-29,81,517,1,12,68.0
2015-12-30,75,562,2,12,90.0
2015-12-31,68,534,3,12,120.0
2016-01-01,90,542,4,1,119.0
2016-01-02,120,663,5,1,58.0
2016-01-03,119,724,6,1,67.0
2016-01-04,58,466,0,1,72.0
2016-01-05,67,479,1,1,101.0
2016-01-06,72,515,2,1,82.0
2016-01-07,101,576,3,1,110.0
2016-01-08,82,602,4,1,93.0
2016-01-09,110,627,5,1,75.0
2016-01-10,93,652,6,1,75.0
2016-01-11,75,452,0,1,71.0
2016-01-12,75,524,1,1,78.0
2016-01-13,71,505,2,1,84.0
2016-01-14,78,553,3,1,101.0
2016-01-15,84,565,4,1,105.0
2016-01-16,101,638,5,1,70.0
2016-01-17,105,689,6,1,77.0
2016-01-18,70,444,0,1,82.0
2016-01-19,77,537,1,1,91.0
2016-01-20,82,530,2,1,88.0
2016-01-21,91,587,3,1,85.0
2016-01-22,88,587,4,1,104.0
2016-01-23,85,643,5,1,62.0
2016-01-24,104,680,6,1,80.0
2016-01-25,62,478,0,1,81.0
2016-01-26,80,492,1,1,86.0
2016-01-27,81,525,2,1,88.0
2016-01-28,86,540,3,1,96.0
2016-01-29,88,610,4,1,93.0
2016-01-30,96,648,5,1,60.0
2016-01-31,93,687,6,1,94.0
2016-02-01,60,473,0,2,76.0
2016-02-02,94,565,1,2,88.0
2016-02-03,76,595,2,2,104.0
2016-02-04,88,598,3,2,94.0
2016-02-05,104,660,4,2,100.0
2016-02-06,94,715,5,2,64.0
2016-02-07,100,699,6,2,70.0
2016-02-08,64,477,0,2,82.0
2016-02-09,70,606,1,2,91.0
2016-02-10,82,538,2,2,94.0
2016-02-11,91,677,3,2,102.0
2016-02-12,94,648,4,2,93.0
2016-02-13,102,706,5,2,74.0
2016-02-14,93,707,6,2,94.0
2016-02-15,74,493,0,2,72.0
2016-02-16,94,614,1,2,102.0
2016-02-17,72,589,2,2,98.0
2016-02-18,102,581,3,2,101.0
2016-02-19,98,683,4,2,100.0
2016-02-20,101,729,5,2,67.0
2016-02-21,100,753,6,2,86.0
2016-02-22,67,505,0,2,70.0
2016-02-23,86,554,1,2,82.0
2016-02-24,70,561,2,2,102.0
2016-02-25,82,640,3,2,113.0
2016-02-26,102,639,4,2,103.0
2016-02-27,113,694,5,2,65.0
2016-02-28,103,734,6,2,124.0
2016-02-29,65,501,0,2,97.0
2016-03-01,124,684,1,3,115.0
2016-03-02,97,684,2,3,130.0
2016-03-03,115,759,3,3,135.0
2016-03-04,130,812,4,3,149.0
2016-03-05,135,834,5,3,92.0
2016-03-06,149,940,6,3,103.0
2016-03-07,92,592,0,3,99.0
2016-03-08,103,671,1,3,104.0
2016-03-09,99,723,2,3,125.0
2016-03-10,104,740,3,3,111.0
2016-03-11,125,787,4,3,127.0
2016-03-12,111,858,5,3,82.0
2016-03-13,127,866,6,3,101.0
2016-03-14,82,598,0,3,97.0
2016-03-15,101,673,1,3,109.0
2016-03-16,97,704,2,3,113.0
2016-03-17,109,765,3,3,124.0
2016-03-18,113,814,4,3,135.0
2016-03-19,124,871,5,3,85.0
2016-03-20,135,896,6,3,107.0
2016-03-21,85,643,0,3,100.0
2016-03-22,107,679,1,3,116.0
2016-03-23,100,738,2,3,111.0
2016-03-24,116,775,3,3,109.0
2016-03-25,111,778,4,3,126.0
2016-03-26,109,857,5,3,87.0
2016-03-27,126,925,6,3,104.0
2016-03-28,87,585,0,3,114.0
2016-03-29,104,694,1,3,106.0
2016-03-30,114,719,2,3,126.0
2016-03-31,106,703,3,3,169.0
2016-04-01,126,914,4,4,158.0
2016-04-02,169,946,5,4,109.0
2016-04-03,158,1044,6,4,117.0
2016-04-04,109,704,0,4,123.0
2016-04-05,117,835,1,4,153.0
2016-04-06,123,799,2,4,116.0
2016-04-07,153,903,3,4,136.0
2016-04-08,116,892,4,4,142.0
2016-04-09,136,1021,5,4,93.0
2016-04-10,142,1034,6,4,109.0
2016-04-11,93,692,0,4,100.0
2016-04-12,109,822,1,4,151.0
2016-04-13,100,860,2,4,146.0
2016-04-14,151,891,3,4,141.0
2016-04-15,146,992,4,4,178.0
2016-04-16,141,958,5,4,92.0
2016-04-17,178,1112,6,4,123.0
2016-04-18,92,739,0,4,120.0
2016-04-19,123,775,1,4,122.0
2016-04-20,120,796,2,4,122.0
2016-04-21,122,851,3,4,182.0
2016-04-22,122,930,4,4,143.0
2016-04-23,182,988,5,4,118.0
2016-04-24,143,1013,6,4,118.0
2016-04-25,118,693,0,4,116.0
2016-04-26,118,817,1,4,148.0
2016-04-27,116,792,2,4,137.0
2016-04-28,148,853,3,4,148.0
2016-04-29,137,906,4,4,160.0
2016-04-30,148,1024,5,4,107.0
2016-05-01,160,1127,6,5,130.0
2016-05-02,107,765,0,5,131.0
2016-05-03,130,859,1,5,140.0
2016-05-04,131,934,2,5,141.0
2016-05-05,140,922,3,5,140.0
2016-05-06,141,938,4,5,165.0
2016-05-07,140,1033,5,5,94.0
2016-05-08,165,1113,6,5,125.0
2016-05-09,94,751,0,5,132.0
2016-05-10,125,873,1,5,153.0
2016-05-11,132,878,2,5,156.0
2016-05-12,153,922,3,5,156.0
2016-05-13,156,967,4,5,159.0
2016-05-14,156,1005,5,5,117.0
2016-05-15,159,1156,6,5,134.0
2016-05-16,117,756,0,5,133.0
2016-05-17,134,854,1,5,130.0
2016-05-18,133,893,2,5,153.0
2016-05-19,130,932,3,5,163.0
2016-05-20,153,949,4,5,161.0
2016-05-21,163,1092,5,5,114.0
2016-05-22,161,1118,6,5,120.0
2016-05-23,114,743,0,5,127.0
2016-05-24,120,811,1,5,124.0
2016-05-25,127,921,2,5,135.0
2016-05-26,124,885,3,5,165.0
2016-05-27,135,965,4,5,159.0
2016-05-28,165,1090,5,5,109.0
2016-05-29,159,1196,6,5,134.0
2016-05-30,109,726,0,5,142.0
2016-05-31,134,869,1,5,167.0
2016-06-01,142,938,2,6,149.0
2016-06-02,167,977,3,6,155.0
2016-06-03,149,1044,4,6,180.0
2016-06-04,155,1136,5,6,120.0
2016-06-05,180,1169,6,6,133.0
2016-06-06,120,841,0,6,147.0
2016-06-07,133,880,1,6,153.0
2016-06-08,147,964,2,6,145.0
2016-06-09,153,976,3,6,155.0
2016-06-10,145,1020,4,6,155.0
2016-06-11,155,1113,5,6,138.0
2016-06-12,155,1216,6,6,144.0
2016-06-13,138,803,0,6,117.0
2016-06-14,144,933,1,6,138.0
2016-06-15,117,880,2,6,147.0
2016-06-16,138,987,3,6,148.0
2016-06-17,147,1055,4,6,170.0
2016-06-18,148,1063,5,6,127.0
2016-06-19,170,1218,6,6,133.0
2016-06-20,127,795,0,6,152.0
2016-06-21,133,908,1,6,155.0
2016-06-22,152,965,2,6,136.0
2016-06-23,155,1006,3,6,140.0
2016-06-24,136,1028,4,6,167.0
2016-06-25,140,1166,5,6,124.0
2016-06-26,167,1201,6,6,125.0
2016-06-27,124,775,0,6,145.0
2016-06-28,125,926,1,6,136.0
2016-06-29,145,902,2,6,167.0
2016-06-30,136,1023,3,6,171.0
2016-07-01,167,1143,4,7,197.0
2016-07-02,171,1167,5,7,124.0
2016-07-03,197,1246,6,7,143.0
2016-07-04,124,823,0,7,153.0
2016-07-05,143,991,1,7,131.0
2016-07-06,153,980,2,7,149.0
2016-07-07,131,1085,3,7,185.0
2016-07-08,149,1139,4,7,207.0
2016-07-09,185,1202,5,7,118.0
2016-07-10,207,1277,6,7,143.0
2016-07-11,118,859,0,7,135.0
2016-07-12,143,999,1,7,151.0
2016-07-13,135,1013,2,7,160.0
2016-07-14,151,1058,3,7,181.0
2016-07-15,160,1132,4,7,209.0
2016-07-16,181,1206,5,7,101.0
2016-07-17,209,1235,6,7,138.0
2016-07-18,101,809,0,7,131.0
2016-07-19,138,974,1,7,168.0
2016-07-20,131,1034,2,7,164.0
2016-07-21,168,1085,3,7,163.0
2016-07-22,164,1147,4,7,173.0
2016-07-23,163,1218,5,7,116.0
2016-07-24,173,1281,6,7,125.0
2016-07-25,116,870,0,7,158.0
2016-07-26,125,1003,1,7,190.0
2016-07-27,158,959,2,7,148.0
2016-07-28,190,1097,3,7,165.0
2016-07-29,148,1082,4,7,187.0
2016-07-30,165,1268,5,7,110.0
2016-07-31,187,1276,6,7,134.0
2016-08-01,110,714,0,8,128.0
2016-08-02,134,901,1,8,129.0
2016-08-03,128,878,2,8,135.0
2016-08-04,129,948,3,8,170.0
2016-08-05,135,1006,4,8,163.0
2016-08-06,170,1098,5,8,109.0
2016-08-07,163,1189,6,8,132.0
2016-08-08,109,694,0,8,134.0
2016-08-09,132,892,1,8,145.0
2016-08-10,134,813,2,8,165.0
2016-08-11,145,882,3,8,151.0
2016-08-12,165,935,4,8,152.0
2016-08-13,151,1040,5,8,98.0
2016-08-14,152,1091,6,8,129.0
2016-08-15,98,719,0,8,132.0
2016-08-16,129,866,1,8,121.0
2016-08-17,132,910,2,8,148.0
2016-08-18,121,893,3,8,138.0
2016-08-19,148,1002,4,8,154.0
2016-08-20,138,1061,5,8,101.0
2016-08-21,154,1097,6,8,116.0
2016-08-22,101,818,0,8,113.0
2016-08-23,116,852,1,8,151.0
2016-08-24,113,865,2,8,119.0
2016-08-25,151,931,3,8,150.0
2016-08-26,119,1000,4,8,167.0
2016-08-27,150,997,5,8,107.0
2016-08-28,167,1098,6,8,115.0
2016-08-29,107,727,0,8,100.0
2016-08-30,115,928,1,8,122.0
2016-08-31,100,877,2,8,125.0
2016-09-01,122,867,3,9,143.0
2016-09-02,125,873,4,9,158.0
2016-09-03,143,960,5,9,110.0
2016-09-04,158,987,6,9,138.0
2016-09-05,110,684,0,9,102.0
2016-09-06,138,824,1,9,137.0
2016-09-07,102,829,2,9,138.0
2016-09-08,137,901,3,9,130.0
2016-09-09,138,910,4,9,161.0
2016-09-10,130,1020,5,9,107.0
2016-09-11,161,995,6,9,132.0
2016-09-12,107,704,0,9,111.0
2016-09-13,132,775,1,9,122.0
2016-09-14,111,809,2,9,139.0
2016-09-15,122,857,3,9,151.0
2016-09-16,139,919,4,9,159.0
2016-09-17,151,1043,5,9,110.0
2016-09-18,159,1017,6,9,136.0
2016-09-19,110,712,0,9,108.0
2016-09-20,136,829,1,9,118.0
2016-09-21,108,833,2,9,135.0
2016-09-22,118,866,3,9,144.0
2016-09-23,135,927,4,9,154.0
2016-09-24,144,1012,5,9,101.0
2016-09-25,154,1060,6,9,121.0
2016-09-26,101,691,0,9,116.0
2016-09-27,121,828,1,9,114.0
2016-09-28,116,799,2,9,143.0
2016-09-29,114,834,3,9,147.0
2016-09-30,143,969,4,9,152.0
2016-10-01,147,931,5,10,91.0
2016-10-02,152,955,6,10,92.0
2016-10-03,91,679,0,10,102.0
2016-10-04,92,750,1,10,117.0
2016-10-05,102,735,2,10,135.0
2016-10-06,117,784,3,10,157.0
2016-10-07,135,858,4,10,144.0
2016-10-08,157,893,5,10,88.0
2016-10-09,144,983,6,10,126.0
2016-10-10,88,638,0,10,111.0
2016-10-11,126,801,1,10,103.0
2016-10-12,111,792,2,10,131.0
2016-10-13,103,824,3,10,128.0
2016-10-14,131,845,4,10,152.0
2016-10-15,128,921,5,10,97.0
2016-10-16,152,926,6,10,114.0
2016-10-17,97,673,0,10,91.0
2016-10-18,114,750,1,10,96.0
2016-10-19,91,760,2,10,129.0
2016-10-20,96,863,3,10,124.0
2016-10-21,129,888,4,10,141.0
2016-10-22,124,936,5,10,94.0
2016-10-23,141,985,6,10,108.0
2016-10-24,94,626,0,10,123.0
2016-10-25,108,743,1,10,144.0
2016-10-26,123,713,2,10,133.0
2016-10-27,144,799,3,10,132.0
2016-10-28,133,863,4,10,141.0
2016-10-29,132,868,5,10,103.0
2016-10-30,141,946,6,10,101.0
2016-10-31,103,648,0,10,129.0
2016-11-01,101,762,1,11,142.0
2016-11-02,129,830,2,11,148.0
2016-11-03,142,823,3,11,151.0
2016-11-04,148,926,4,11,152.0
2016-11-05,151,1005,5,11,95.0
2016-11-06,152,1087,6,11,101.0
2016-11-07,95,690,0,11,130.0
2016-11-08,101,805,1,11,115.0
2016-11-09,130,833,2,11,140.0
2016-11-10,115,862,3,11,143.0
2016-11-11,140,903,4,11,179.0
2016-11-12,143,1012,5,11,86.0
2016-11-13,179,1067,6,11,138.0
2016-11-14,86,690,0,11,124.0
2016-11-15,138,806,1,11,126.0
2016-11-16,124,807,2,11,148.0
2016-11-17,126,861,3,11,145.0
2016-11-18,148,904,4,11,187.0
2016-11-19,145,950,5,11,82.0
2016-11-20,187,1117,6,11,107.0
2016-11-21,82,692,0,11,116.0
2016-11-22,107,797,1,11,133.0
2016-11-23,116,814,2,11,143.0
2016-11-24,133,889,3,11,140.0
2016-11-25,143,879,4,11,141.0
2016-11-26,140,1018,5,11,107.0
2016-11-27,141,1041,6,11,115.0
2016-11-28,107,679,0,11,113.0
2016-11-29,115,790,1,11,93.0
2016-11-30,113,844,2,11,106.0
2016-12-01,93,611,3,12,98.0
2016-12-02,106,613,4,12,97.0
2016-12-03,98,723,5,12,74.0
2016-12-04,97,741,6,12,82.0
2016-12-05,74,507,0,12,85.0
2016-12-06,82,545,1,12,82.0
2016-12-07,85,596,2,12,80.0
2016-12-08,82,627,3,12,106.0
2016-12-09,80,641,4,12,93.0
2016-12-10,106,647,5,12,76.0
2016-12-11,93,739,6,12,93.0
2016-12-12,76,506,0,12,85.0
2016-12-13,93,576,1,12,89.0
2016-12-14,85,568,2,12,98.0
2016-12-15,89,628,3,12,109.0
2016-12-16,98,694,4,12,93.0
2016-12-17,109,704,5,12,64.0
2016-12-18,93,695,6,12,90.0
2016-12-19,64,525,0,12,76.0
2016-12-20,90,581,1,12,82.0
2016-12-21,76,572,2,12,85.0
2016-12-22,82,636,3,12,135.0
2016-12-23,85,677,4,12,132.0
2016-12-24,135,683,5,12,61.0
2016-12-25,132,715,6,12,80.0
2016-12-26,61,496,0,12,83.0
2016-12-27,80,580,1,12,82.0
2016-12-28,83,571,2,12,94.0
2016-12-29,82,626,3,12,108.0
2016-12-30,94,633,4,12,108.0
2016-12-31,108,709,5,12,74.0
2017-01-01,108,699,6,1,87.0
2017-01-02,74,464,0,1,80.0
2017-01-03,87,584,1,1,86.0
2017-01-04,80,589,2,1,99.0
2017-01-05,86,636,3,1,105.0
2017-01-06,99,623,4,1,97.0
2017-01-07,105,648,5,1,75.0
2017-01-08,97,720,6,1,89.0
2017-01-09,75,454,0,1,82.0
2017-01-10,89,575,1,1,66.0
2017-01-11,82,553,2,1,116.0
2017-01-12,66,582,3,1,89.0
2017-01-13,116,610,4,1,97.0
2017-01-14,89,669,5,1,76.0
2017-01-15,97,700,6,1,84.0
2017-01-16,76,478,0,1,80.0
2017-01-17,84,545,1,1,98.0
2017-01-18,80,525,2,1,95.0
2017-01-19,98,582,3,1,86.0
2017-01-20,95,597,4,1,118.0
2017-01-21,86,673,5,1,82.0
2017-01-22,118,670,6,1,69.0
2017-01-23,82,501,0,1,74.0
2017-01-24,69,570,1,1,88.0
2017-01-25,74,532,2,1,86.0
2017-01-26,88,566,3,1,94.0
2017-01-27,86,623,4,1,80.0
2017-01-28,94,650,5,1,71.0
2017-01-29,80,684,6,1,85.0
2017-01-30,71,451,0,1,87.0
2017-01-31,85,536,1,1,79.0
2017-02-01,87,633,2,2,109.0
2017-02-02,79,662,3,2,131.0
2017-02-03,109,682,4,2,119.0
2017-02-04,131,741,5,2,74.0
2017-02-05,119,786,6,2,89.0
2017-02-06,74,516,0,2,90.0
2017-02-07,89,622,1,2,79.0
2017-02-08,90,591,2,2,100.0
2017-02-09,79,598,3,2,109.0
2017-02-10,100,682,4,2,132.0
2017-02-11,109,742,5,2,72.0
2017-02-12,132,771,6,2,97.0
2017-02-13,72,531,0,2,102.0
2017-02-14,97,607,1,2,83.0
2017-02-15,102,646,2,2,104.0
2017-02-16,83,647,3,2,96.0
2017-02-17,104,702,4,2,107.0
2017-02-18,96,699,5,2,72.0
2017-02-19,107,761,6,2,71.0
2017-02-20,72,519,0,2,77.0
2017-02-21,71,611,1,2,99.0
2017-02-22,77,593,2,2,107.0
2017-02-23,99,646,3,2,111.0
2017-02-24,107,685,4,2,120.0
2017-02-25,111,693,5,2,70.0
2017-02-26,120,760,6,2,88.0
2017-02-27,70,521,0,2,118.0
2017-02-28,88,585,1,2,109.0
2017-03-01,118,677,2,3,141.0
2017-03-02,109,733,3,3,133.0
2017-03-03,141,850,4,3,136.0
2017-03-04,133,921,5,3,98.0
2017-03-05,136,928,6,3,103.0
2017-03-06,98,587,0,3,98.0
2017-03-07,103,736,1,3,110.0
2017-03-08,98,724,2,3,111.0
2017-03-09,110,753,3,3,126.0
2017-03-10,111,839,4,3,118.0
2017-03-11,126,895,5,3,87.0
2017-03-12,118,966,6,3,115.0
2017-03-13,87,646,0,3,122.0
2017-03-14,115,744,1,3,114.0
2017-03-15,122,730,2,3,127.0
2017-03-16,114,705,3,3,135.0
2017-03-17,127,812,4,3,148.0
2017-03-18,135,907,5,3,78.0
2017-03-19,148,911,6,3,72.0
2017-03-20,78,613,0,3,121.0
2017-03-21,72,723,1,3,96.0
2017-03-22,121,676,2,3,94.0
2017-03-23,96,771,3,3,128.0
2017-03-24,94,808,4,3,131.0
2017-03-25,128,905,5,3,83.0
2017-03-26,131,920,6,3,96.0
2017-03-27,83,680,0,3,100.0
2017-03-28,96,700,1,3,116.0
2017-03-29,100,674,2,3,105.0
2017-03-30,116,725,3,3,148.0
2017-03-31,105,816,4,3,170.0
2017-04-01,148,1003,5,4,119.0
2017-04-02,170,1108,6,4,105.0
2017-04-03,119,718,0,4,115.0
2017-04-04,105,889,1,4,134.0
2017-04-05,115,800,2,4,163.0
2017-04-06,134,899,3,4,138.0
2017-04-07,163,974,4,4,146.0
2017-04-08,138,1020,5,4,103.0
2017-04-09,146,1038,6,4,122.0
2017-04-10,103,782,0,4,113.0
2017-04-11,122,843,1,4,122.0
2017-04-12,113,898,2,4,150.0
2017-04-13,122,907,3,4,138.0
2017-04-14,150,916,4,4,162.0
2017-04-15,138,1020,5,4,113.0
2017-04-16,162,1119,6,4,116.0
2017-04-17,113,721,0,4,110.0
2017-04-18,116,832,1,4,137.0
2017-04-19,110,792,2,4,148.0
2017-04-20,137,915,3,4,152.0
2017-04-21,148,972,4,4,162.0
2017-04-22,152,1041,5,4,96.0
2017-04-23,162,1088,6,4,126.0
2017-04-24,96,736,0,4,133.0
2017-04-25,126,910,1,4,137.0
2017-04-26,133,879,2,4,149.0
2017-04-27,137,898,3,4,144.0
2017-04-28,149,924,4,4,138.0
2017-04-29,144,1015,5,4,111.0
2017-04-30,138,1043,6,4,135.0
2017-05-01,111,773,0,5,120.0
2017-05-02,135,900,1,5,132.0
2017-05-03,120,914,2,5,147.0
2017-05-04,132,982,3,5,153.0
2017-05-05,147,1018,4,5,160.0
2017-05-06,153,1089,5,5,131.0
2017-05-07,160,1111,6,5,146.0
2017-05-08,131,778,0,5,114.0
2017-05-09,146,892,1,5,142.0
2017-05-10,114,903,2,5,142.0
2017-05-11,142,966,3,5,163.0
2017-05-12,142,1079,4,5,161.0
2017-05-13,163,1105,5,5,114.0
2017-05-14,161,1117,6,5,122.0
2017-05-15,114,748,0,5,123.0
2017-05-16,122,945,1,5,138.0
2017-05-17,123,901,2,5,137.0
2017-05-18,138,979,3,5,156.0
2017-05-19,137,1007,4,5,164.0
2017-05-20,156,1101,5,5,117.0
2017-05-21,164,1152,6,5,118.0
2017-05-22,117,760,0,5,129.0
2017-05-23,118,887,1,5,166.0
2017-05-24,129,885,2,5,153.0
2017-05-25,166,978,3,5,195.0
2017-05-26,153,1039,4,5,164.0
2017-05-27,195,1109,5,5,111.0
2017-05-28,164,1151,6,5,133.0
2017-05-29,111,746,0,5,134.0
2017-05-30,133,861,1,5,141.0
2017-05-31,134,889,2,5,163.0
2017-06-01,141,1003,3,6,149.0
2017-06-02,163,1125,4,6,196.0
2017-06-03,149,1154,5,6,131.0
2017-06-04,196,1211,6,6,154.0
2017-06-05,131,821,0,6,145.0
2017-06-06,154,977,1,6,143.0
2017-06-07,145,975,2,6,161.0
2017-06-08,143,1066,3,6,162.0
2017-06-09,161,1088,4,6,184.0
2017-06-10,162,1141,5,6,112.0
2017-06-11,184,1217,6,6,151.0
2017-06-12,112,837,0,6,159.0
2017-06-13,151,968,1,6,140.0
2017-06-14,159,964,2,6,166.0
2017-06-15,140,1025,3,6,179.0
2017-06-16,166,1133,4,6,190.0
2017-06-17,179,1129,5,6,99.0
2017-06-18,190,1234,6,6,156.0
2017-06-19,99,850,0,6,150.0
2017-06-20,156,1032,1,6,142.0
2017-06-21,150,973,2,6,157.0
2017-06-22,142,1059,3,6,155.0
2017-06-23,157,1118,4,6,198.0
2017-06-24,155,1124,5,6,110.0
2017-06-25,198,1201,6,6,150.0
2017-06-26,110,855,0,6,147.0
2017-06-27,150,986,1,6,151.0
2017-06-28,147,985,2,6,169.0
2017-06-29,151,1084,3,6,186.0
2017-06-30,169,1087,4,6,231.0
2017-07-01,186,1226,5,7,136.0
2017-07-02,231,1304,6,7,145.0
2017-07-03,136,844,0,7,162.0
2017-07-04,145,963,1,7,159.0
2017-07-05,162,1034,2,7,162.0
2017-07-06,159,1108,3,7,175.0
2017-07-07,162,1179,4,7,205.0
2017-07-08,175,1284,5,7,134.0
2017-07-09,205,1282,6,7,149.0
2017-07-10,134,815,0,7,150.0
2017-07-11,149,1040,1,7,152.0
2017-07-12,150,1050,2,7,172.0
2017-07-13,152,1076,3,7,169.0
2017-07-14,172,1115,4,7,194.0
2017-07-15,169,1255,5,7,149.0
2017-07-16,194,1306,6,7,141.0
2017-07-17,149,882,0,7,148.0
2017-07-18,141,1074,1,7,162.0
2017-07-19,148,1076,2,7,198.0
2017-07-20,162,1084,3,7,167.0
2017-07-21,198,1241,4,7,197.0
2017-07-22,167,1253,5,7,135.0
2017-07-23,197,1318,6,7,145.0
2017-07-24,135,848,0,7,134.0
2017-07-25,145,990,1,7,163.0
2017-07-26,134,1046,2,7,197.0
2017-07-27,163,1077,3,7,176.0
2017-07-28,197,1138,4,7,181.0
2017-07-29,176,1168,5,7,135.0
2017-07-30,181,1298,6,7,118.0
2017-07-31,135,914,0,7,138.0
2017-08-01,118,944,1,8,158.0
2017-08-02,138,872,2,8,148.0
2017-08-03,158,987,3,8,189.0
2017-08-04,148,1095,4,8,159.0
2017-08-05,189,1143,5,8,118.0
2017-08-06,159,1127,6,8,129.0
2017-08-07,118,742,0,8,145.0
2017-08-08,129,870,1,8,135.0
2017-08-09,145,922,2,8,138.0
2017-08-10,135,938,3,8,151.0
2017-08-11,138,1019,4,8,183.0
2017-08-12,151,1141,5,8,110.0
2017-08-13,183,1159,6,8,122.0
2017-08-14,110,746,0,8,128.0
2017-08-15,122,919,1,8,142.0
2017-08-16,128,930,2,8,143.0
2017-08-17,142,993,3,8,163.0
2017-08-18,143,1079,4,8,181.0
2017-08-19,163,1036,5,8,106.0
2017-08-20,181,1167,6,8,147.0
2017-08-21,106,776,0,8,137.0
2017-08-22,147,918,1,8,136.0
2017-08-23,137,903,2,8,151.0
2017-08-24,136,987,3,8,192.0
2017-08-25,151,976,4,8,168.0
2017-08-26,192,1122,5,8,104.0
2017-08-27,168,1101,6,8,138.0
2017-08-28,104,790,0,8,144.0
2017-08-29,138,896,1,8,131.0
2017-08-30,144,922,2,8,137.0
2017-08-31,131,940,3,8,143.0
2017-09-01,137,933,4,9,158.0
2017-09-02,143,1023,5,9,111.0
2017-09-03,158,1069,6,9,126.0
2017-09-04,111,740,0,9,118.0
2017-09-05,126,813,1,9,137.0
2017-09-06,118,804,2,9,137.0
2017-09-07,137,900,3,9,164.0
2017-09-08,137,987,4,9,136.0
2017-09-09,164,991,5,9,96.0
2017-09-10,136,1112,6,9,105.0
2017-09-11,96,713,0,9,133.0
2017-09-12,105,869,1,9,127.0
2017-09-13,133,857,2,9,123.0
2017-09-14,127,934,3,9,172.0
2017-09-15,123,947,4,9,155.0
2017-09-16,172,1030,5,9,110.0
2017-09-17,155,1072,6,9,114.0
2017-09-18,110,734,0,9,118.0
2017-09-19,114,880,1,9,131.0
2017-09-20,118,873,2,9,133.0
2017-09-21,131,862,3,9,163.0
2017-09-22,133,952,4,9,180.0
2017-09-23,163,1048,5,9,117.0
2017-09-24,180,1058,6,9,148.0
2017-09-25,117,697,0,9,122.0
2017-09-26,148,803,1,9,118.0
2017-09-27,122,790,2,9,119.0
2017-09-28,118,867,3,9,159.0
2017-09-29,119,954,4,9,152.0
2017-09-30,159,1044,5,9,90.0
2017-10-01,152,927,6,10,119.0
2017-10-02,90,675,0,10,117.0
2017-10-03,119,818,1,10,130.0
2017-10-04,117,831,2,10,117.0
2017-10-05,130,797,3,10,141.0
2017-10-06,117,866,4,10,159.0
2017-10-07,141,933,5,10,95.0
2017-10-08,159,1035,6,10,126.0
2017-10-09,95,681,0,10,118.0
2017-10-10,126,772,1,10,142.0
2017-10-11,118,783,2,10,124.0
2017-10-12,142,804,3,10,136.0
2017-10-13,124,924,4,10,135.0
2017-10-14,136,942,5,10,102.0
2017-10-15,135,1024,6,10,126.0
2017-10-16,102,675,0,10,115.0
2017-10-17,126,795,1,10,121.0
2017-10-18,115,793,2,10,120.0
2017-10-19,121,871,3,10,132.0
2017-10-20,120,913,4,10,139.0
2017-10-21,132,941,5,10,103.0
2017-10-22,139,993,6,10,113.0
2017-10-23,103,689,0,10,104.0
2017-10-24,113,807,1,10,129.0
2017-10-25,104,800,2,10,134.0
2017-10-26,129,873,3,10,139.0
2017-10-27,134,890,4,10,134.0
2017-10-28,139,914,5,10,96.0
2017-10-29,134,1035,6,10,113.0
2017-10-30,96,631,0,10,112.0
2017-10-31,113,808,1,10,132.0
2017-11-01,112,857,2,11,133.0
2017-11-02,132,898,3,11,148.0
2017-11-03,133,987,4,11,166.0
2017-11-04,148,1012,5,11,96.0
2017-11-05,166,1117,6,11,118.0
2017-11-06,96,728,0,11,113.0
2017-11-07,118,854,1,11,117.0
2017-11-08,113,870,2,11,146.0
2017-11-09,117,908,3,11,143.0
2017-11-10,146,1008,4,11,174.0
2017-11-11,143,1010,5,11,110.0
2017-11-12,174,1094,6,11,132.0
2017-11-13,110,708,0,11,111.0
2017-11-14,132,911,1,11,137.0
2017-11-15,111,858,2,11,133.0
2017-11-16,137,986,3,11,127.0
2017-11-17,133,992,4,11,150.0
2017-11-18,127,1042,5,11,109.0
2017-11-19,150,1100,6,11,120.0
2017-11-20,109,685,0,11,132.0
2017-11-21,120,816,1,11,132.0
2017-11-22,132,867,2,11,168.0
2017-11-23,132,850,3,11,168.0
2017-11-24,168,963,4,11,143.0
2017-11-25,168,947,5,11,102.0
2017-11-26,143,1073,6,11,125.0
2017-11-27,102,723,0,11,125.0
2017-11-28,125,860,1,11,124.0
2017-11-29,125,822,2,11,103.0
2017-11-30,124,875,3,11,108.0
2017-12-01,103,669,4,12,106.0
2017-12-02,108,773,5,12,74.0
2017-12-03,106,823,6,12,75.0
2017-12-04,74,558,0,12,80.0
2017-12-05,75,590,1,12,115.0
2017-12-06,80,624,2,12,83.0
2017-12-07,115,624,3,12,116.0
2017-12-08,83,696,4,12,111.0
2017-12-09,116,760,5,12,73.0
2017-12-10,111,786,6,12,106.0
2017-12-11,73,530,0,12,66.0
2017-12-12,106,601,1,12,108.0
2017-12-13,66,609,2,12,100.0
2017-12-14,108,658,3,12,111.0
2017-12-15,100,673,4,12,113.0
2017-12-16,111,748,5,12,79.0
2017-12-17,113,755,6,12,96.0
2017-12-18,79,523,0,12,84.0
2017-12-19,96,602,1,12,99.0
2017-12-20,84,624,2,12,103.0
2017-12-21,99,625,3,12,108.0
2017-12-22,103,714,4,12,117.0
2017-12-23,108,719,5,12,82.0
2017-12-24,117,754,6,12,80.0
2017-12-25,82,514,0,12,105.0
2017-12-26,80,620,1,12,89.0
2017-12-27,105,565,2,12,101.0
2017-12-28,89,586,3,12,104.0
2017-12-29,101,677,4,12,106.0
