date,  open  ,  high  ,  low  ,  close  ,  Adj Close  ,  volume  
2016-01-04,243000.0 ,245000.0 ,234500.0 ,234500.0 ,226586.0 ,173905.0 
2016-01-05,236000.0 ,244000.0 ,234000.0 ,241000.0 ,232866.0 ,182985.0 
2016-01-06,241000.0 ,243000.0 ,237500.0 ,239000.0 ,230934.0 ,108574.0 
2016-01-07,237000.0 ,243000.0 ,236000.0 ,240500.0 ,232383.0 ,113376.0 
2016-01-08,240500.0 ,242500.0 ,235000.0 ,241500.0 ,233349.0 ,81557.0 
2016-01-11,238000.0 ,241500.0 ,236000.0 ,239000.0 ,230934.0 ,84152.0 
2016-01-12,240000.0 ,246000.0 ,237000.0 ,237500.0 ,229484.0 ,86196.0 
2016-01-13,239000.0 ,245000.0 ,238000.0 ,242500.0 ,234316.0 ,90207.0 
2016-01-14,239000.0 ,240500.0 ,235000.0 ,240000.0 ,231900.0 ,96090.0 
2016-01-15,243500.0 ,243500.0 ,234500.0 ,234500.0 ,226586.0 ,99523.0 
2016-01-18,233000.0 ,237500.0 ,231000.0 ,232000.0 ,224170.0 ,74060.0 
2016-01-19,232000.0 ,238500.0 ,232000.0 ,237500.0 ,229484.0 ,76550.0 
2016-01-20,236500.0 ,237500.0 ,217500.0 ,219500.0 ,212092.0 ,257290.0 
2016-01-21,219000.0 ,227000.0 ,218500.0 ,219000.0 ,211609.0 ,147015.0 
2016-01-22,222500.0 ,231500.0 ,222500.0 ,229500.0 ,221754.0 ,210484.0 
2016-01-25,231000.0 ,232000.0 ,225500.0 ,230000.0 ,222238.0 ,127984.0 
2016-01-26,230000.0 ,236000.0 ,227500.0 ,232000.0 ,224170.0 ,83313.0 
2016-01-27,234000.0 ,236000.0 ,229000.0 ,234000.0 ,226103.0 ,112469.0 
2016-01-28,231000.0 ,233000.0 ,228000.0 ,230000.0 ,222238.0 ,106476.0 
2016-01-29,229500.0 ,236500.0 ,227500.0 ,236000.0 ,228035.0 ,107965.0 
2016-02-01,236000.0 ,241000.0 ,235000.0 ,239500.0 ,231417.0 ,81910.0 
2016-02-02,238000.0 ,241000.0 ,231000.0 ,233500.0 ,225619.0 ,98758.0 
2016-02-03,229000.0 ,231500.0 ,224500.0 ,225500.0 ,217889.0 ,87573.0 
2016-02-04,227500.0 ,235000.0 ,224000.0 ,233500.0 ,225619.0 ,94199.0 
2016-02-05,235000.0 ,237000.0 ,230500.0 ,236000.0 ,228035.0 ,73900.0 
2016-02-11,228500.0 ,231500.0 ,220000.0 ,224500.0 ,216923.0 ,146539.0 
2016-02-12,222000.0 ,222000.0 ,212500.0 ,217000.0 ,209676.0 ,190943.0 
2016-02-15,220000.0 ,222000.0 ,217500.0 ,218500.0 ,211126.0 ,93580.0 
2016-02-16,220000.0 ,226500.0 ,219000.0 ,223000.0 ,215474.0 ,120505.0 
2016-02-17,224000.0 ,228000.0 ,217500.0 ,218500.0 ,211126.0 ,139886.0 
2016-02-18,222500.0 ,230000.0 ,221500.0 ,229000.0 ,221271.0 ,206088.0 
2016-02-19,228000.0 ,233000.0 ,226000.0 ,233000.0 ,225136.0 ,98518.0 
2016-02-22,231000.0 ,232000.0 ,226500.0 ,230500.0 ,222721.0 ,77632.0 
2016-02-23,231000.0 ,234500.0 ,228500.0 ,230500.0 ,222721.0 ,110169.0 
2016-02-24,229500.0 ,241500.0 ,229500.0 ,239500.0 ,231417.0 ,185082.0 
2016-02-25,241000.0 ,244000.0 ,236500.0 ,240500.0 ,232383.0 ,125435.0 
2016-02-26,244000.0 ,258000.0 ,243000.0 ,249500.0 ,241079.0 ,234946.0 
2016-02-29,251000.0 ,254500.0 ,247000.0 ,248000.0 ,239630.0 ,187976.0 
2016-03-02,249000.0 ,252500.0 ,245000.0 ,248000.0 ,239630.0 ,125241.0 
2016-03-03,246000.0 ,249000.0 ,240500.0 ,249000.0 ,240596.0 ,172711.0 
2016-03-04,245000.0 ,249000.0 ,243500.0 ,243500.0 ,235282.0 ,105349.0 
2016-03-07,242500.0 ,246000.0 ,235000.0 ,237000.0 ,229001.0 ,203144.0 
2016-03-08,235000.0 ,237500.0 ,231000.0 ,233000.0 ,225136.0 ,131802.0 
2016-03-09,233000.0 ,235500.0 ,229500.0 ,235000.0 ,227069.0 ,136589.0 
2016-03-10,234000.0 ,241000.0 ,231000.0 ,236500.0 ,228518.0 ,185599.0 
2016-03-11,235000.0 ,237500.0 ,230000.0 ,231000.0 ,223204.0 ,181121.0 
2016-03-14,232000.0 ,232500.0 ,226500.0 ,229000.0 ,221271.0 ,211709.0 
2016-03-15,250500.0 ,258000.0 ,240500.0 ,242500.0 ,234316.0 ,894351.0 
2016-03-16,240500.0 ,246500.0 ,237500.0 ,244500.0 ,236248.0 ,233440.0 
2016-03-17,243500.0 ,247000.0 ,238500.0 ,238500.0 ,230451.0 ,163597.0 
2016-03-18,239000.0 ,246000.0 ,237500.0 ,238500.0 ,230451.0 ,247555.0 
2016-03-21,239500.0 ,242000.0 ,233000.0 ,235000.0 ,227069.0 ,147449.0 
2016-03-22,235500.0 ,242500.0 ,234500.0 ,242500.0 ,234316.0 ,169420.0 
2016-03-23,241500.0 ,242000.0 ,236500.0 ,237500.0 ,229484.0 ,136811.0 
2016-03-24,238000.0 ,238500.0 ,235500.0 ,236500.0 ,228518.0 ,128101.0 
2016-03-25,238000.0 ,238500.0 ,233000.0 ,234000.0 ,226103.0 ,103618.0 
2016-03-28,233500.0 ,233500.0 ,228000.0 ,229500.0 ,221754.0 ,137888.0 
2016-03-29,228500.0 ,234500.0 ,225500.0 ,229500.0 ,221754.0 ,192651.0 
2016-03-30,230500.0 ,230500.0 ,225000.0 ,227500.0 ,219822.0 ,165525.0 
2016-03-31,227500.0 ,228000.0 ,221000.0 ,223000.0 ,215474.0 ,233641.0 
2016-04-01,221500.0 ,226500.0 ,220500.0 ,223000.0 ,215474.0 ,168644.0 
2016-04-04,223000.0 ,225500.0 ,223000.0 ,224000.0 ,216440.0 ,112737.0 
2016-04-05,223500.0 ,223500.0 ,215000.0 ,217000.0 ,209676.0 ,213077.0 
2016-04-06,217000.0 ,218500.0 ,214500.0 ,216500.0 ,209193.0 ,148356.0 
2016-04-07,217500.0 ,219500.0 ,215500.0 ,217500.0 ,210159.0 ,114133.0 
2016-04-08,217500.0 ,219000.0 ,215000.0 ,218500.0 ,211126.0 ,108834.0 
2016-04-11,218500.0 ,223000.0 ,218000.0 ,222000.0 ,214508.0 ,107082.0 
2016-04-12,222500.0 ,226000.0 ,219500.0 ,223000.0 ,215474.0 ,149825.0 
2016-04-14,225000.0 ,231500.0 ,224500.0 ,231000.0 ,223204.0 ,193576.0 
2016-04-15,230000.0 ,231000.0 ,225500.0 ,228000.0 ,220305.0 ,111004.0 
2016-04-18,226000.0 ,227000.0 ,221500.0 ,226000.0 ,218373.0 ,124659.0 
2016-04-19,226000.0 ,228000.0 ,222500.0 ,226500.0 ,218856.0 ,106171.0 
2016-04-20,225500.0 ,227500.0 ,223000.0 ,223500.0 ,215957.0 ,81671.0 
2016-04-21,224500.0 ,229000.0 ,224000.0 ,228500.0 ,220788.0 ,101591.0 
2016-04-22,228500.0 ,228500.0 ,222500.0 ,224500.0 ,216923.0 ,89306.0 
2016-04-25,226000.0 ,233500.0 ,225500.0 ,233000.0 ,225136.0 ,199445.0 
2016-04-26,232500.0 ,235000.0 ,232000.0 ,234500.0 ,226586.0 ,107440.0 
2016-04-27,234000.0 ,234500.0 ,228000.0 ,229500.0 ,221754.0 ,138602.0 
2016-04-28,230000.0 ,231500.0 ,225000.0 ,227000.0 ,219339.0 ,133945.0 
2016-04-29,227000.0 ,227500.0 ,223000.0 ,224000.0 ,216440.0 ,91844.0 
2016-05-02,223000.0 ,224000.0 ,219000.0 ,219000.0 ,211609.0 ,107560.0 
2016-05-03,221000.0 ,221000.0 ,217000.0 ,219000.0 ,211609.0 ,110591.0 
2016-05-04,216500.0 ,218500.0 ,214000.0 ,216000.0 ,208710.0 ,123642.0 
2016-05-09,214500.0 ,215500.0 ,209000.0 ,212000.0 ,204845.0 ,169522.0 
2016-05-10,209500.0 ,213500.0 ,206000.0 ,213500.0 ,206294.0 ,144164.0 
2016-05-11,214000.0 ,215500.0 ,210000.0 ,214000.0 ,206778.0 ,147270.0 
2016-05-12,212000.0 ,215500.0 ,211500.0 ,213500.0 ,206294.0 ,93592.0 
2016-05-13,215500.0 ,225500.0 ,215000.0 ,224500.0 ,216923.0 ,316851.0 
2016-05-16,222000.0 ,228500.0 ,221000.0 ,228500.0 ,220788.0 ,153323.0 
2016-05-17,226500.0 ,227500.0 ,221500.0 ,226000.0 ,218373.0 ,190136.0 
2016-05-18,224500.0 ,226000.0 ,218500.0 ,221500.0 ,214024.0 ,145652.0 
2016-05-19,219500.0 ,224500.0 ,219500.0 ,224500.0 ,216923.0 ,122297.0 
2016-05-20,222000.0 ,230000.0 ,222000.0 ,230000.0 ,222238.0 ,134828.0 
2016-05-23,230000.0 ,231000.0 ,226000.0 ,228500.0 ,220788.0 ,95190.0 
2016-05-24,228500.0 ,234000.0 ,226500.0 ,231000.0 ,223204.0 ,168671.0 
2016-05-25,232500.0 ,233000.0 ,227500.0 ,228500.0 ,220788.0 ,92956.0 
2016-05-26,227500.0 ,230000.0 ,226500.0 ,227500.0 ,219822.0 ,78265.0 
2016-05-27,229500.0 ,234000.0 ,227500.0 ,234000.0 ,226103.0 ,141854.0 
2016-05-30,232500.0 ,235000.0 ,228500.0 ,231500.0 ,223687.0 ,110370.0 
2016-05-31,231000.0 ,236000.0 ,226500.0 ,229000.0 ,221271.0 ,1137778.0 
2016-06-01,229000.0 ,229500.0 ,222500.0 ,222500.0 ,214991.0 ,186213.0 
2016-06-02,222000.0 ,224500.0 ,219500.0 ,223000.0 ,215474.0 ,110066.0 
2016-06-03,221500.0 ,223000.0 ,215500.0 ,221000.0 ,213541.0 ,186941.0 
2016-06-07,223000.0 ,223000.0 ,217500.0 ,220500.0 ,213058.0 ,126826.0 
2016-06-08,223000.0 ,225500.0 ,219000.0 ,224000.0 ,216440.0 ,120644.0 
2016-06-09,223500.0 ,225000.0 ,221000.0 ,224500.0 ,216923.0 ,146984.0 
2016-06-10,222500.0 ,224000.0 ,219500.0 ,220000.0 ,212575.0 ,114094.0 
2016-06-13,219500.0 ,219500.0 ,216000.0 ,217000.0 ,209676.0 ,85043.0 
2016-06-14,217000.0 ,218500.0 ,214500.0 ,215000.0 ,207744.0 ,100269.0 
2016-06-15,215000.0 ,220500.0 ,214500.0 ,215000.0 ,207744.0 ,100155.0 
2016-06-16,215500.0 ,216500.0 ,213500.0 ,214500.0 ,207261.0 ,56173.0 
2016-06-17,216500.0 ,216500.0 ,210000.0 ,211500.0 ,204362.0 ,106720.0 
2016-06-20,214500.0 ,215000.0 ,211000.0 ,214000.0 ,206778.0 ,59581.0 
2016-06-21,212500.0 ,215500.0 ,212500.0 ,215000.0 ,207744.0 ,49917.0 
2016-06-22,215000.0 ,218000.0 ,214000.0 ,217500.0 ,210159.0 ,69144.0 
2016-06-23,216000.0 ,217500.0 ,212500.0 ,213000.0 ,205811.0 ,74557.0 
2016-06-24,214000.0 ,217000.0 ,200500.0 ,205500.0 ,198564.0 ,255329.0 
2016-06-27,200500.0 ,204000.0 ,199000.0 ,202500.0 ,195666.0 ,149844.0 
2016-06-28,199500.0 ,202000.0 ,199000.0 ,200000.0 ,193250.0 ,182890.0 
2016-06-29,201500.0 ,203500.0 ,199500.0 ,201500.0 ,194699.0 ,106782.0 
2016-06-30,203000.0 ,204500.0 ,201500.0 ,202500.0 ,195666.0 ,109791.0 
2016-07-01,203500.0 ,208000.0 ,202500.0 ,204000.0 ,197115.0 ,127650.0 
2016-07-04,204500.0 ,207500.0 ,204000.0 ,205000.0 ,198081.0 ,94291.0 
2016-07-05,205500.0 ,206000.0 ,202500.0 ,203000.0 ,196149.0 ,64425.0 
2016-07-06,202500.0 ,204500.0 ,199000.0 ,201000.0 ,194216.0 ,97305.0 
2016-07-07,203500.0 ,205000.0 ,202000.0 ,202500.0 ,195666.0 ,57587.0 
2016-07-08,202500.0 ,204000.0 ,200500.0 ,203000.0 ,196149.0 ,57054.0 
2016-07-11,204500.0 ,211000.0 ,203500.0 ,208000.0 ,200980.0 ,116207.0 
2016-07-12,211000.0 ,211000.0 ,207500.0 ,209000.0 ,201946.0 ,88539.0 
2016-07-13,209000.0 ,213500.0 ,208500.0 ,213000.0 ,205811.0 ,111821.0 
2016-07-14,213500.0 ,214000.0 ,209500.0 ,214000.0 ,206778.0 ,82536.0 
2016-07-15,214500.0 ,214500.0 ,209500.0 ,211000.0 ,203879.0 ,101853.0 
2016-07-18,211000.0 ,213000.0 ,209000.0 ,212000.0 ,204845.0 ,44939.0 
2016-07-19,212000.0 ,212000.0 ,210000.0 ,212000.0 ,204845.0 ,56491.0 
2016-07-20,211000.0 ,212500.0 ,209000.0 ,212500.0 ,205328.0 ,56620.0 
2016-07-21,212500.0 ,212500.0 ,206500.0 ,208500.0 ,201463.0 ,90547.0 
2016-07-22,207500.0 ,210000.0 ,206500.0 ,209000.0 ,201946.0 ,48539.0 
2016-07-25,210000.0 ,211500.0 ,209000.0 ,211000.0 ,203879.0 ,64348.0 
2016-07-26,211000.0 ,214000.0 ,210000.0 ,213500.0 ,206294.0 ,73431.0 
2016-07-27,212000.0 ,213500.0 ,210500.0 ,210500.0 ,203396.0 ,47794.0 
2016-07-28,210500.0 ,213000.0 ,206000.0 ,209000.0 ,201946.0 ,108681.0 
2016-07-29,208000.0 ,210000.0 ,206000.0 ,208500.0 ,201463.0 ,88583.0 
2016-08-01,208500.0 ,210000.0 ,207500.0 ,209500.0 ,202429.0 ,83923.0 
2016-08-02,208500.0 ,210500.0 ,207000.0 ,208000.0 ,200980.0 ,78018.0 
2016-08-03,206500.0 ,209000.0 ,206000.0 ,207500.0 ,200497.0 ,61051.0 
2016-08-04,208500.0 ,217000.0 ,207500.0 ,216500.0 ,209193.0 ,151970.0 
2016-08-05,216500.0 ,223000.0 ,214000.0 ,223000.0 ,215474.0 ,209570.0 
2016-08-08,223000.0 ,225000.0 ,221500.0 ,225000.0 ,217406.0 ,102624.0 
2016-08-09,224500.0 ,227000.0 ,222500.0 ,226500.0 ,218856.0 ,112206.0 
2016-08-10,224500.0 ,225000.0 ,221500.0 ,222500.0 ,214991.0 ,85745.0 
2016-08-11,221500.0 ,224500.0 ,221000.0 ,224000.0 ,216440.0 ,84687.0 
2016-08-12,224000.0 ,230000.0 ,223000.0 ,226500.0 ,218856.0 ,114054.0 
2016-08-16,226500.0 ,228500.0 ,225000.0 ,226500.0 ,218856.0 ,75504.0 
2016-08-17,226500.0 ,229500.0 ,225500.0 ,227500.0 ,219822.0 ,91425.0 
2016-08-18,227500.0 ,227500.0 ,222000.0 ,224000.0 ,216440.0 ,108006.0 
2016-08-19,222500.0 ,223500.0 ,214000.0 ,214500.0 ,207261.0 ,205429.0 
2016-08-22,212000.0 ,213500.0 ,209000.0 ,212000.0 ,204845.0 ,95295.0 
2016-08-23,212000.0 ,214500.0 ,210500.0 ,210500.0 ,203396.0 ,64021.0 
2016-08-24,210500.0 ,216000.0 ,210500.0 ,214500.0 ,207261.0 ,60623.0 
2016-08-25,214500.0 ,217000.0 ,211500.0 ,214000.0 ,206778.0 ,84990.0 
2016-08-26,213500.0 ,215500.0 ,211500.0 ,213000.0 ,205811.0 ,66707.0 
2016-08-29,211500.0 ,213500.0 ,210000.0 ,211500.0 ,204362.0 ,61167.0 
2016-08-30,211000.0 ,213500.0 ,210500.0 ,211500.0 ,204362.0 ,61464.0 
2016-08-31,212500.0 ,213000.0 ,210000.0 ,212000.0 ,204845.0 ,84126.0 
2016-09-01,210500.0 ,210500.0 ,205500.0 ,209500.0 ,202429.0 ,91738.0 
2016-09-02,209500.0 ,210500.0 ,207500.0 ,208500.0 ,201463.0 ,52809.0 
2016-09-05,208000.0 ,212000.0 ,208000.0 ,211000.0 ,203879.0 ,50419.0 
2016-09-06,210500.0 ,212500.0 ,210000.0 ,212000.0 ,204845.0 ,58656.0 
2016-09-07,211500.0 ,219500.0 ,211000.0 ,218500.0 ,211126.0 ,164769.0 
2016-09-08,218500.0 ,218500.0 ,213000.0 ,213500.0 ,206294.0 ,112565.0 
2016-09-09,212500.0 ,214000.0 ,209500.0 ,212500.0 ,205328.0 ,62257.0 
2016-09-12,211000.0 ,212500.0 ,207000.0 ,207500.0 ,200497.0 ,76651.0 
2016-09-13,209500.0 ,210500.0 ,205500.0 ,206000.0 ,199048.0 ,79194.0 
2016-09-19,206000.0 ,210500.0 ,204500.0 ,207000.0 ,200014.0 ,99862.0 
2016-09-20,208000.0 ,209000.0 ,205500.0 ,208000.0 ,200980.0 ,85546.0 
2016-09-21,205500.0 ,209000.0 ,205000.0 ,208500.0 ,201463.0 ,58429.0 
2016-09-22,209500.0 ,211500.0 ,208500.0 ,209500.0 ,202429.0 ,79381.0 
2016-09-23,212000.0 ,214500.0 ,209500.0 ,214500.0 ,207261.0 ,96780.0 
2016-09-26,214500.0 ,214500.0 ,210500.0 ,212000.0 ,204845.0 ,50869.0 
2016-09-27,212500.0 ,212500.0 ,208500.0 ,211500.0 ,204362.0 ,88909.0 
2016-09-28,211500.0 ,212000.0 ,209000.0 ,210000.0 ,202913.0 ,80699.0 
2016-09-29,211000.0 ,213500.0 ,210000.0 ,211000.0 ,203879.0 ,81503.0 
2016-09-30,209500.0 ,212000.0 ,208000.0 ,212000.0 ,204845.0 ,68210.0 
2016-10-04,212000.0 ,212000.0 ,208500.0 ,210000.0 ,202913.0 ,78529.0 
2016-10-05,208000.0 ,211000.0 ,207500.0 ,211000.0 ,203879.0 ,91181.0 
2016-10-06,209500.0 ,210500.0 ,208000.0 ,209000.0 ,201946.0 ,81377.0 
2016-10-07,208000.0 ,210000.0 ,207000.0 ,209500.0 ,202429.0 ,77451.0 
2016-10-10,210500.0 ,213000.0 ,209000.0 ,212000.0 ,204845.0 ,93353.0 
2016-10-11,213500.0 ,213500.0 ,210500.0 ,213500.0 ,206294.0 ,103792.0 
2016-10-12,213500.0 ,215500.0 ,212000.0 ,214500.0 ,207261.0 ,93120.0 
2016-10-13,213500.0 ,214000.0 ,209500.0 ,209500.0 ,202429.0 ,78066.0 
2016-10-14,209500.0 ,211500.0 ,208500.0 ,208500.0 ,201463.0 ,66912.0 
2016-10-17,211000.0 ,221000.0 ,210000.0 ,219000.0 ,211609.0 ,241975.0 
2016-10-18,218500.0 ,228500.0 ,218500.0 ,227500.0 ,219822.0 ,332130.0 
2016-10-19,225500.0 ,229000.0 ,223500.0 ,228500.0 ,220788.0 ,173255.0 
2016-10-20,228500.0 ,229000.0 ,225000.0 ,228000.0 ,220305.0 ,135593.0 
2016-10-21,228500.0 ,229000.0 ,226000.0 ,228000.0 ,220305.0 ,126682.0 
2016-10-24,227500.0 ,230500.0 ,225500.0 ,226500.0 ,218856.0 ,107264.0 
2016-10-25,226500.0 ,227500.0 ,222500.0 ,224500.0 ,216923.0 ,73109.0 
2016-10-26,223500.0 ,225500.0 ,220500.0 ,222000.0 ,214508.0 ,106218.0 
2016-10-27,220500.0 ,226500.0 ,220000.0 ,225500.0 ,217889.0 ,95020.0 
2016-10-28,222500.0 ,223500.0 ,220500.0 ,222500.0 ,214991.0 ,86758.0 
2016-10-31,219500.0 ,223500.0 ,218000.0 ,223500.0 ,215957.0 ,72091.0 
2016-11-01,224000.0 ,224000.0 ,217500.0 ,220000.0 ,212575.0 ,61047.0 
2016-11-02,219500.0 ,219500.0 ,213500.0 ,216500.0 ,209193.0 ,136368.0 
2016-11-03,214500.0 ,225500.0 ,214000.0 ,223500.0 ,215957.0 ,128952.0 
2016-11-04,224500.0 ,230000.0 ,222500.0 ,229000.0 ,221271.0 ,173391.0 
2016-11-07,231500.0 ,231500.0 ,226000.0 ,230000.0 ,222238.0 ,95222.0 
2016-11-08,228500.0 ,233000.0 ,228500.0 ,232000.0 ,224170.0 ,96637.0 
2016-11-09,233000.0 ,233500.0 ,222500.0 ,230000.0 ,222238.0 ,132727.0 
2016-11-10,231500.0 ,231500.0 ,226500.0 ,230500.0 ,222721.0 ,101674.0 
2016-11-11,230000.0 ,231500.0 ,225000.0 ,226500.0 ,218856.0 ,96279.0 
2016-11-14,225000.0 ,231000.0 ,224000.0 ,229500.0 ,221754.0 ,106724.0 
2016-11-15,232500.0 ,238500.0 ,229000.0 ,236000.0 ,228035.0 ,268383.0 
2016-11-16,239500.0 ,245000.0 ,235000.0 ,240000.0 ,231900.0 ,250560.0 
2016-11-17,239000.0 ,242500.0 ,235000.0 ,239500.0 ,231417.0 ,104378.0 
2016-11-18,237000.0 ,239500.0 ,234500.0 ,234500.0 ,226586.0 ,86075.0 
2016-11-21,236000.0 ,238000.0 ,231500.0 ,231500.0 ,223687.0 ,62481.0 
2016-11-22,234000.0 ,240000.0 ,233500.0 ,236500.0 ,228518.0 ,123114.0 
2016-11-23,237000.0 ,246500.0 ,237000.0 ,245000.0 ,236731.0 ,218381.0 
2016-11-24,244000.0 ,245000.0 ,236500.0 ,240500.0 ,232383.0 ,114854.0 
2016-11-25,242000.0 ,242000.0 ,235000.0 ,239500.0 ,231417.0 ,74025.0 
2016-11-28,236500.0 ,237500.0 ,233000.0 ,233500.0 ,225619.0 ,95703.0 
2016-11-29,234000.0 ,238000.0 ,233500.0 ,233500.0 ,225619.0 ,70355.0 
2016-11-30,233500.0 ,235500.0 ,228000.0 ,231500.0 ,223687.0 ,178426.0 
2016-12-01,232000.0 ,238000.0 ,230500.0 ,232000.0 ,224170.0 ,108440.0 
2016-12-02,234500.0 ,234500.0 ,229500.0 ,232500.0 ,224653.0 ,67051.0 
2016-12-05,232500.0 ,235000.0 ,228500.0 ,232000.0 ,224170.0 ,46606.0 
2016-12-06,236000.0 ,239000.0 ,233000.0 ,235000.0 ,227069.0 ,100049.0 
2016-12-07,234000.0 ,235000.0 ,231000.0 ,231500.0 ,223687.0 ,63609.0 
2016-12-08,234000.0 ,240000.0 ,232000.0 ,240000.0 ,231900.0 ,122618.0 
2016-12-09,237000.0 ,240000.0 ,233500.0 ,235500.0 ,227552.0 ,78194.0 
2016-12-12,237500.0 ,237500.0 ,233000.0 ,235000.0 ,227069.0 ,71161.0 
2016-12-13,235000.0 ,236000.0 ,233000.0 ,233000.0 ,225136.0 ,70668.0 
2016-12-14,233500.0 ,234500.0 ,227500.0 ,229000.0 ,221271.0 ,94522.0 
2016-12-15,227000.0 ,230000.0 ,226000.0 ,227500.0 ,219822.0 ,90065.0 
2016-12-16,228500.0 ,232000.0 ,227500.0 ,228500.0 ,220788.0 ,104747.0 
2016-12-19,229000.0 ,230500.0 ,225000.0 ,225000.0 ,217406.0 ,66282.0 
2016-12-20,225500.0 ,232000.0 ,225000.0 ,228000.0 ,220305.0 ,100126.0 
2016-12-21,230500.0 ,230500.0 ,226500.0 ,226500.0 ,218856.0 ,79750.0 
2016-12-22,226500.0 ,233000.0 ,226500.0 ,230500.0 ,222721.0 ,116112.0 
2016-12-23,232500.0 ,233000.0 ,229500.0 ,230000.0 ,222238.0 ,66084.0 
2016-12-26,230000.0 ,234000.0 ,228500.0 ,233500.0 ,225619.0 ,80551.0 
2016-12-27,233000.0 ,233500.0 ,230000.0 ,232500.0 ,224653.0 ,74941.0 
2016-12-28,230000.0 ,232000.0 ,228000.0 ,228500.0 ,224359.0 ,69887.0 
2016-12-29,229500.0 ,231500.0 ,226000.0 ,229500.0 ,225340.0 ,81769.0 
2017-01-02,231000.0 ,232000.0 ,228000.0 ,230000.0 ,225831.0 ,40990.0 
2017-01-03,230000.0 ,231500.0 ,226500.0 ,229000.0 ,224850.0 ,68653.0 
2017-01-04,229000.0 ,231500.0 ,226500.0 ,227000.0 ,222886.0 ,87451.0 
2017-01-05,227000.0 ,234500.0 ,227000.0 ,233000.0 ,228777.0 ,136342.0 
2017-01-06,233000.0 ,236000.0 ,231500.0 ,232500.0 ,228286.0 ,59767.0 
2017-01-09,231500.0 ,233500.0 ,228000.0 ,230000.0 ,225831.0 ,69235.0 
2017-01-10,228500.0 ,230500.0 ,228500.0 ,229500.0 ,225340.0 ,47770.0 
2017-01-11,228000.0 ,232500.0 ,228000.0 ,231000.0 ,226813.0 ,83381.0 
2017-01-12,231500.0 ,235000.0 ,230000.0 ,230500.0 ,226322.0 ,105019.0 
2017-01-13,229000.0 ,230000.0 ,225500.0 ,227000.0 ,222886.0 ,160035.0 
2017-01-16,227000.0 ,228500.0 ,224000.0 ,224500.0 ,220431.0 ,130587.0 
2017-01-17,225000.0 ,225500.0 ,216000.0 ,218000.0 ,214049.0 ,227068.0 
2017-01-18,218500.0 ,220000.0 ,215000.0 ,216500.0 ,212576.0 ,153638.0 
2017-01-19,219500.0 ,222500.0 ,216000.0 ,218000.0 ,214049.0 ,175575.0 
2017-01-20,218000.0 ,218000.0 ,212500.0 ,213500.0 ,209630.0 ,150230.0 
2017-01-23,212000.0 ,215000.0 ,211500.0 ,212000.0 ,208158.0 ,160895.0 
2017-01-24,214000.0 ,219500.0 ,214000.0 ,216000.0 ,212085.0 ,206173.0 
2017-01-25,214500.0 ,218000.0 ,211000.0 ,213000.0 ,209140.0 ,161605.0 
2017-01-26,214000.0 ,222000.0 ,211500.0 ,219000.0 ,215031.0 ,143375.0 
2017-01-31,219000.0 ,221000.0 ,216500.0 ,216500.0 ,212576.0 ,100813.0 
2017-02-01,216500.0 ,221000.0 ,216500.0 ,219500.0 ,215522.0 ,105214.0 
2017-02-02,218500.0 ,225000.0 ,218000.0 ,223000.0 ,218958.0 ,132773.0 
2017-02-03,223500.0 ,224000.0 ,219500.0 ,221000.0 ,216995.0 ,109484.0 
2017-02-06,224500.0 ,229000.0 ,222000.0 ,225500.0 ,221413.0 ,143118.0 
2017-02-07,227000.0 ,227000.0 ,223500.0 ,225000.0 ,220922.0 ,100351.0 
2017-02-08,223500.0 ,227000.0 ,222000.0 ,226000.0 ,221904.0 ,84324.0 
2017-02-09,226000.0 ,227500.0 ,223000.0 ,226500.0 ,222395.0 ,55795.0 
2017-02-10,227500.0 ,227500.0 ,222500.0 ,224000.0 ,219940.0 ,107940.0 
2017-02-13,223500.0 ,225000.0 ,222500.0 ,225000.0 ,220922.0 ,63070.0 
2017-02-14,225000.0 ,225000.0 ,221000.0 ,224000.0 ,219940.0 ,99440.0 
2017-02-15,222500.0 ,227000.0 ,222500.0 ,226500.0 ,222395.0 ,79053.0 
2017-02-16,227500.0 ,228500.0 ,223000.0 ,225500.0 ,221413.0 ,68585.0 
2017-02-17,223000.0 ,225000.0 ,219000.0 ,220500.0 ,216504.0 ,111520.0 
2017-02-20,220000.0 ,220500.0 ,216500.0 ,218500.0 ,214540.0 ,89786.0 
2017-02-21,218000.0 ,221000.0 ,217500.0 ,219000.0 ,215031.0 ,125364.0 
2017-02-22,218500.0 ,220000.0 ,216000.0 ,217000.0 ,213067.0 ,127057.0 
2017-02-23,218000.0 ,219500.0 ,216000.0 ,217500.0 ,213558.0 ,138708.0 
2017-02-24,217000.0 ,218000.0 ,214000.0 ,216000.0 ,212085.0 ,130901.0 
2017-02-27,216500.0 ,220000.0 ,215000.0 ,216000.0 ,212085.0 ,113363.0 
2017-02-28,218000.0 ,221500.0 ,218000.0 ,218000.0 ,214049.0 ,184547.0 
2017-03-02,218000.0 ,220000.0 ,213000.0 ,215500.0 ,211594.0 ,199294.0 
2017-03-03,214500.0 ,217000.0 ,213500.0 ,217000.0 ,213067.0 ,117787.0 
2017-03-06,215500.0 ,217000.0 ,213000.0 ,214500.0 ,210612.0 ,67172.0 
2017-03-07,215000.0 ,217000.0 ,214500.0 ,215500.0 ,211594.0 ,111090.0 
2017-03-08,215000.0 ,217500.0 ,214000.0 ,215500.0 ,211594.0 ,85586.0 
2017-03-09,215000.0 ,220500.0 ,215000.0 ,217500.0 ,213558.0 ,193222.0 
2017-03-10,218000.0 ,224000.0 ,216500.0 ,223000.0 ,218958.0 ,208171.0 
2017-03-13,223000.0 ,226000.0 ,222000.0 ,225000.0 ,220922.0 ,139204.0 
2017-03-14,225000.0 ,228500.0 ,225000.0 ,226500.0 ,222395.0 ,161715.0 
2017-03-15,228000.0 ,234500.0 ,224500.0 ,233000.0 ,228777.0 ,190518.0 
2017-03-16,235000.0 ,235500.0 ,230000.0 ,232500.0 ,228286.0 ,133188.0 
2017-03-17,233000.0 ,235000.0 ,230000.0 ,233000.0 ,228777.0 ,138826.0 
2017-03-20,230000.0 ,232000.0 ,228500.0 ,231000.0 ,226813.0 ,66041.0 
2017-03-21,233000.0 ,233000.0 ,229500.0 ,232500.0 ,228286.0 ,131984.0 
2017-03-22,231500.0 ,234000.0 ,230000.0 ,233000.0 ,228777.0 ,89637.0 
2017-03-23,235000.0 ,238000.0 ,232500.0 ,236000.0 ,231723.0 ,99745.0 
2017-03-24,236500.0 ,236500.0 ,229000.0 ,232000.0 ,227795.0 ,90228.0 
2017-03-27,230000.0 ,231000.0 ,227500.0 ,229000.0 ,224850.0 ,64136.0 
2017-03-28,231000.0 ,239000.0 ,230500.0 ,237000.0 ,232705.0 ,189917.0 
2017-03-29,237500.0 ,242000.0 ,235500.0 ,242000.0 ,237614.0 ,173085.0 
2017-03-30,242000.0 ,242000.0 ,239000.0 ,240000.0 ,235650.0 ,65076.0 
2017-03-31,240000.0 ,244500.0 ,239000.0 ,243500.0 ,239087.0 ,146277.0 
2017-04-03,245000.0 ,246000.0 ,240500.0 ,243000.0 ,238596.0 ,65626.0 
2017-04-04,240500.0 ,242000.0 ,237500.0 ,238000.0 ,233686.0 ,83528.0 
2017-04-05,238000.0 ,239500.0 ,234000.0 ,235500.0 ,231232.0 ,103381.0 
2017-04-06,235500.0 ,235500.0 ,230500.0 ,235500.0 ,231232.0 ,125969.0 
2017-04-07,235000.0 ,237000.0 ,231500.0 ,236500.0 ,232214.0 ,88994.0 
2017-04-10,235500.0 ,236500.0 ,229500.0 ,232000.0 ,227795.0 ,78462.0 
2017-04-11,230000.0 ,235000.0 ,229500.0 ,231500.0 ,227304.0 ,78867.0 
2017-04-12,230500.0 ,231500.0 ,228500.0 ,229500.0 ,225340.0 ,69438.0 
2017-04-13,231500.0 ,234500.0 ,229500.0 ,234500.0 ,230250.0 ,70558.0 
2017-04-14,232500.0 ,233000.0 ,228500.0 ,229500.0 ,225340.0 ,68192.0 
2017-04-17,229000.0 ,232000.0 ,229000.0 ,231500.0 ,227304.0 ,45985.0 
2017-04-18,233500.0 ,236000.0 ,232000.0 ,233000.0 ,228777.0 ,77158.0 
2017-04-19,231000.0 ,235500.0 ,231000.0 ,233000.0 ,228777.0 ,55250.0 
2017-04-20,233000.0 ,241000.0 ,232000.0 ,239000.0 ,234668.0 ,144127.0 
2017-04-21,240000.0 ,241000.0 ,237500.0 ,240000.0 ,235650.0 ,87215.0 
2017-04-24,241500.0 ,245000.0 ,239000.0 ,241000.0 ,236632.0 ,87888.0 
2017-04-25,238500.0 ,248000.0 ,238500.0 ,247000.0 ,242523.0 ,179124.0 
2017-04-26,245500.0 ,250500.0 ,245500.0 ,248000.0 ,243505.0 ,119502.0 
2017-04-27,248500.0 ,250000.0 ,243500.0 ,245000.0 ,240560.0 ,88957.0 
2017-04-28,240500.0 ,245000.0 ,240500.0 ,242500.0 ,238105.0 ,93734.0 
2017-05-02,243000.0 ,248000.0 ,241000.0 ,245000.0 ,240560.0 ,80878.0 
2017-05-04,243000.0 ,248500.0 ,243000.0 ,248500.0 ,243996.0 ,71234.0 
2017-05-08,250500.0 ,250500.0 ,242500.0 ,250000.0 ,245469.0 ,107860.0 
2017-05-10,255000.0 ,257000.0 ,245000.0 ,245500.0 ,241050.0 ,165472.0 
2017-05-11,247500.0 ,247500.0 ,243000.0 ,246000.0 ,241541.0 ,177361.0 
2017-05-12,246000.0 ,251500.0 ,244000.0 ,250500.0 ,245960.0 ,173904.0 
2017-05-15,251000.0 ,254500.0 ,248500.0 ,249000.0 ,244487.0 ,161145.0 
2017-05-16,250000.0 ,256500.0 ,246500.0 ,255500.0 ,250869.0 ,555720.0 
2017-05-17,256000.0 ,264500.0 ,255000.0 ,261500.0 ,256760.0 ,326616.0 
2017-05-18,258500.0 ,264500.0 ,255500.0 ,262000.0 ,257251.0 ,205460.0 
2017-05-19,261000.0 ,268000.0 ,261000.0 ,266000.0 ,261179.0 ,158433.0 
2017-05-22,269500.0 ,270000.0 ,262500.0 ,265500.0 ,260688.0 ,168990.0 
2017-05-23,265000.0 ,273500.0 ,263500.0 ,271000.0 ,266088.0 ,233054.0 
2017-05-24,273000.0 ,275000.0 ,267500.0 ,270000.0 ,265106.0 ,219859.0 
2017-05-25,273000.0 ,280500.0 ,269000.0 ,280500.0 ,275416.0 ,250433.0 
2017-05-26,280500.0 ,281500.0 ,274000.0 ,274500.0 ,269525.0 ,271968.0 
2017-05-29,276500.0 ,285500.0 ,274000.0 ,280000.0 ,274925.0 ,282786.0 
2017-05-30,281000.0 ,283000.0 ,272000.0 ,273000.0 ,268052.0 ,252828.0 
2017-05-31,272500.0 ,279000.0 ,271000.0 ,273500.0 ,268543.0 ,1473645.0 
2017-06-01,275000.0 ,287500.0 ,270500.0 ,285000.0 ,279835.0 ,393625.0 
2017-06-02,285000.0 ,288500.0 ,281500.0 ,287500.0 ,282289.0 ,174227.0 
2017-06-05,287500.0 ,288000.0 ,282500.0 ,284000.0 ,278853.0 ,145537.0 
2017-06-07,280500.0 ,286000.0 ,280000.0 ,280500.0 ,275416.0 ,179953.0 
2017-06-08,284000.0 ,284500.0 ,274000.0 ,279500.0 ,274434.0 ,277279.0 
2017-06-09,280500.0 ,283500.0 ,277000.0 ,283000.0 ,277871.0 ,178403.0 
2017-06-12,279500.0 ,280000.0 ,274000.0 ,275000.0 ,270016.0 ,147551.0 
2017-06-13,276000.0 ,278500.0 ,273000.0 ,277000.0 ,271980.0 ,130576.0 
2017-06-14,276500.0 ,280500.0 ,273000.0 ,275500.0 ,270507.0 ,171641.0 
2017-06-15,273500.0 ,275500.0 ,261000.0 ,268000.0 ,263143.0 ,312410.0 
2017-06-16,269000.0 ,270500.0 ,266000.0 ,269500.0 ,264616.0 ,132200.0 
2017-06-19,271000.0 ,277500.0 ,268500.0 ,274500.0 ,269525.0 ,159445.0 
2017-06-20,273500.0 ,280000.0 ,272000.0 ,274500.0 ,269525.0 ,124917.0 
2017-06-21,275000.0 ,277000.0 ,268000.0 ,274500.0 ,269525.0 ,125113.0 
2017-06-22,274000.0 ,286000.0 ,270000.0 ,285000.0 ,279835.0 ,192009.0 
2017-06-23,285000.0 ,286500.0 ,277000.0 ,277500.0 ,272471.0 ,136498.0 
2017-06-26,277500.0 ,281500.0 ,277000.0 ,279000.0 ,273943.0 ,83879.0 
2017-06-27,277500.0 ,282500.0 ,275500.0 ,279000.0 ,273943.0 ,103448.0 
2017-06-28,279000.0 ,283000.0 ,277500.0 ,280500.0 ,275416.0 ,79650.0 
2017-06-29,281500.0 ,282500.0 ,274000.0 ,274000.0 ,269034.0 ,110516.0 
2017-06-30,274500.0 ,280000.0 ,274000.0 ,278000.0 ,272961.0 ,96691.0 
2017-07-03,282000.0 ,284000.0 ,279000.0 ,282000.0 ,276889.0 ,105514.0 
2017-07-04,281500.0 ,281500.0 ,274000.0 ,276500.0 ,271489.0 ,90777.0 
2017-07-05,276500.0 ,278000.0 ,274500.0 ,277500.0 ,272471.0 ,68689.0 
2017-07-06,277500.0 ,280000.0 ,271000.0 ,276500.0 ,271489.0 ,83714.0 
2017-07-07,271000.0 ,276000.0 ,268000.0 ,269000.0 ,264125.0 ,109866.0 
2017-07-10,268500.0 ,273000.0 ,268000.0 ,271000.0 ,266088.0 ,71014.0 
2017-07-11,270000.0 ,272000.0 ,265000.0 ,269000.0 ,264125.0 ,106647.0 
2017-07-12,268000.0 ,270500.0 ,265000.0 ,267500.0 ,262652.0 ,80821.0 
2017-07-13,270000.0 ,271500.0 ,267000.0 ,267000.0 ,262161.0 ,104143.0 
2017-07-14,267500.0 ,277000.0 ,267500.0 ,275500.0 ,270507.0 ,137634.0 
2017-07-17,278000.0 ,278000.0 ,273500.0 ,273500.0 ,268543.0 ,84799.0 
2017-07-18,276000.0 ,276000.0 ,271500.0 ,273000.0 ,268052.0 ,51545.0 
2017-07-19,275000.0 ,277500.0 ,271500.0 ,273500.0 ,268543.0 ,80427.0 
2017-07-20,276000.0 ,276000.0 ,271500.0 ,276000.0 ,270998.0 ,88502.0 
2017-07-21,275500.0 ,283000.0 ,274000.0 ,281500.0 ,276398.0 ,167102.0 
2017-07-24,282000.0 ,282000.0 ,276000.0 ,280500.0 ,275416.0 ,87344.0 
2017-07-25,281000.0 ,281000.0 ,276000.0 ,278000.0 ,272961.0 ,89431.0 
2017-07-26,279500.0 ,280000.0 ,264500.0 ,267000.0 ,262161.0 ,184515.0 
2017-07-27,269000.0 ,274000.0 ,268000.0 ,273000.0 ,268052.0 ,88198.0 
2017-07-28,270000.0 ,273500.0 ,267000.0 ,267000.0 ,262161.0 ,95325.0 
2017-07-31,263500.0 ,271500.0 ,263000.0 ,271500.0 ,266579.0 ,68634.0 
2017-08-01,269500.0 ,276000.0 ,269500.0 ,273500.0 ,268543.0 ,94478.0 
2017-08-02,273500.0 ,276000.0 ,269000.0 ,270500.0 ,265597.0 ,93949.0 
2017-08-03,269500.0 ,270500.0 ,261500.0 ,262500.0 ,257742.0 ,138993.0 
2017-08-04,261000.0 ,271000.0 ,261000.0 ,269000.0 ,264125.0 ,143041.0 
2017-08-07,275500.0 ,282000.0 ,275000.0 ,275000.0 ,270016.0 ,190277.0 
2017-08-08,277500.0 ,280000.0 ,274000.0 ,277500.0 ,272471.0 ,98088.0 
2017-08-09,274500.0 ,275500.0 ,271500.0 ,274000.0 ,269034.0 ,89080.0 
2017-08-10,270000.0 ,277000.0 ,270000.0 ,273500.0 ,268543.0 ,100112.0 
2017-08-11,270000.0 ,274000.0 ,268500.0 ,270500.0 ,265597.0 ,88111.0 
2017-08-14,271500.0 ,273500.0 ,270500.0 ,271500.0 ,266579.0 ,76613.0 
2017-08-16,278000.0 ,279000.0 ,271000.0 ,273500.0 ,268543.0 ,115319.0 
2017-08-17,271000.0 ,273000.0 ,268000.0 ,270000.0 ,265106.0 ,109373.0 
2017-08-18,267500.0 ,270000.0 ,267000.0 ,269000.0 ,264125.0 ,85374.0 
2017-08-21,268000.0 ,269000.0 ,263500.0 ,265000.0 ,260197.0 ,109689.0 
2017-08-22,265000.0 ,268500.0 ,265000.0 ,268000.0 ,263143.0 ,77031.0 
2017-08-23,267000.0 ,270000.0 ,263000.0 ,264500.0 ,259706.0 ,93475.0 
2017-08-24,264500.0 ,271000.0 ,264500.0 ,270000.0 ,265106.0 ,86109.0 
2017-08-25,271000.0 ,271500.0 ,268500.0 ,268500.0 ,263634.0 ,76673.0 
2017-08-28,267500.0 ,269500.0 ,264500.0 ,267500.0 ,262652.0 ,84394.0 
2017-08-29,268000.0 ,268500.0 ,264500.0 ,268000.0 ,263143.0 ,66002.0 
2017-08-30,268000.0 ,270000.0 ,265500.0 ,270000.0 ,265106.0 ,86712.0 
2017-08-31,271500.0 ,279000.0 ,267000.0 ,267500.0 ,262652.0 ,129053.0 
2017-09-01,269000.0 ,272500.0 ,266000.0 ,270500.0 ,265597.0 ,83043.0 
2017-09-04,265000.0 ,267000.0 ,262500.0 ,262500.0 ,257742.0 ,145061.0 
2017-09-05,263500.0 ,264000.0 ,258000.0 ,262500.0 ,257742.0 ,145736.0 
2017-09-06,263000.0 ,263000.0 ,259000.0 ,259500.0 ,254797.0 ,85453.0 
2017-09-07,258500.0 ,260000.0 ,255500.0 ,258500.0 ,253815.0 ,128598.0 
2017-09-08,258000.0 ,264500.0 ,255000.0 ,261000.0 ,256270.0 ,90486.0 
2017-09-11,263500.0 ,264500.0 ,261500.0 ,262500.0 ,257742.0 ,58381.0 
2017-09-12,264500.0 ,266500.0 ,263000.0 ,266000.0 ,261179.0 ,68617.0 
2017-09-13,265000.0 ,266500.0 ,262000.0 ,263000.0 ,258233.0 ,80506.0 
2017-09-14,263000.0 ,264500.0 ,259500.0 ,261000.0 ,256270.0 ,109592.0 
2017-09-15,259500.0 ,263000.0 ,257500.0 ,263000.0 ,258233.0 ,123397.0 
2017-09-18,261500.0 ,273000.0 ,261500.0 ,272500.0 ,267561.0 ,137563.0 
2017-09-19,275000.0 ,275500.0 ,268500.0 ,270500.0 ,265597.0 ,82675.0 
2017-09-20,270000.0 ,272500.0 ,265000.0 ,270500.0 ,265597.0 ,90308.0 
2017-09-21,269000.0 ,271500.0 ,266000.0 ,269500.0 ,264616.0 ,79931.0 
2017-09-25,270000.0 ,276000.0 ,267500.0 ,272000.0 ,267070.0 ,138585.0 
2017-09-26,272000.0 ,272000.0 ,272000.0 ,272000.0 ,267070.0 ,  -  
2017-09-27,282000.0 ,289000.0 ,279500.0 ,287000.0 ,281798.0 ,231975.0 
2017-09-28,289500.0 ,291500.0 ,284000.0 ,287500.0 ,282289.0 ,191601.0 
2017-09-29,288500.0 ,289500.0 ,287000.0 ,288000.0 ,282780.0 ,97190.0 
2017-10-10,288500.0 ,300500.0 ,285500.0 ,300500.0 ,295054.0 ,193764.0 
2017-10-11,298000.0 ,299000.0 ,293000.0 ,296500.0 ,291126.0 ,146936.0 
2017-10-12,299500.0 ,308500.0 ,299000.0 ,303000.0 ,297508.0 ,207992.0 
2017-10-13,303000.0 ,312500.0 ,301500.0 ,307000.0 ,301436.0 ,131717.0 
2017-10-16,307000.0 ,310000.0 ,300500.0 ,305000.0 ,299472.0 ,123090.0 
2017-10-17,303500.0 ,305000.0 ,296000.0 ,302000.0 ,296526.0 ,117679.0 
2017-10-18,300000.0 ,304500.0 ,298000.0 ,302500.0 ,297017.0 ,87200.0 
2017-10-19,302500.0 ,305000.0 ,293500.0 ,296500.0 ,291126.0 ,147513.0 
2017-10-20,294000.0 ,299000.0 ,294000.0 ,296500.0 ,291126.0 ,95490.0 
2017-10-23,295000.0 ,300500.0 ,293000.0 ,300000.0 ,294563.0 ,74648.0 
2017-10-24,302000.0 ,302000.0 ,298000.0 ,299000.0 ,293581.0 ,69639.0 
2017-10-25,297000.0 ,299500.0 ,294000.0 ,298500.0 ,293090.0 ,86625.0 
2017-10-26,297000.0 ,298500.0 ,291500.0 ,292000.0 ,286708.0 ,111370.0 
2017-10-27,291500.0 ,292000.0 ,285000.0 ,287500.0 ,282289.0 ,220776.0 
2017-10-30,287500.0 ,292500.0 ,285000.0 ,289000.0 ,283762.0 ,83756.0 
2017-10-31,288000.0 ,291000.0 ,284500.0 ,289500.0 ,284253.0 ,141023.0 
2017-11-01,286500.0 ,297000.0 ,285000.0 ,296000.0 ,290635.0 ,145270.0 
2017-11-02,297500.0 ,297500.0 ,291000.0 ,292000.0 ,286708.0 ,72858.0 
2017-11-03,293000.0 ,295000.0 ,288000.0 ,291000.0 ,285726.0 ,63163.0 
2017-11-06,290000.0 ,291500.0 ,285500.0 ,287000.0 ,281798.0 ,76355.0 
2017-11-07,285500.0 ,288500.0 ,285500.0 ,288500.0 ,283271.0 ,81006.0 
2017-11-08,288500.0 ,288500.0 ,283000.0 ,286000.0 ,280816.0 ,147132.0 
2017-11-09,288500.0 ,288500.0 ,284000.0 ,286000.0 ,280816.0 ,101019.0 
2017-11-10,285000.0 ,288500.0 ,282500.0 ,288000.0 ,282780.0 ,79627.0 
2017-11-13,286500.0 ,289000.0 ,280500.0 ,281500.0 ,276398.0 ,96250.0 
2017-11-14,280000.0 ,288500.0 ,280000.0 ,286500.0 ,281307.0 ,102050.0 
2017-11-15,288500.0 ,300500.0 ,283500.0 ,295000.0 ,289653.0 ,198599.0 
2017-11-16,  null  ,  null  ,  null  ,  null  ,  null  ,  null  
2017-11-17,296000.0 ,301000.0 ,295500.0 ,300000.0 ,294563.0 ,132905.0 
2017-11-20,300500.0 ,302000.0 ,295500.0 ,298000.0 ,292599.0 ,97766.0 
2017-11-21,297000.0 ,297500.0 ,292500.0 ,296000.0 ,290635.0 ,79903.0 
2017-11-22,295000.0 ,300500.0 ,293000.0 ,295500.0 ,290144.0 ,82705.0 
2017-11-23,  null  ,  null  ,  null  ,  null  ,  null  ,  null  
2017-11-24,298000.0 ,299500.0 ,296500.0 ,298500.0 ,293090.0 ,49445.0 
2017-11-27,298000.0 ,299500.0 ,292000.0 ,297000.0 ,291617.0 ,102754.0 
2017-11-28,297000.0 ,304500.0 ,295000.0 ,297000.0 ,291617.0 ,85899.0 
2017-11-29,297500.0 ,301500.0 ,296500.0 ,299500.0 ,294072.0 ,72120.0 
2017-11-30,303000.0 ,303000.0 ,292000.0 ,292000.0 ,286708.0 ,138494.0 
2017-12-01,292000.0 ,293500.0 ,287500.0 ,291500.0 ,286217.0 ,88464.0 
2017-12-04,291500.0 ,298000.0 ,291000.0 ,297500.0 ,292108.0 ,96630.0 
2017-12-05,297000.0 ,300000.0 ,296000.0 ,298000.0 ,292599.0 ,61929.0 
2017-12-06,299000.0 ,299500.0 ,295000.0 ,296500.0 ,291126.0 ,82969.0 
2017-12-07,296500.0 ,299000.0 ,295500.0 ,298500.0 ,293090.0 ,101326.0 
2017-12-08,298500.0 ,299500.0 ,294500.0 ,295500.0 ,290144.0 ,80610.0 
2017-12-11,294000.0 ,295000.0 ,287000.0 ,288000.0 ,282780.0 ,108283.0 
2017-12-12,288000.0 ,289000.0 ,282000.0 ,285500.0 ,280326.0 ,94131.0 
2017-12-13,284000.0 ,288500.0 ,283500.0 ,286000.0 ,280816.0 ,111223.0 
2017-12-14,289500.0 ,294000.0 ,287000.0 ,287000.0 ,281798.0 ,240282.0 
2017-12-15,286500.0 ,287500.0 ,270000.0 ,284000.0 ,278853.0 ,421115.0 
2017-12-18,283000.0 ,285500.0 ,277500.0 ,279500.0 ,274434.0 ,101518.0 
2017-12-19,280000.0 ,283500.0 ,277000.0 ,278500.0 ,273452.0 ,70559.0 
2017-12-21,282000.0 ,283500.0 ,276000.0 ,278500.0 ,273452.0 ,112164.0 
2017-12-22,281000.0 ,281500.0 ,277500.0 ,278500.0 ,273452.0 ,75010.0 
2017-12-26,281000.0 ,282000.0 ,277500.0 ,279500.0 ,274434.0 ,135083.0 
2017-12-27,275000.0 ,279000.0 ,274000.0 ,279000.0 ,277921.0 ,71390.0 
2017-12-28,281000.0 ,284000.0 ,276000.0 ,283000.0 ,281905.0 ,93028.0 
2018-01-02,  null  ,  null  ,  null  ,  null  ,  null  ,  null  
2018-01-03,277000.0 ,282000.0 ,277000.0 ,280000.0 ,278917.0 ,85200.0 
2018-01-04,282000.0 ,284500.0 ,278000.0 ,281000.0 ,279913.0 ,90041.0 
2018-01-05,281500.0 ,289000.0 ,279500.0 ,288500.0 ,287384.0 ,106137.0 
2018-01-08,291500.0 ,291500.0 ,284000.0 ,288500.0 ,287384.0 ,92007.0 
2018-01-09,287500.0 ,297000.0 ,287000.0 ,291500.0 ,290372.0 ,97786.0 
2018-01-10,291000.0 ,295500.0 ,290000.0 ,291000.0 ,289874.0 ,88898.0 
2018-01-11,291500.0 ,292500.0 ,285500.0 ,285500.0 ,284396.0 ,121745.0 
2018-01-12,287000.0 ,289500.0 ,283000.0 ,288500.0 ,287384.0 ,92494.0 
2018-01-15,287500.0 ,288500.0 ,284000.0 ,287000.0 ,285890.0 ,64716.0 
2018-01-16,285500.0 ,291000.0 ,285000.0 ,290500.0 ,289376.0 ,81662.0 
2018-01-17,289500.0 ,292500.0 ,287500.0 ,288500.0 ,287384.0 ,90848.0 
2018-01-18,287500.0 ,298000.0 ,287000.0 ,296000.0 ,294855.0 ,112308.0 
2018-01-19,293000.0 ,297000.0 ,292500.0 ,295500.0 ,294357.0 ,66906.0 
2018-01-22,296000.0 ,297000.0 ,290500.0 ,296000.0 ,294855.0 ,60116.0 
2018-01-23,296000.0 ,302500.0 ,294000.0 ,302500.0 ,301330.0 ,120671.0 
2018-01-24,301500.0 ,305000.0 ,300500.0 ,305000.0 ,303820.0 ,87726.0 
2018-01-25,306000.0 ,321500.0 ,305500.0 ,319500.0 ,318264.0 ,210974.0 
2018-01-26,318500.0 ,326000.0 ,318500.0 ,324000.0 ,322747.0 ,148777.0 
2018-01-29,327000.0 ,330500.0 ,321500.0 ,328500.0 ,327229.0 ,128701.0 
2018-01-30,331000.0 ,331000.0 ,320000.0 ,320500.0 ,319260.0 ,130618.0 
2018-01-31,319000.0 ,321000.0 ,314000.0 ,318500.0 ,317268.0 ,110463.0 
2018-02-01,315500.0 ,325000.0 ,315500.0 ,318500.0 ,317268.0 ,94747.0 
2018-02-02,317000.0 ,320000.0 ,310000.0 ,313500.0 ,312287.0 ,95989.0 
2018-02-05,313500.0 ,314000.0 ,304000.0 ,307500.0 ,306310.0 ,110130.0 
2018-02-06,303000.0 ,307000.0 ,291500.0 ,299000.0 ,297843.0 ,167513.0 
2018-02-07,301500.0 ,301500.0 ,287500.0 ,289000.0 ,287882.0 ,124800.0 
2018-02-08,288000.0 ,298500.0 ,288000.0 ,294000.0 ,292863.0 ,143887.0 
2018-02-09,287000.0 ,292000.0 ,283500.0 ,287000.0 ,285890.0 ,163039.0 
2018-02-12,288000.0 ,291000.0 ,285500.0 ,289000.0 ,287882.0 ,76372.0 
2018-02-13,289500.0 ,297500.0 ,288000.0 ,291000.0 ,289874.0 ,92133.0 
2018-02-14,291500.0 ,294000.0 ,288000.0 ,290500.0 ,289376.0 ,72070.0 
2018-02-19,296000.0 ,298000.0 ,292000.0 ,295000.0 ,293859.0 ,57534.0 
2018-02-20,292000.0 ,296500.0 ,291000.0 ,292000.0 ,290870.0 ,61471.0 
2018-02-21,292000.0 ,292000.0 ,286500.0 ,288000.0 ,286886.0 ,113556.0 
2018-02-22,285500.0 ,287000.0 ,280000.0 ,283000.0 ,281905.0 ,91573.0 
2018-02-23,285500.0 ,292500.0 ,283500.0 ,291500.0 ,290372.0 ,88827.0 
2018-02-26,295000.0 ,295500.0 ,288000.0 ,290000.0 ,288878.0 ,72541.0 
2018-02-27,291000.0 ,301500.0 ,290500.0 ,292500.0 ,291368.0 ,134836.0 
2018-02-28,291000.0 ,293500.0 ,284500.0 ,284500.0 ,283399.0 ,177420.0 
2018-03-02,280000.0 ,282000.0 ,276500.0 ,279500.0 ,278419.0 ,97152.0 
2018-03-05,279000.0 ,285000.0 ,277000.0 ,280000.0 ,278917.0 ,56440.0 
2018-03-06,287500.0 ,300000.0 ,287000.0 ,295500.0 ,294357.0 ,178629.0 
2018-03-07,292000.0 ,298500.0 ,291500.0 ,293500.0 ,292365.0 ,91451.0 
2018-03-08,293000.0 ,298000.0 ,291000.0 ,296000.0 ,294855.0 ,110292.0 
2018-03-09,296500.0 ,306000.0 ,294000.0 ,302000.0 ,300832.0 ,99042.0 
2018-03-12,304500.0 ,307500.0 ,301500.0 ,303000.0 ,301828.0 ,80947.0 
2018-03-13,298000.0 ,309500.0 ,296000.0 ,307000.0 ,305812.0 ,107671.0 
2018-03-14,305000.0 ,312500.0 ,302500.0 ,312000.0 ,310793.0 ,86395.0 
2018-03-15,312000.0 ,312000.0 ,304000.0 ,306000.0 ,304816.0 ,106887.0 
2018-03-16,306500.0 ,313500.0 ,305500.0 ,313500.0 ,312287.0 ,138731.0 
2018-03-19,313500.0 ,314000.0 ,307000.0 ,309500.0 ,308303.0 ,67622.0 
2018-03-20,305000.0 ,310000.0 ,305000.0 ,310000.0 ,308801.0 ,50449.0 
2018-03-21,310500.0 ,311500.0 ,302000.0 ,308000.0 ,306809.0 ,90224.0 
2018-03-22,306000.0 ,310000.0 ,303500.0 ,307000.0 ,305812.0 ,80700.0 
2018-03-23,300000.0 ,301000.0 ,292500.0 ,295500.0 ,294357.0 ,111113.0 
2018-03-26,294500.0 ,297500.0 ,288500.0 ,296500.0 ,295353.0 ,85904.0 
2018-03-27,300500.0 ,301500.0 ,295500.0 ,298000.0 ,296847.0 ,66898.0 
2018-03-28,295500.0 ,297000.0 ,291000.0 ,295000.0 ,293859.0 ,60993.0 
2018-03-29,293000.0 ,298500.0 ,291000.0 ,298500.0 ,297345.0 ,101072.0 
2018-03-30,301500.0 ,301500.0 ,295000.0 ,296000.0 ,294855.0 ,62201.0 
2018-04-02,293000.0 ,297500.0 ,291500.0 ,292500.0 ,291368.0 ,57126.0 
2018-04-03,292000.0 ,294000.0 ,288500.0 ,293000.0 ,291867.0 ,82384.0 
2018-04-04,293000.0 ,293500.0 ,284000.0 ,286000.0 ,284894.0 ,104689.0 
2018-04-05,288000.0 ,291000.0 ,287000.0 ,290500.0 ,289376.0 ,53916.0 
2018-04-06,288000.0 ,290000.0 ,285500.0 ,289500.0 ,288380.0 ,85418.0 
2018-04-09,286000.0 ,289000.0 ,285000.0 ,288000.0 ,286886.0 ,68720.0 
2018-04-10,285500.0 ,292500.0 ,282500.0 ,291000.0 ,289874.0 ,90039.0 
2018-04-11,289000.0 ,293500.0 ,288000.0 ,293500.0 ,292365.0 ,84246.0 
2018-04-12,292500.0 ,295500.0 ,292000.0 ,292000.0 ,290870.0 ,128502.0 
2018-04-13,291500.0 ,295000.0 ,289500.0 ,293500.0 ,292365.0 ,77971.0 
2018-04-16,295500.0 ,295500.0 ,290500.0 ,292000.0 ,290870.0 ,69115.0 
2018-04-17,291000.0 ,293000.0 ,288500.0 ,290500.0 ,289376.0 ,64643.0 
2018-04-18,290500.0 ,293000.0 ,290000.0 ,293000.0 ,291867.0 ,98068.0 
2018-04-19,291500.0 ,294500.0 ,290500.0 ,293000.0 ,291867.0 ,91107.0 
2018-04-20,296500.0 ,297000.0 ,293000.0 ,294000.0 ,292863.0 ,166532.0 
2018-04-23,293500.0 ,296000.0 ,293000.0 ,295500.0 ,294357.0 ,64616.0 
2018-04-24,296500.0 ,296500.0 ,291000.0 ,293000.0 ,291867.0 ,83621.0 
2018-04-25,293500.0 ,293500.0 ,290500.0 ,293500.0 ,292365.0 ,118096.0 
2018-04-26,293000.0 ,299500.0 ,290500.0 ,295500.0 ,294357.0 ,93179.0 
2018-04-27,294500.0 ,296500.0 ,293500.0 ,294500.0 ,293361.0 ,82046.0 
2018-04-30,294500.0 ,296500.0 ,292000.0 ,294000.0 ,292863.0 ,81983.0 
2018-05-02,298000.0 ,305000.0 ,298000.0 ,303500.0 ,302326.0 ,171045.0 
2018-05-03,304000.0 ,305500.0 ,299000.0 ,301000.0 ,299836.0 ,128674.0 
2018-05-04,297500.0 ,301500.0 ,296000.0 ,299000.0 ,297843.0 ,118570.0 
2018-05-08,300500.0 ,301000.0 ,296000.0 ,299000.0 ,297843.0 ,135072.0 
2018-05-09,300000.0 ,300000.0 ,295500.0 ,295500.0 ,294357.0 ,110530.0 
2018-05-10,295500.0 ,299500.0 ,294500.0 ,297000.0 ,295851.0 ,137280.0 
2018-05-11,297000.0 ,305500.0 ,297000.0 ,304000.0 ,302824.0 ,89460.0 
2018-05-14,302000.0 ,306000.0 ,301000.0 ,302500.0 ,301330.0 ,95126.0 
2018-05-15,300000.0 ,302500.0 ,298500.0 ,301500.0 ,300334.0 ,64208.0 
2018-05-16,300500.0 ,305000.0 ,300000.0 ,303000.0 ,301828.0 ,63431.0 
2018-05-17,304500.0 ,304500.0 ,299000.0 ,300000.0 ,298839.0 ,96461.0 
2018-05-18,300000.0 ,303000.0 ,299500.0 ,303000.0 ,301828.0 ,59868.0 
2018-05-21,303000.0 ,305000.0 ,300500.0 ,303500.0 ,302326.0 ,72179.0 
2018-05-23,300000.0 ,303000.0 ,299500.0 ,301500.0 ,300334.0 ,78550.0 
2018-05-24,301500.0 ,302500.0 ,299000.0 ,300500.0 ,299338.0 ,53594.0 
2018-05-25,300500.0 ,300500.0 ,296500.0 ,298500.0 ,297345.0 ,125899.0 
2018-05-28,298000.0 ,300000.0 ,295500.0 ,298000.0 ,296847.0 ,81890.0 
2018-05-29,297000.0 ,297500.0 ,288000.0 ,288000.0 ,286886.0 ,131220.0 
2018-05-30,285500.0 ,286500.0 ,276000.0 ,279000.0 ,277921.0 ,174620.0 
2018-05-31,281500.0 ,282500.0 ,273500.0 ,277000.0 ,275928.0 ,245029.0 
2018-06-01,277500.0 ,284000.0 ,277000.0 ,279500.0 ,278419.0 ,97401.0 
2018-06-04,280500.0 ,282500.0 ,277500.0 ,280000.0 ,278917.0 ,71524.0 
2018-06-05,278500.0 ,280000.0 ,271500.0 ,276500.0 ,275430.0 ,146074.0 
2018-06-07,278000.0 ,283500.0 ,278000.0 ,283500.0 ,282403.0 ,96133.0 
2018-06-08,282000.0 ,287500.0 ,280500.0 ,283000.0 ,281905.0 ,80222.0 
2018-06-11,282000.0 ,284500.0 ,280500.0 ,283500.0 ,282403.0 ,120601.0 
2018-06-12,285500.0 ,288000.0 ,280500.0 ,282000.0 ,280909.0 ,113199.0 
2018-06-14,282500.0 ,284000.0 ,273500.0 ,274500.0 ,273438.0 ,173041.0 
2018-06-15,275000.0 ,276000.0 ,266000.0 ,269000.0 ,267959.0 ,226904.0 
2018-06-18,268500.0 ,269500.0 ,263000.0 ,265500.0 ,264473.0 ,113650.0 
2018-06-19,265500.0 ,270500.0 ,262000.0 ,263000.0 ,261983.0 ,87546.0 
2018-06-20,264500.0 ,266000.0 ,260500.0 ,263500.0 ,262481.0 ,113413.0 
2018-06-21,263500.0 ,265000.0 ,257500.0 ,257500.0 ,256504.0 ,99498.0 
2018-06-22,252500.0 ,257500.0 ,251500.0 ,257000.0 ,256006.0 ,139679.0 
2018-06-25,255500.0 ,258500.0 ,253000.0 ,258500.0 ,257500.0 ,102975.0 
2018-06-26,256000.0 ,258500.0 ,254500.0 ,257500.0 ,256504.0 ,74474.0 
2018-06-27,255500.0 ,260000.0 ,255500.0 ,258500.0 ,257500.0 ,78122.0 
2018-06-28,258500.0 ,258500.0 ,253500.0 ,256500.0 ,256500.0 ,73347.0 
2018-06-29,258500.0 ,260000.0 ,255000.0 ,259000.0 ,259000.0 ,84772.0 
2018-07-02,256000.0 ,259000.0 ,251000.0 ,251500.0 ,251500.0 ,115146.0 
2018-07-03,252000.0 ,253500.0 ,246500.0 ,249000.0 ,249000.0 ,117929.0 
2018-07-04,246500.0 ,252000.0 ,246500.0 ,249000.0 ,249000.0 ,57096.0 
2018-07-05,248000.0 ,252500.0 ,248000.0 ,251000.0 ,251000.0 ,50918.0 
2018-07-06,250000.0 ,258500.0 ,249500.0 ,257000.0 ,257000.0 ,92077.0 
2018-07-09,254500.0 ,262500.0 ,254000.0 ,261000.0 ,261000.0 ,92580.0 
2018-07-10,260500.0 ,264500.0 ,260000.0 ,262500.0 ,262500.0 ,78578.0 
2018-07-11,258500.0 ,265500.0 ,258500.0 ,263500.0 ,263500.0 ,81775.0 
2018-07-12,266000.0 ,273000.0 ,261500.0 ,269000.0 ,269000.0 ,160770.0 
2018-07-13,273500.0 ,280000.0 ,271000.0 ,273500.0 ,273500.0 ,170795.0 
2018-07-16,270500.0 ,273000.0 ,267000.0 ,268500.0 ,268500.0 ,82212.0 
2018-07-17,268500.0 ,271000.0 ,264000.0 ,271000.0 ,271000.0 ,69206.0 
2018-07-18,270000.0 ,271000.0 ,268500.0 ,269000.0 ,269000.0 ,41067.0 
2018-07-19,271500.0 ,272500.0 ,267500.0 ,268500.0 ,268500.0 ,56405.0 
2018-07-20,268000.0 ,275000.0 ,267000.0 ,272000.0 ,272000.0 ,63310.0 
2018-07-23,273000.0 ,274000.0 ,268500.0 ,272500.0 ,272500.0 ,71137.0 
2018-07-24,273000.0 ,274500.0 ,271000.0 ,274000.0 ,274000.0 ,64061.0 
2018-07-25,258000.0 ,267000.0 ,257000.0 ,260000.0 ,260000.0 ,301800.0 
2018-07-26,261500.0 ,265000.0 ,254000.0 ,263500.0 ,263500.0 ,128819.0 
2018-07-27,264000.0 ,268000.0 ,261000.0 ,267500.0 ,267500.0 ,62360.0 
2018-07-30,265500.0 ,265500.0 ,260000.0 ,263500.0 ,263500.0 ,65561.0 
2018-07-31,263500.0 ,264000.0 ,260500.0 ,263500.0 ,263500.0 ,72791.0 
2018-08-01,262500.0 ,265000.0 ,261500.0 ,263000.0 ,263000.0 ,66983.0 
2018-08-02,263000.0 ,264000.0 ,256000.0 ,258000.0 ,258000.0 ,54644.0 
2018-08-03,257000.0 ,258500.0 ,255500.0 ,256500.0 ,256500.0 ,72913.0 
2018-08-06,256000.0 ,262500.0 ,256000.0 ,262000.0 ,262000.0 ,66714.0 
2018-08-07,259000.0 ,264000.0 ,258500.0 ,264000.0 ,264000.0 ,46309.0 
2018-08-08,259500.0 ,260000.0 ,256000.0 ,256500.0 ,256500.0 ,162254.0 
2018-08-09,257500.0 ,259000.0 ,256000.0 ,256000.0 ,256000.0 ,69651.0 
2018-08-10,256500.0 ,257500.0 ,254500.0 ,256500.0 ,256500.0 ,69515.0 
2018-08-13,254000.0 ,256500.0 ,250500.0 ,255000.0 ,255000.0 ,50825.0 
2018-08-14,255000.0 ,259500.0 ,253000.0 ,259000.0 ,259000.0 ,60920.0 
2018-08-16,259000.0 ,260500.0 ,254000.0 ,260500.0 ,260500.0 ,88026.0 
2018-08-17,262000.0 ,262500.0 ,259000.0 ,262000.0 ,262000.0 ,59644.0 
2018-08-20,264500.0 ,264500.0 ,260000.0 ,262000.0 ,262000.0 ,50079.0 
2018-08-21,261500.0 ,270000.0 ,260000.0 ,268500.0 ,268500.0 ,81418.0 
2018-08-22,268500.0 ,268500.0 ,259500.0 ,260500.0 ,260500.0 ,101850.0 
2018-08-23,262000.0 ,264000.0 ,260500.0 ,263500.0 ,263500.0 ,67021.0 
2018-08-24,262500.0 ,264500.0 ,261500.0 ,264500.0 ,264500.0 ,44600.0 
2018-08-27,266500.0 ,267500.0 ,263000.0 ,266000.0 ,266000.0 ,46522.0 
2018-08-28,265500.0 ,266500.0 ,262000.0 ,263000.0 ,263000.0 ,63141.0 
2018-08-29,261500.0 ,263500.0 ,258000.0 ,259500.0 ,259500.0 ,88992.0 
2018-08-30,260000.0 ,260500.0 ,255500.0 ,257500.0 ,257500.0 ,84510.0 
2018-08-31,257500.0 ,263000.0 ,256500.0 ,263000.0 ,263000.0 ,80553.0 
2018-09-03,261500.0 ,263000.0 ,258000.0 ,261000.0 ,261000.0 ,39235.0 
2018-09-04,260000.0 ,263500.0 ,259000.0 ,262500.0 ,262500.0 ,48413.0 
2018-09-05,262000.0 ,264500.0 ,259000.0 ,260000.0 ,260000.0 ,57614.0 
2018-09-06,261000.0 ,266500.0 ,260500.0 ,266000.0 ,266000.0 ,78891.0 
2018-09-07,266000.0 ,266500.0 ,263000.0 ,266500.0 ,266500.0 ,55014.0 
2018-09-10,263500.0 ,268000.0 ,263000.0 ,267000.0 ,267000.0 ,44709.0 
2018-09-11,265000.0 ,269000.0 ,262500.0 ,267000.0 ,267000.0 ,57790.0 
2018-09-12,268000.0 ,270000.0 ,265500.0 ,269500.0 ,269500.0 ,66661.0 
2018-09-13,273000.0 ,279000.0 ,271500.0 ,278000.0 ,278000.0 ,142620.0 
2018-09-14,281000.0 ,281500.0 ,276500.0 ,280500.0 ,280500.0 ,86977.0 
2018-09-17,277500.0 ,282000.0 ,277500.0 ,281500.0 ,281500.0 ,55633.0 
2018-09-18,278000.0 ,281000.0 ,277000.0 ,280500.0 ,280500.0 ,81948.0 
2018-09-19,278000.0 ,280000.0 ,277000.0 ,279500.0 ,279500.0 ,66245.0 
2018-09-20,277000.0 ,281500.0 ,277000.0 ,279500.0 ,279500.0 ,87157.0 
2018-09-21,283000.0 ,286500.0 ,279500.0 ,285500.0 ,285500.0 ,112999.0 
2018-09-27,278000.0 ,284500.0 ,277000.0 ,282500.0 ,282500.0 ,99396.0 
2018-09-28,284000.0 ,288500.0 ,281000.0 ,287000.0 ,287000.0 ,79736.0 
2018-10-01,285500.0 ,288500.0 ,284000.0 ,285500.0 ,285500.0 ,48148.0 
2018-10-02,283000.0 ,289000.0 ,283000.0 ,284000.0 ,284000.0 ,50923.0 
2018-10-04,285000.0 ,286000.0 ,281500.0 ,283000.0 ,283000.0 ,94156.0 
2018-10-05,285500.0 ,293500.0 ,284500.0 ,290500.0 ,290500.0 ,163318.0 
2018-10-08,290500.0 ,293000.0 ,287000.0 ,287500.0 ,287500.0 ,69204.0 
2018-10-10,283500.0 ,285500.0 ,281000.0 ,285500.0 ,285500.0 ,120187.0 
2018-10-11,278000.0 ,280000.0 ,268500.0 ,268500.0 ,268500.0 ,147543.0 
2018-10-12,269500.0 ,271000.0 ,263500.0 ,270500.0 ,270500.0 ,81783.0 
2018-10-15,267500.0 ,268500.0 ,263000.0 ,265000.0 ,265000.0 ,79943.0 
2018-10-16,267500.0 ,271500.0 ,264000.0 ,271000.0 ,271000.0 ,54532.0 
2018-10-17,276500.0 ,277000.0 ,270000.0 ,271500.0 ,271500.0 ,49641.0 
2018-10-18,269500.0 ,273000.0 ,265500.0 ,269000.0 ,269000.0 ,51062.0 
2018-10-19,265000.0 ,271000.0 ,264500.0 ,269500.0 ,269500.0 ,47532.0 
2018-10-22,266500.0 ,269500.0 ,264000.0 ,268000.0 ,268000.0 ,64252.0 
2018-10-23,265500.0 ,268500.0 ,258500.0 ,259500.0 ,259500.0 ,73047.0 
2018-10-24,263500.0 ,265000.0 ,260000.0 ,263500.0 ,263500.0 ,84909.0 
2018-10-25,262500.0 ,266500.0 ,260000.0 ,264000.0 ,264000.0 ,118165.0 
2018-10-26,262000.0 ,265500.0 ,256000.0 ,259500.0 ,259500.0 ,75971.0 
2018-10-29,260500.0 ,263500.0 ,257000.0 ,258500.0 ,258500.0 ,77697.0 
2018-10-30,258500.0 ,262000.0 ,253500.0 ,256500.0 ,256500.0 ,76220.0 
2018-10-31,255500.0 ,262500.0 ,251500.0 ,261500.0 ,261500.0 ,90509.0 
2018-11-01,259500.0 ,262000.0 ,255500.0 ,255500.0 ,255500.0 ,56568.0 
2018-11-02,256500.0 ,263000.0 ,255000.0 ,262000.0 ,262000.0 ,92118.0 
2018-11-05,259000.0 ,260500.0 ,253000.0 ,256000.0 ,256000.0 ,66837.0 
2018-11-06,257000.0 ,259000.0 ,254500.0 ,258500.0 ,258500.0 ,56162.0 
2018-11-07,258000.0 ,269000.0 ,257000.0 ,266000.0 ,266000.0 ,104392.0 
2018-11-08,269500.0 ,273000.0 ,265000.0 ,265000.0 ,265000.0 ,127135.0 
2018-11-09,264500.0 ,267000.0 ,261000.0 ,262000.0 ,262000.0 ,65516.0 
2018-11-12,261500.0 ,274000.0 ,260500.0 ,273500.0 ,273500.0 ,87713.0 
2018-11-13,273000.0 ,273000.0 ,264000.0 ,271500.0 ,271500.0 ,88828.0 
2018-11-14,271000.0 ,271500.0 ,265500.0 ,269500.0 ,269500.0 ,72523.0 
2018-11-15,  null  ,  null  ,  null  ,  null  ,  null  ,  null  
2018-11-16,273000.0 ,276000.0 ,269500.0 ,273500.0 ,273500.0 ,64050.0 
2018-11-19,273000.0 ,280000.0 ,272000.0 ,280000.0 ,280000.0 ,72891.0 
2018-11-20,278000.0 ,281000.0 ,276500.0 ,280500.0 ,280500.0 ,88875.0 
2018-11-21,278000.0 ,279500.0 ,273000.0 ,273500.0 ,273500.0 ,78163.0 
2018-11-22,273000.0 ,274500.0 ,269500.0 ,272000.0 ,272000.0 ,61570.0 
2018-11-23,271000.0 ,272500.0 ,266500.0 ,270500.0 ,270500.0 ,42001.0 
2018-11-26,279500.0 ,279500.0 ,266000.0 ,270000.0 ,270000.0 ,101139.0 
2018-11-27,271000.0 ,273000.0 ,266500.0 ,273000.0 ,273000.0 ,133230.0 
2018-11-28,273500.0 ,278000.0 ,269500.0 ,277000.0 ,277000.0 ,82620.0 
2018-11-29,281500.0 ,287000.0 ,279500.0 ,281000.0 ,281000.0 ,112231.0 
2018-11-30,282500.0 ,284500.0 ,280000.0 ,281500.0 ,281500.0 ,99474.0 
2018-12-03,282000.0 ,284000.0 ,278500.0 ,281000.0 ,281000.0 ,73460.0 
2018-12-04,279500.0 ,281000.0 ,274000.0 ,277000.0 ,277000.0 ,88928.0 
2018-12-05,272500.0 ,277000.0 ,271500.0 ,274000.0 ,274000.0 ,63654.0 
2018-12-06,275500.0 ,276000.0 ,271500.0 ,275000.0 ,275000.0 ,75158.0 
2018-12-07,276000.0 ,276000.0 ,265500.0 ,268500.0 ,268500.0 ,99172.0 
2018-12-10,264000.0 ,272000.0 ,264000.0 ,272000.0 ,272000.0 ,79953.0 
2018-12-11,272000.0 ,278000.0 ,271000.0 ,273000.0 ,273000.0 ,60740.0 
2018-12-12,277000.0 ,277000.0 ,270000.0 ,273000.0 ,273000.0 ,80200.0 
2018-12-13,272000.0 ,277000.0 ,271000.0 ,274500.0 ,274500.0 ,158152.0 
2018-12-14,277000.0 ,278000.0 ,270500.0 ,275000.0 ,275000.0 ,77003.0 
2018-12-17,276500.0 ,281500.0 ,272000.0 ,275000.0 ,275000.0 ,110312.0 
2018-12-18,274500.0 ,275500.0 ,268000.0 ,271000.0 ,271000.0 ,81575.0 
2018-12-19,271500.0 ,272500.0 ,268500.0 ,271500.0 ,271500.0 ,84946.0 
2018-12-20,271000.0 ,271000.0 ,261500.0 ,265500.0 ,265500.0 ,113260.0 
2018-12-21,266000.0 ,268000.0 ,263500.0 ,267500.0 ,267500.0 ,125234.0 
2018-12-24,264500.0 ,265500.0 ,261500.0 ,262000.0 ,262000.0 ,70283.0 
2018-12-26,259500.0 ,262000.0 ,252500.0 ,255500.0 ,255500.0 ,90953.0 
2018-12-27,254500.0 ,259500.0 ,251000.0 ,258000.0 ,258000.0 ,77755.0 
2018-12-28,258500.0 ,261000.0 ,257500.0 ,260000.0 ,260000.0 ,63169.0 
2019-01-02,261000.0 ,261500.0 ,250500.0 ,252000.0 ,252000.0 ,74745.0 
2019-01-03,253000.0 ,253500.0 ,244000.0 ,245500.0 ,245500.0 ,114272.0 
2019-01-04,245500.0 ,248500.0 ,244000.0 ,248000.0 ,248000.0 ,93698.0 
2019-01-07,252000.0 ,254500.0 ,249000.0 ,252000.0 ,252000.0 ,70358.0 
2019-01-08,253500.0 ,254500.0 ,251000.0 ,254000.0 ,254000.0 ,52414.0 
2019-01-09,252500.0 ,258500.0 ,251500.0 ,255000.0 ,255000.0 ,89560.0 
2019-01-10,253500.0 ,259000.0 ,253000.0 ,257000.0 ,257000.0 ,86167.0 
2019-01-11,256500.0 ,258000.0 ,253000.0 ,255000.0 ,255000.0 ,92618.0 
2019-01-14,254000.0 ,254000.0 ,247500.0 ,252000.0 ,252000.0 ,77195.0 
2019-01-15,253000.0 ,260000.0 ,252000.0 ,259500.0 ,259500.0 ,82153.0 
2019-01-16,259500.0 ,264500.0 ,259000.0 ,264500.0 ,264500.0 ,79266.0 
2019-01-17,264500.0 ,267000.0 ,260500.0 ,267000.0 ,267000.0 ,84511.0 
2019-01-18,268500.0 ,270000.0 ,263500.0 ,266500.0 ,266500.0 ,95526.0 
2019-01-21,268500.0 ,268500.0 ,262500.0 ,262500.0 ,262500.0 ,101050.0 
2019-01-22,262500.0 ,266000.0 ,261500.0 ,261500.0 ,261500.0 ,113958.0 
2019-01-23,260000.0 ,263500.0 ,259500.0 ,260500.0 ,260500.0 ,460972.0 
2019-01-24,258500.0 ,263000.0 ,258500.0 ,261500.0 ,261500.0 ,102485.0 
2019-01-25,260500.0 ,267000.0 ,260500.0 ,267000.0 ,267000.0 ,120260.0 
2019-01-28,266000.0 ,266500.0 ,262000.0 ,263000.0 ,263000.0 ,113877.0 
2019-01-29,262000.0 ,263000.0 ,259500.0 ,262000.0 ,262000.0 ,100489.0 
2019-01-30,264500.0 ,266000.0 ,260000.0 ,266000.0 ,266000.0 ,111132.0 
2019-01-31,268500.0 ,268500.0 ,262500.0 ,263500.0 ,263500.0 ,106974.0 
2019-02-01,261500.0 ,264500.0 ,257500.0 ,258000.0 ,258000.0 ,119435.0 
2019-02-07,259500.0 ,268000.0 ,258500.0 ,266000.0 ,266000.0 ,95929.0 
2019-02-08,265500.0 ,266000.0 ,262500.0 ,263500.0 ,263500.0 ,73570.0 
2019-02-11,263500.0 ,267500.0 ,262000.0 ,263000.0 ,263000.0 ,74205.0 
2019-02-12,265000.0 ,276000.0 ,263500.0 ,274500.0 ,274500.0 ,130509.0 
2019-02-13,272500.0 ,275500.0 ,268000.0 ,270500.0 ,270500.0 ,120952.0 
2019-02-14,267500.0 ,277500.0 ,266000.0 ,277500.0 ,277500.0 ,132311.0 
2019-02-15,285500.0 ,288000.0 ,276500.0 ,280000.0 ,280000.0 ,261881.0 
2019-02-18,282000.0 ,282000.0 ,277000.0 ,279500.0 ,279500.0 ,145899.0 
2019-02-19,279000.0 ,279500.0 ,274500.0 ,274500.0 ,274500.0 ,141134.0 
2019-02-20,274500.0 ,279500.0 ,274000.0 ,276000.0 ,276000.0 ,97182.0 
2019-02-21,274500.0 ,275000.0 ,269500.0 ,271500.0 ,271500.0 ,109297.0 
2019-02-22,270000.0 ,271500.0 ,267000.0 ,271000.0 ,271000.0 ,73315.0 
2019-02-25,271500.0 ,273000.0 ,269000.0 ,272000.0 ,272000.0 ,46686.0 
2019-02-26,270000.0 ,273000.0 ,269000.0 ,271500.0 ,271500.0 ,59765.0 
2019-02-27,273000.0 ,273500.0 ,269500.0 ,272000.0 ,272000.0 ,86551.0 
2019-02-28,273500.0 ,276500.0 ,270000.0 ,272500.0 ,272500.0 ,118389.0 
2019-03-04,278000.0 ,278000.0 ,267500.0 ,267500.0 ,267500.0 ,133104.0 
2019-03-05,267500.0 ,270500.0 ,267500.0 ,270000.0 ,270000.0 ,80711.0 
2019-03-06,272000.0 ,275000.0 ,270000.0 ,274500.0 ,274500.0 ,77933.0 
2019-03-07,274000.0 ,276000.0 ,269000.0 ,271000.0 ,271000.0 ,70726.0 
2019-03-08,269500.0 ,269500.0 ,265500.0 ,265500.0 ,265500.0 ,50260.0 
2019-03-11,265000.0 ,266500.0 ,261500.0 ,266500.0 ,266500.0 ,48689.0 
2019-03-12,265500.0 ,268500.0 ,265500.0 ,268000.0 ,268000.0 ,37556.0 
2019-03-13,268500.0 ,269000.0 ,261000.0 ,262500.0 ,262500.0 ,101875.0 
2019-03-14,266500.0 ,270500.0 ,263500.0 ,268500.0 ,268500.0 ,125674.0 
2019-03-15,266000.0 ,276000.0 ,264500.0 ,273000.0 ,273000.0 ,150467.0 
2019-03-18,275000.0 ,276500.0 ,272000.0 ,275000.0 ,275000.0 ,60678.0 
2019-03-19,273500.0 ,277500.0 ,272000.0 ,276000.0 ,276000.0 ,75347.0 
2019-03-20,274000.0 ,280500.0 ,271000.0 ,280500.0 ,280500.0 ,76692.0 
2019-03-21,284000.0 ,287000.0 ,275500.0 ,278000.0 ,278000.0 ,135176.0 
2019-03-22,275000.0 ,277000.0 ,273500.0 ,276000.0 ,276000.0 ,84415.0 
2019-03-25,275000.0 ,276500.0 ,268500.0 ,271000.0 ,271000.0 ,53941.0 
2019-03-26,269000.0 ,269000.0 ,265000.0 ,267500.0 ,267500.0 ,95820.0 
2019-03-27,270000.0 ,271000.0 ,266000.0 ,267500.0 ,267500.0 ,82890.0 
2019-03-28,265500.0 ,268000.0 ,263000.0 ,265000.0 ,265000.0 ,74991.0 
2019-03-29,266500.0 ,271000.0 ,266500.0 ,270500.0 ,270500.0 ,64718.0 
2019-04-01,270500.0 ,271500.0 ,268500.0 ,270500.0 ,270500.0 ,49613.0 
2019-04-02,269000.0 ,272000.0 ,268000.0 ,272000.0 ,272000.0 ,67451.0 
2019-04-03,268500.0 ,269500.0 ,266000.0 ,269500.0 ,269500.0 ,147213.0 
2019-04-04,270000.0 ,273000.0 ,269000.0 ,272500.0 ,272500.0 ,86744.0 
2019-04-05,273500.0 ,276000.0 ,271000.0 ,275500.0 ,275500.0 ,76875.0 
2019-04-08,276500.0 ,277000.0 ,272000.0 ,276000.0 ,276000.0 ,72501.0 
2019-04-09,274000.0 ,278000.0 ,272500.0 ,276000.0 ,276000.0 ,80283.0 
2019-04-10,274000.0 ,276500.0 ,271500.0 ,272500.0 ,272500.0 ,118696.0 
2019-04-11,271500.0 ,272500.0 ,265500.0 ,266500.0 ,266500.0 ,389805.0 
2019-04-12,267500.0 ,268000.0 ,265500.0 ,266500.0 ,266500.0 ,139491.0 
2019-04-15,267500.0 ,271000.0 ,267000.0 ,269000.0 ,269000.0 ,130960.0 
2019-04-16,267500.0 ,268000.0 ,265500.0 ,267500.0 ,267500.0 ,121652.0 
2019-04-17,267500.0 ,270500.0 ,266500.0 ,269000.0 ,269000.0 ,60009.0 
2019-04-18,270500.0 ,270500.0 ,266500.0 ,267500.0 ,267500.0 ,108100.0 
2019-04-19,266500.0 ,268000.0 ,265500.0 ,266500.0 ,266500.0 ,37949.0 
2019-04-22,266500.0 ,268000.0 ,264500.0 ,266000.0 ,266000.0 ,53418.0 
2019-04-23,267500.0 ,268000.0 ,265000.0 ,267000.0 ,267000.0 ,47049.0 
2019-04-24,267000.0 ,267500.0 ,262000.0 ,263500.0 ,263500.0 ,108019.0 
2019-04-25,264000.0 ,264000.0 ,259500.0 ,260500.0 ,260500.0 ,83322.0 
2019-04-26,261500.0 ,261500.0 ,255500.0 ,256000.0 ,256000.0 ,104585.0 
2019-04-29,257500.0 ,259000.0 ,253000.0 ,259000.0 ,259000.0 ,97373.0 
2019-04-30,259500.0 ,260500.0 ,254000.0 ,256500.0 ,256500.0 ,97164.0 
2019-05-02,254000.0 ,259500.0 ,252500.0 ,258000.0 ,258000.0 ,69234.0 
2019-05-03,254500.0 ,259500.0 ,254500.0 ,256500.0 ,256500.0 ,64215.0 
2019-05-07,252500.0 ,256500.0 ,252500.0 ,256500.0 ,256500.0 ,76130.0 
2019-05-08,252500.0 ,256500.0 ,251500.0 ,254500.0 ,254500.0 ,71743.0 
2019-05-09,253000.0 ,255500.0 ,246500.0 ,246500.0 ,246500.0 ,146331.0 
2019-05-10,246500.0 ,251500.0 ,246500.0 ,248500.0 ,248500.0 ,99666.0 
2019-05-13,245500.0 ,249500.0 ,245500.0 ,248500.0 ,248500.0 ,73205.0 
2019-05-14,248500.0 ,251500.0 ,245500.0 ,250500.0 ,250500.0 ,110668.0 
2019-05-15,249000.0 ,251500.0 ,247000.0 ,251000.0 ,251000.0 ,85394.0 
2019-05-16,249000.0 ,251000.0 ,244000.0 ,244500.0 ,244500.0 ,98093.0 
2019-05-17,244500.0 ,247500.0 ,242000.0 ,242000.0 ,242000.0 ,82174.0 
2019-05-20,243000.0 ,245500.0 ,240500.0 ,241500.0 ,241500.0 ,62233.0 
2019-05-21,239000.0 ,242500.0 ,239000.0 ,241500.0 ,241500.0 ,74845.0 
2019-05-22,240500.0 ,241000.0 ,235500.0 ,238500.0 ,238500.0 ,129967.0 
2019-05-23,236500.0 ,239500.0 ,236000.0 ,237500.0 ,237500.0 ,88479.0 
2019-05-24,237500.0 ,239000.0 ,235500.0 ,238000.0 ,238000.0 ,60011.0 
2019-05-27,237000.0 ,238500.0 ,233500.0 ,235000.0 ,235000.0 ,72870.0 
2019-05-28,237500.0 ,239000.0 ,234000.0 ,239000.0 ,239000.0 ,294024.0 
2019-05-29,238000.0 ,238000.0 ,227500.0 ,229000.0 ,229000.0 ,148233.0 
2019-05-30,227500.0 ,234500.0 ,226500.0 ,234500.0 ,234500.0 ,103443.0 
2019-05-31,233000.0 ,233000.0 ,229000.0 ,231500.0 ,231500.0 ,115216.0 
2019-06-03,229500.0 ,239000.0 ,227000.0 ,239000.0 ,239000.0 ,108704.0 
2019-06-04,237000.0 ,239500.0 ,235500.0 ,239000.0 ,239000.0 ,70951.0 
2019-06-05,241000.0 ,242000.0 ,235000.0 ,237000.0 ,237000.0 ,75976.0 
2019-06-07,237500.0 ,239500.0 ,234500.0 ,238000.0 ,238000.0 ,54456.0 
2019-06-10,239000.0 ,239500.0 ,237000.0 ,239000.0 ,239000.0 ,59149.0 
2019-06-11,238000.0 ,239000.0 ,233500.0 ,239000.0 ,239000.0 ,93837.0 
2019-06-12,238000.0 ,239000.0 ,235500.0 ,236500.0 ,236500.0 ,74830.0 
2019-06-13,235000.0 ,239500.0 ,233000.0 ,239500.0 ,239500.0 ,112494.0 
2019-06-14,238000.0 ,238000.0 ,232500.0 ,234000.0 ,234000.0 ,107595.0 
2019-06-17,234000.0 ,235000.0 ,231500.0 ,233000.0 ,233000.0 ,78976.0 
2019-06-18,233500.0 ,235000.0 ,233000.0 ,234500.0 ,234500.0 ,48951.0 
2019-06-19,235500.0 ,239000.0 ,235500.0 ,239000.0 ,239000.0 ,59892.0 
2019-06-20,239000.0 ,241500.0 ,237000.0 ,240000.0 ,240000.0 ,72001.0 
2019-06-21,238500.0 ,240500.0 ,238000.0 ,238500.0 ,238500.0 ,59095.0 
2019-06-24,239500.0 ,239500.0 ,235000.0 ,236000.0 ,236000.0 ,58127.0 
2019-06-25,235500.0 ,237500.0 ,234000.0 ,236500.0 ,236500.0 ,75047.0 
2019-06-26,234500.0 ,236500.0 ,234000.0 ,235000.0 ,235000.0 ,68392.0 
2019-06-27,234000.0 ,235500.0 ,232000.0 ,234000.0 ,234000.0 ,87126.0 
2019-06-28,233000.0 ,236000.0 ,231500.0 ,232000.0 ,232000.0 ,58988.0 
2019-07-01,233000.0 ,234500.0 ,231500.0 ,232000.0 ,232000.0 ,52439.0 
2019-07-02,231000.0 ,233000.0 ,230500.0 ,233000.0 ,233000.0 ,56316.0 
2019-07-03,233000.0 ,233000.0 ,227500.0 ,228000.0 ,228000.0 ,66780.0 
2019-07-04,229000.0 ,229500.0 ,223500.0 ,227500.0 ,227500.0 ,99793.0 
2019-07-05,227500.0 ,232000.0 ,226500.0 ,231500.0 ,231500.0 ,42178.0 
2019-07-08,229000.0 ,230000.0 ,222500.0 ,222500.0 ,222500.0 ,73177.0 
2019-07-09,223000.0 ,224500.0 ,221000.0 ,223000.0 ,223000.0 ,63824.0 
2019-07-10,222000.0 ,222500.0 ,219500.0 ,220000.0 ,220000.0 ,91360.0 
2019-07-11,220500.0 ,225500.0 ,220500.0 ,223000.0 ,223000.0 ,159593.0 
2019-07-12,223500.0 ,225000.0 ,221500.0 ,223500.0 ,223500.0 ,85096.0 
2019-07-15,222000.0 ,224500.0 ,222000.0 ,224000.0 ,224000.0 ,70901.0 
2019-07-16,224500.0 ,230000.0 ,224000.0 ,229000.0 ,229000.0 ,96215.0 
2019-07-17,230000.0 ,230000.0 ,223000.0 ,227500.0 ,227500.0 ,63115.0 
2019-07-18,224500.0 ,227500.0 ,223500.0 ,226000.0 ,226000.0 ,61565.0 
2019-07-19,226000.0 ,228500.0 ,224000.0 ,228000.0 ,228000.0 ,63490.0 
2019-07-22,229000.0 ,229000.0 ,224500.0 ,225500.0 ,225500.0 ,61625.0 
2019-07-23,226500.0 ,228500.0 ,224000.0 ,228000.0 ,228000.0 ,75635.0 
2019-07-24,228000.0 ,232500.0 ,227500.0 ,230000.0 ,230000.0 ,100382.0 
2019-07-25,229000.0 ,230000.0 ,224500.0 ,225000.0 ,225000.0 ,95729.0 
2019-07-26,224000.0 ,225000.0 ,221000.0 ,224500.0 ,224500.0 ,78112.0 
2019-07-29,224500.0 ,224500.0 ,219500.0 ,221500.0 ,221500.0 ,71883.0 
2019-07-30,223000.0 ,223000.0 ,219000.0 ,220500.0 ,220500.0 ,45630.0 
2019-07-31,220500.0 ,222000.0 ,218000.0 ,221000.0 ,221000.0 ,87963.0 
2019-08-01,218000.0 ,219000.0 ,214500.0 ,215000.0 ,215000.0 ,121338.0 
2019-08-02,211500.0 ,211500.0 ,207500.0 ,208500.0 ,208500.0 ,159763.0 
2019-08-05,205000.0 ,209000.0 ,204000.0 ,207500.0 ,207500.0 ,166770.0 
2019-08-06,200500.0 ,207500.0 ,200500.0 ,206000.0 ,206000.0 ,159693.0 
2019-08-07,203000.0 ,205000.0 ,199000.0 ,200000.0 ,200000.0 ,149069.0 
2019-08-08,202000.0 ,203500.0 ,200500.0 ,201000.0 ,201000.0 ,386126.0 
2019-08-09,203000.0 ,203500.0 ,200500.0 ,201500.0 ,201500.0 ,105079.0 
2019-08-12,201500.0 ,203000.0 ,197000.0 ,197500.0 ,197500.0 ,177127.0 
2019-08-13,196000.0 ,198000.0 ,193000.0 ,193500.0 ,193500.0 ,180229.0 
2019-08-14,195000.0 ,199500.0 ,194000.0 ,197500.0 ,197500.0 ,128063.0 
2019-08-16,194500.0 ,194500.0 ,189000.0 ,193000.0 ,193000.0 ,221878.0 
2019-08-19,193000.0 ,196500.0 ,192000.0 ,195500.0 ,195500.0 ,86889.0 
2019-08-20,194000.0 ,197500.0 ,192000.0 ,196000.0 ,196000.0 ,123459.0 
2019-08-21,194500.0 ,199500.0 ,194500.0 ,198500.0 ,198500.0 ,101177.0 
2019-08-22,200000.0 ,202000.0 ,198000.0 ,198500.0 ,198500.0 ,139490.0 
2019-08-23,196000.0 ,198000.0 ,195000.0 ,197000.0 ,197000.0 ,88655.0 
2019-08-26,194000.0 ,196500.0 ,190500.0 ,194500.0 ,194500.0 ,120075.0 
2019-08-27,195000.0 ,196000.0 ,191500.0 ,192500.0 ,192500.0 ,152660.0 
2019-08-28,194500.0 ,194500.0 ,192000.0 ,193500.0 ,193500.0 ,72873.0 
2019-08-29,193000.0 ,195000.0 ,191000.0 ,195000.0 ,195000.0 ,122293.0 
2019-08-30,195000.0 ,201000.0 ,193000.0 ,200000.0 ,200000.0 ,153761.0 
2019-09-02,196500.0 ,201500.0 ,196000.0 ,201000.0 ,201000.0 ,56832.0 
2019-09-03,199000.0 ,206500.0 ,199000.0 ,203500.0 ,203500.0 ,148830.0 
2019-09-04,202500.0 ,203500.0 ,200000.0 ,202500.0 ,202500.0 ,105358.0 
2019-09-05,201000.0 ,206000.0 ,200500.0 ,204500.0 ,204500.0 ,93086.0 
2019-09-06,203500.0 ,206500.0 ,202500.0 ,203500.0 ,203500.0 ,55135.0 
2019-09-09,202500.0 ,206000.0 ,202500.0 ,203000.0 ,203000.0 ,77632.0 
2019-09-10,203000.0 ,205000.0 ,201500.0 ,204000.0 ,204000.0 ,109809.0 
2019-09-11,203500.0 ,206000.0 ,203000.0 ,204000.0 ,204000.0 ,170250.0 
2019-09-16,207000.0 ,218500.0 ,206000.0 ,217000.0 ,217000.0 ,283391.0 
2019-09-17,217000.0 ,217000.0 ,210500.0 ,210500.0 ,210500.0 ,159082.0 
2019-09-18,211000.0 ,213500.0 ,210500.0 ,211500.0 ,211500.0 ,89177.0 
2019-09-19,211500.0 ,213000.0 ,207500.0 ,210000.0 ,210000.0 ,86999.0 
2019-09-20,208500.0 ,214000.0 ,207500.0 ,214000.0 ,214000.0 ,120010.0 
2019-09-23,212000.0 ,213500.0 ,211000.0 ,212000.0 ,212000.0 ,96631.0 
2019-09-24,209000.0 ,214000.0 ,209000.0 ,214000.0 ,214000.0 ,116009.0 
2019-09-25,211500.0 ,213500.0 ,207000.0 ,208000.0 ,208000.0 ,114062.0 
2019-09-26,209000.0 ,210000.0 ,204000.0 ,206500.0 ,206500.0 ,99812.0 
2019-09-27,207000.0 ,207500.0 ,200500.0 ,202500.0 ,202500.0 ,98193.0 
2019-09-30,200500.0 ,205000.0 ,200500.0 ,204000.0 ,204000.0 ,85899.0 
2019-10-01,205500.0 ,225000.0 ,205000.0 ,224000.0 ,224000.0 ,372320.0 
2019-10-02,225000.0 ,234000.0 ,225000.0 ,227000.0 ,227000.0 ,394423.0 
2019-10-04,225500.0 ,229500.0 ,225500.0 ,226000.0 ,226000.0 ,233258.0 
2019-10-07,226000.0 ,231500.0 ,225000.0 ,229500.0 ,229500.0 ,207467.0 
2019-10-08,230000.0 ,232500.0 ,228500.0 ,229500.0 ,229500.0 ,182544.0 
2019-10-10,227500.0 ,229500.0 ,225500.0 ,225500.0 ,225500.0 ,270202.0 
2019-10-11,227500.0 ,232500.0 ,224000.0 ,230500.0 ,230500.0 ,147133.0 
2019-10-14,232000.0 ,234000.0 ,230500.0 ,230500.0 ,230500.0 ,142358.0 
2019-10-15,230500.0 ,236500.0 ,230000.0 ,235000.0 ,235000.0 ,204515.0 
2019-10-16,237000.0 ,240500.0 ,235500.0 ,240000.0 ,240000.0 ,197807.0 
2019-10-17,242000.0 ,247000.0 ,240500.0 ,243000.0 ,243000.0 ,210896.0 
2019-10-18,241000.0 ,244000.0 ,240000.0 ,241000.0 ,241000.0 ,133870.0 
2019-10-21,241000.0 ,242000.0 ,238500.0 ,240500.0 ,240500.0 ,117252.0 
2019-10-22,241000.0 ,243000.0 ,240000.0 ,242000.0 ,242000.0 ,84123.0 
2019-10-23,240000.0 ,241500.0 ,237500.0 ,238500.0 ,238500.0 ,144019.0 
2019-10-24,238500.0 ,250000.0 ,238000.0 ,249500.0 ,249500.0 ,261073.0 
2019-10-25,247500.0 ,251500.0 ,246500.0 ,251000.0 ,251000.0 ,153784.0 
2019-10-28,256500.0 ,260000.0 ,254000.0 ,257000.0 ,257000.0 ,284317.0 
2019-10-29,259500.0 ,262000.0 ,256000.0 ,257000.0 ,257000.0 ,288527.0 
2019-10-30,258000.0 ,261500.0 ,256000.0 ,256500.0 ,256500.0 ,295035.0 
2019-10-31,257000.0 ,264000.0 ,254500.0 ,258500.0 ,258500.0 ,328344.0 
2019-11-01,258500.0 ,263000.0 ,258000.0 ,263000.0 ,263000.0 ,204787.0 
2019-11-04,264500.0 ,269000.0 ,264000.0 ,268000.0 ,268000.0 ,171705.0 
2019-11-05,268500.0 ,269000.0 ,266000.0 ,267500.0 ,267500.0 ,222141.0 
2019-11-06,266500.0 ,269000.0 ,266000.0 ,268000.0 ,268000.0 ,184380.0 
2019-11-07,267000.0 ,269000.0 ,265500.0 ,268000.0 ,268000.0 ,161469.0 
2019-11-08,267000.0 ,269000.0 ,266000.0 ,268500.0 ,268500.0 ,136822.0 
2019-11-11,268000.0 ,271500.0 ,267500.0 ,270000.0 ,270000.0 ,149397.0 
2019-11-12,271000.0 ,271000.0 ,268500.0 ,269000.0 ,269000.0 ,168608.0 
2019-11-13,268000.0 ,269500.0 ,261500.0 ,263000.0 ,263000.0 ,257602.0 
2019-11-14,  null  ,  null  ,  null  ,  null  ,  null  ,  null  
2019-11-15,265000.0 ,270000.0 ,265000.0 ,270000.0 ,270000.0 ,198430.0 
2019-11-18,270000.0 ,275000.0 ,269500.0 ,275000.0 ,275000.0 ,185370.0 
2019-11-19,274500.0 ,276500.0 ,272500.0 ,272500.0 ,272500.0 ,222226.0 
2019-11-20,271500.0 ,274500.0 ,268500.0 ,272000.0 ,272000.0 ,210122.0 
2019-11-21,271000.0 ,273000.0 ,268500.0 ,271000.0 ,271000.0 ,194908.0 
2019-11-22,276000.0 ,278000.0 ,255500.0 ,258000.0 ,258000.0 ,509755.0 
2019-11-25,263500.0 ,265000.0 ,258500.0 ,262000.0 ,262000.0 ,247512.0 
2019-11-26,262500.0 ,267500.0 ,262000.0 ,266000.0 ,266000.0 ,341564.0 
2019-11-27,268000.0 ,268500.0 ,258000.0 ,260000.0 ,260000.0 ,262649.0 
2019-11-28,257000.0 ,260500.0 ,257000.0 ,260000.0 ,260000.0 ,146692.0 
2019-11-29,261000.0 ,261000.0 ,257000.0 ,257500.0 ,257500.0 ,166462.0 
2019-12-02,256000.0 ,257500.0 ,251000.0 ,256000.0 ,256000.0 ,161598.0 
2019-12-03,255000.0 ,257000.0 ,251500.0 ,256000.0 ,256000.0 ,113344.0 
2019-12-04,255000.0 ,257000.0 ,252000.0 ,253500.0 ,253500.0 ,145075.0 
2019-12-05,252500.0 ,256000.0 ,248500.0 ,250500.0 ,250500.0 ,154954.0 
2019-12-06,251500.0 ,258000.0 ,251500.0 ,257000.0 ,257000.0 ,138321.0 
2019-12-09,256500.0 ,261500.0 ,255500.0 ,260000.0 ,260000.0 ,110105.0 
2019-12-10,257500.0 ,263500.0 ,257500.0 ,261000.0 ,261000.0 ,120565.0 
2019-12-11,261000.0 ,262500.0 ,258500.0 ,259000.0 ,259000.0 ,127158.0 
2019-12-12,263000.0 ,263000.0 ,259000.0 ,259500.0 ,259500.0 ,173560.0 
2019-12-13,262500.0 ,264000.0 ,257500.0 ,258500.0 ,258500.0 ,120681.0 
2019-12-16,261500.0 ,261500.0 ,258500.0 ,260000.0 ,260000.0 ,86140.0 
2019-12-17,258500.0 ,259500.0 ,255500.0 ,256500.0 ,256500.0 ,137591.0 
2019-12-18,256500.0 ,257500.0 ,254500.0 ,256500.0 ,256500.0 ,109632.0 
2019-12-19,255500.0 ,258000.0 ,252500.0 ,257000.0 ,257000.0 ,107033.0 
2019-12-20,258000.0 ,259500.0 ,256000.0 ,258500.0 ,258500.0 ,95196.0 
2019-12-23,261500.0 ,263500.0 ,256500.0 ,261500.0 ,261500.0 ,92109.0 
2019-12-24,260500.0 ,262500.0 ,260500.0 ,262000.0 ,262000.0 ,70410.0 
2019-12-26,264000.0 ,264000.0 ,261000.0 ,262500.0 ,262500.0 ,412790.0 
2019-12-27,259000.0 ,264500.0 ,256500.0 ,262500.0 ,262500.0 ,122918.0 
2019-12-30,263000.0 ,263000.0 ,260000.0 ,262000.0 ,262000.0 ,67905.0 
