date,close,open,high,low,diff
2019년 12월 31일,"1,155.07","1,157.97","1,159.19","1,153.14",(0.0025)
2019년 12월 30일,"1,157.97","1,160.97","1,161.30","1,154.89",(0.0015)
2019년 12월 27일,"1,159.68","1,162.15","1,162.83","1,158.12",(0.0023)
2019년 12월 26일,"1,162.30","1,161.04","1,163.42","1,160.34",0.0013 
2019년 12월 25일,"1,160.76","1,163.52","1,164.09","1,160.68",(0.0024)
2019년 12월 24일,"1,163.52","1,164.04","1,166.61","1,160.71",(0.0004)
2019년 12월 23일,"1,164.04","1,159.39","1,165.20","1,159.38",0.0040 
2019년 12월 20일,"1,159.40","1,163.23","1,166.05","1,157.87",(0.0033)
2019년 12월 19일,"1,163.27","1,167.62","1,168.24","1,163.03",(0.0029)
2019년 12월 18일,"1,166.66","1,163.24","1,168.89","1,161.99",0.0022 
2019년 12월 17일,"1,164.15","1,168.48","1,170.80","1,162.60",(0.0037)
2019년 12월 16일,"1,168.48","1,176.90","1,177.90","1,167.98",(0.0066)
2019년 12월 13일,"1,176.21","1,172.81","1,178.74","1,168.44",0.0028 
2019년 12월 12일,"1,172.89","1,189.61","1,192.70","1,170.73",(0.0141)
2019년 12월 11일,"1,189.61","1,190.49","1,196.14","1,189.61",(0.0007)
2019년 12월 10일,"1,190.49","1,191.43","1,194.86","1,189.60",(0.0001)
2019년 12월 09일,"1,190.55","1,186.31","1,193.21","1,186.01",0.0037 
2019년 12월 06일,"1,186.21","1,188.62","1,192.74","1,185.63",(0.0023)
2019년 12월 05일,"1,188.92","1,192.18","1,193.65","1,187.95",(0.0020)
2019년 12월 04일,"1,191.32","1,188.94","1,195.88","1,187.80",0.0011 
2019년 12월 03일,"1,190.06","1,185.48","1,193.99","1,184.40",0.0036 
2019년 12월 02일,"1,185.78","1,181.96","1,187.61","1,178.35",0.0035 
2019년 11월 29일,"1,181.70","1,179.13","1,183.16","1,177.91",0.0024 
2019년 11월 28일,"1,178.82","1,176.71","1,181.10","1,175.98",0.0016 
2019년 11월 27일,"1,176.97","1,173.42","1,179.19","1,172.63",0.0031 
2019년 11월 26일,"1,173.32","1,173.80","1,179.21","1,170.70",(0.0005)
2019년 11월 25일,"1,173.90","1,180.75","1,180.77","1,173.10",(0.0054)
2019년 11월 22일,"1,180.33","1,177.65","1,181.42","1,175.52",0.0029 
2019년 11월 21일,"1,176.86","1,170.23","1,179.31","1,169.56",0.0052 
2019년 11월 20일,"1,170.82","1,168.35","1,172.71","1,167.73",0.0021 
2019년 11월 19일,"1,168.35","1,167.23","1,171.23","1,165.83",0.0010 
2019년 11월 18일,"1,167.23","1,163.90","1,168.56","1,162.93",0.0031 
2019년 11월 15일,"1,163.65","1,169.08","1,170.31","1,163.41",(0.0046)
2019년 11월 14일,"1,169.08","1,172.39","1,173.17","1,168.62",(0.0021)
2019년 11월 13일,"1,171.51","1,165.95","1,173.91","1,164.71",0.0043 
2019년 11월 12일,"1,166.53","1,165.46","1,167.34","1,160.68",0.0009 
2019년 11월 11일,"1,165.45","1,159.25","1,167.68","1,158.45",0.0058 
2019년 11월 08일,"1,158.76","1,154.47","1,159.37","1,153.74",0.0030 
2019년 11월 07일,"1,155.31","1,161.43","1,163.60","1,153.11",(0.0054)
2019년 11월 06일,"1,161.58","1,156.99","1,162.98","1,155.99",0.0041 
2019년 11월 05일,"1,156.82","1,163.86","1,163.94","1,154.35",(0.0053)
2019년 11월 04일,"1,162.95","1,164.53","1,164.53","1,157.51",(0.0016)
2019년 11월 01일,"1,164.80","1,169.37","1,171.13","1,163.49",(0.0046)
2019년 10월 31일,"1,170.24","1,165.41","1,171.72","1,159.80",0.0041 
2019년 10월 30일,"1,165.41","1,168.39","1,171.00","1,164.91",(0.0018)
2019년 10월 29일,"1,167.55","1,167.78","1,169.74","1,162.47",(0.0009)
2019년 10월 28일,"1,168.61","1,172.10","1,172.20","1,168.01",(0.0027)
2019년 10월 25일,"1,171.82","1,175.28","1,175.96","1,170.91",(0.0029)
2019년 10월 24일,"1,175.21","1,169.77","1,175.21","1,166.99",0.0039 
2019년 10월 23일,"1,170.67","1,173.07","1,177.30","1,170.48",(0.0021)
2019년 10월 22일,"1,173.09","1,173.33","1,175.00","1,169.87",0.0005 
2019년 10월 21일,"1,172.49","1,178.65","1,180.56","1,168.83",(0.0054)
2019년 10월 18일,"1,178.91","1,179.07","1,183.19","1,178.62",(0.0001)
2019년 10월 17일,"1,179.07","1,185.98","1,188.07","1,175.15",(0.0063)
2019년 10월 16일,"1,186.51","1,185.79","1,191.32","1,184.30",0.0014 
2019년 10월 15일,"1,184.88","1,183.79","1,186.83","1,181.88",0.0002 
2019년 10월 14일,"1,184.70","1,183.40","1,187.23","1,180.80",0.0010 
2019년 10월 11일,"1,183.48","1,190.74","1,193.10","1,178.29",(0.0059)
2019년 10월 10일,"1,190.46","1,198.50","1,202.08","1,189.45",(0.0067)
2019년 10월 09일,"1,198.50","1,200.02","1,200.40","1,196.80",(0.0013)
2019년 10월 08일,"1,200.02","1,197.33","1,200.31","1,192.51",0.0022 
2019년 10월 07일,"1,197.33","1,192.30","1,198.92","1,192.30",0.0043 
2019년 10월 04일,"1,192.25","1,201.89","1,203.58","1,191.85",(0.0080)
2019년 10월 03일,"1,201.89","1,205.37","1,206.99","1,201.45",(0.0029)
2019년 10월 02일,"1,205.37","1,203.37","1,207.89","1,201.50",0.0017 
2019년 10월 01일,"1,203.37","1,199.09","1,204.61","1,196.62",0.0036 
2019년 09월 30일,"1,199.09","1,203.18","1,204.30","1,195.90",(0.0032)
2019년 09월 27일,"1,202.99","1,201.23","1,204.02","1,197.20",0.0021 
2019년 09월 26일,"1,200.46","1,199.82","1,203.29","1,197.99",0.0005 
2019년 09월 25일,"1,199.82","1,195.53","1,202.67","1,194.50",0.0036 
2019년 09월 24일,"1,195.53","1,195.04","1,199.06","1,192.75",0.0004 
2019년 09월 23일,"1,195.04","1,194.14","1,199.39","1,191.00",0.0008 
2019년 09월 20일,"1,194.13","1,195.35","1,196.30","1,187.40",(0.0010)
2019년 09월 19일,"1,195.35","1,191.78","1,198.00","1,190.50",0.0030 
2019년 09월 18일,"1,191.73","1,187.62","1,195.07","1,187.04",0.0035 
2019년 09월 17일,"1,187.62","1,185.02","1,191.70","1,183.79",0.0022 
2019년 09월 16일,"1,185.02","1,181.80","1,186.60","1,181.80",0.0045 
2019년 09월 13일,"1,179.72","1,182.44","1,184.72","1,175.75",(0.0023)
2019년 09월 12일,"1,182.44","1,190.68","1,191.61","1,177.90",(0.0069)
2019년 09월 11일,"1,190.68","1,192.35","1,195.51","1,189.40",(0.0007)
2019년 09월 10일,"1,191.51","1,192.09","1,193.86","1,188.76",(0.0012)
2019년 09월 09일,"1,192.93","1,192.87","1,195.88","1,189.29",0.0001 
2019년 09월 06일,"1,192.77","1,198.03","1,199.40","1,189.80",(0.0044)
2019년 09월 05일,"1,198.02","1,204.14","1,205.48","1,195.70",(0.0055)
2019년 09월 04일,"1,204.63","1,211.54","1,213.00","1,203.60",(0.0057)
2019년 09월 03일,"1,211.54","1,214.67","1,217.80","1,211.24",(0.0025)
2019년 09월 02일,"1,214.61","1,210.05","1,215.58","1,209.90",0.0034 
2019년 08월 30일,"1,210.50","1,209.12","1,212.58","1,206.99",0.0011 
2019년 08월 29일,"1,209.12","1,213.29","1,217.88","1,207.90",(0.0034)
2019년 08월 28일,"1,213.29","1,212.74","1,216.08","1,211.74",0.0005 
2019년 08월 27일,"1,212.74","1,212.74","1,216.38","1,210.70",0.0000 
2019년 08월 26일,"1,212.74","1,213.65","1,221.50","1,212.46",(0.0008)
2019년 08월 23일,"1,213.66","1,211.28","1,217.93","1,207.56",0.0027 
2019년 08월 22일,"1,210.42","1,202.49","1,212.22","1,202.49",0.0066 
2019년 08월 21일,"1,202.44","1,206.40","1,210.36","1,199.50",(0.0033)
2019년 08월 20일,"1,206.40","1,212.62","1,214.30","1,206.00",(0.0051)
2019년 08월 19일,"1,212.62","1,208.49","1,214.31","1,208.49",0.0034 
2019년 08월 16일,"1,208.47","1,213.33","1,216.30","1,205.50",(0.0040)
2019년 08월 15일,"1,213.33","1,216.86","1,219.76","1,212.70",(0.0029)
2019년 08월 14일,"1,216.86","1,206.64","1,219.40","1,206.20",0.0085 
2019년 08월 13일,"1,206.64","1,219.14","1,224.96","1,206.01",(0.0103)
2019년 08월 12일,"1,219.14","1,214.72","1,221.14","1,214.15",0.0039 
2019년 08월 09일,"1,214.45","1,208.08","1,217.48","1,207.15",0.0053 
2019년 08월 08일,"1,208.08","1,213.87","1,216.60","1,206.31",(0.0041)
2019년 08월 07일,"1,213.02","1,212.58","1,219.80","1,211.14",(0.0003)
2019년 08월 06일,"1,213.43","1,218.33","1,221.13","1,209.70",(0.0040)
2019년 08월 05일,"1,218.33","1,205.82","1,221.29","1,203.00",0.0114 
2019년 08월 02일,"1,204.61","1,195.48","1,207.09","1,190.90",0.0069 
2019년 08월 01일,"1,196.38","1,188.32","1,198.32","1,186.48",0.0068 
2019년 07월 31일,"1,188.32","1,182.04","1,189.58","1,180.33",0.0059 
2019년 07월 30일,"1,181.38","1,182.94","1,184.23","1,178.63",(0.0020)
2019년 07월 29일,"1,183.71","1,184.11","1,186.51","1,180.80",(0.0004)
2019년 07월 26일,"1,184.24","1,184.16","1,187.12","1,181.80",0.0001 
2019년 07월 25일,"1,184.16","1,178.41","1,185.57","1,177.80",0.0049 
2019년 07월 24일,"1,178.41","1,179.90","1,181.40","1,176.60",(0.0013)
2019년 07월 23일,"1,179.89","1,176.87","1,181.10","1,175.75",0.0026 
2019년 07월 22일,"1,176.87","1,176.11","1,179.90","1,175.20",0.0006 
2019년 07월 19일,"1,176.11","1,172.78","1,177.02","1,170.39",0.0028 
2019년 07월 18일,"1,172.78","1,180.62","1,184.52","1,172.76",(0.0066)
2019년 07월 17일,"1,180.62","1,179.70","1,183.05","1,177.90",0.0008 
2019년 07월 16일,"1,179.63","1,179.83","1,182.26","1,176.20",(0.0007)
2019년 07월 15일,"1,180.41","1,177.68","1,182.82","1,177.33",0.0026 
2019년 07월 12일,"1,177.32","1,175.16","1,180.77","1,174.20",0.0018 
2019년 07월 11일,"1,175.16","1,176.57","1,178.82","1,170.63",(0.0012)
2019년 07월 10일,"1,176.57","1,183.22","1,183.46","1,175.59",(0.0056)
2019년 07월 09일,"1,183.22","1,180.92","1,185.17","1,178.64",0.0019 
2019년 07월 08일,"1,180.94","1,175.48","1,183.02","1,175.00",0.0050 
2019년 07월 05일,"1,175.02","1,167.77","1,175.68","1,167.14",0.0057 
2019년 07월 04일,"1,168.34","1,170.72","1,172.46","1,167.30",(0.0020)
2019년 07월 03일,"1,170.72","1,167.47","1,173.43","1,166.14",0.0028 
2019년 07월 02일,"1,167.47","1,161.77","1,169.23","1,160.74",0.0049 
2019년 07월 01일,"1,161.77","1,156.43","1,165.52","1,149.40",0.0047 
2019년 06월 28일,"1,156.38","1,158.10","1,159.43","1,154.30",(0.0006)
2019년 06월 27일,"1,157.12","1,154.56","1,158.53","1,152.62",0.0021 
2019년 06월 26일,"1,154.67","1,156.17","1,161.05","1,152.40",(0.0013)
2019년 06월 25일,"1,156.17","1,154.67","1,157.64","1,153.00",0.0013 
2019년 06월 24일,"1,154.67","1,159.58","1,162.00","1,154.35",(0.0039)
2019년 06월 21일,"1,159.20","1,159.52","1,165.20","1,157.01",(0.0002)
2019년 06월 20일,"1,159.42","1,172.94","1,174.30","1,156.47",(0.0111)
2019년 06월 19일,"1,172.48","1,174.87","1,179.33","1,171.55",(0.0020)
2019년 06월 18일,"1,174.87","1,186.30","1,188.49","1,173.99",(0.0098)
2019년 06월 17일,"1,186.55","1,186.89","1,188.77","1,185.00",(0.0003)
2019년 06월 14일,"1,186.88","1,182.42","1,187.86","1,181.17",0.0030 
2019년 06월 13일,"1,183.32","1,184.43","1,188.08","1,181.75",(0.0002)
2019년 06월 12일,"1,183.53","1,178.38","1,184.76","1,177.98",0.0037 
2019년 06월 11일,"1,179.21","1,184.02","1,186.60","1,178.50",(0.0041)
2019년 06월 10일,"1,184.02","1,181.84","1,188.51","1,180.50",0.0016 
2019년 06월 07일,"1,182.07","1,178.67","1,187.35","1,177.75",0.0029 
2019년 06월 06일,"1,178.67","1,180.84","1,182.78","1,178.30",(0.0018)
2019년 06월 05일,"1,180.84","1,178.11","1,182.98","1,173.90",0.0022 
2019년 06월 04일,"1,178.26","1,179.42","1,184.96","1,177.22",(0.0012)
2019년 06월 03일,"1,179.64","1,188.52","1,191.52","1,178.41",(0.0077)
2019년 05월 31일,"1,188.80","1,189.73","1,194.28","1,188.47",(0.0008)
2019년 05월 30일,"1,189.73","1,194.03","1,194.65","1,187.86",(0.0036)
2019년 05월 29일,"1,194.03","1,188.94","1,197.10","1,187.67",0.0043 
2019년 05월 28일,"1,188.94","1,184.54","1,190.43","1,183.29",0.0037 
2019년 05월 27일,"1,184.55","1,186.20","1,187.80","1,182.65",(0.0010)
2019년 05월 24일,"1,185.77","1,189.80","1,192.15","1,185.53",(0.0034)
2019년 05월 23일,"1,189.80","1,191.66","1,195.15","1,188.30",(0.0008)
2019년 05월 22일,"1,190.78","1,192.19","1,197.01","1,187.61",(0.0017)
2019년 05월 21일,"1,192.78","1,195.24","1,197.31","1,191.90",(0.0016)
2019년 05월 20일,"1,194.73","1,194.61","1,195.33","1,191.05",0.0000 
2019년 05월 17일,"1,194.73","1,192.33","1,196.86","1,189.64",0.0020 
2019년 05월 16일,"1,192.33","1,186.79","1,194.00","1,186.61",0.0047 
2019년 05월 15일,"1,186.79","1,187.82","1,192.45","1,186.12",(0.0009)
2019년 05월 14일,"1,187.82","1,188.78","1,190.70","1,185.05",(0.0008)
2019년 05월 13일,"1,188.78","1,175.20","1,191.10","1,175.20",0.0116 
2019년 05월 10일,"1,175.20","1,180.09","1,183.98","1,173.78",(0.0041)
2019년 05월 09일,"1,180.09","1,173.11","1,186.36","1,171.30",0.0060 
2019년 05월 08일,"1,173.10","1,173.22","1,174.11","1,167.90",0.0006 
2019년 05월 07일,"1,172.35","1,168.28","1,173.92","1,165.74",0.0027 
2019년 05월 06일,"1,169.15","1,164.34","1,174.74","1,164.33",0.0041 
2019년 05월 03일,"1,164.33","1,166.81","1,172.43","1,163.96",(0.0023)
2019년 05월 02일,"1,167.06","1,165.63","1,168.34","1,161.30",0.0011 
2019년 05월 01일,"1,165.73","1,164.25","1,166.59","1,160.67",0.0013 
2019년 04월 30일,"1,164.25","1,159.89","1,169.78","1,159.23",0.0038 
2019년 04월 29일,"1,159.88","1,158.99","1,161.88","1,157.25",0.0008 
2019년 04월 26일,"1,158.90","1,160.01","1,163.00","1,157.10",(0.0010)
2019년 04월 25일,"1,160.01","1,156.05","1,166.29","1,156.05",0.0034 
2019년 04월 24일,"1,156.05","1,143.06","1,158.35","1,142.88",0.0113 
2019년 04월 23일,"1,143.11","1,140.99","1,145.65","1,139.46",0.0019 
2019년 04월 22일,"1,140.99","1,135.92","1,143.71","1,135.49",0.0039 
2019년 04월 19일,"1,136.58","1,137.61","1,138.60","1,135.92",(0.0005)
2019년 04월 18일,"1,137.11","1,131.78","1,138.51","1,131.53",0.0043 
2019년 04월 17일,"1,132.28","1,137.69","1,138.60","1,131.80",(0.0048)
2019년 04월 16일,"1,137.69","1,135.10","1,138.66","1,134.25",0.0023 
2019년 04월 15일,"1,135.10","1,134.72","1,136.86","1,132.20",0.0003 
2019년 04월 12일,"1,134.72","1,141.96","1,143.81","1,132.70",(0.0063)
2019년 04월 11일,"1,141.96","1,137.97","1,142.74","1,137.40",0.0035 
2019년 04월 10일,"1,137.97","1,141.08","1,144.81","1,137.20",(0.0027)
2019년 04월 09일,"1,141.08","1,143.06","1,144.81","1,139.08",(0.0009)
2019년 04월 08일,"1,142.11","1,137.12","1,146.24","1,135.62",0.0039 
2019년 04월 05일,"1,137.69","1,136.83","1,139.13","1,135.45",0.0012 
2019년 04월 04일,"1,136.33","1,134.17","1,138.36","1,133.00",0.0015 
2019년 04월 03일,"1,134.67","1,137.40","1,138.70","1,133.40",(0.0024)
2019년 04월 02일,"1,137.42","1,133.22","1,138.32","1,132.00",0.0033 
2019년 04월 01일,"1,133.72","1,137.02","1,137.96","1,131.42",(0.0032)
2019년 03월 29일,"1,137.40","1,136.00","1,138.79","1,135.20",0.0013 
2019년 03월 28일,"1,135.95","1,139.24","1,140.42","1,135.50",(0.0029)
2019년 03월 27일,"1,139.24","1,135.87","1,139.94","1,133.85",0.0030 
2019년 03월 26일,"1,135.87","1,132.86","1,136.55","1,130.90",0.0027 
2019년 03월 25일,"1,132.86","1,135.82","1,137.30","1,132.00",(0.0029)
2019년 03월 22일,"1,136.11","1,128.41","1,138.74","1,127.93",0.0068 
2019년 03월 21일,"1,128.41","1,126.05","1,130.87","1,124.51",0.0021 
2019년 03월 20일,"1,126.05","1,130.89","1,132.90","1,123.70",(0.0043)
2019년 03월 19일,"1,130.96","1,132.52","1,134.30","1,128.60",(0.0014)
2019년 03월 18일,"1,132.52","1,135.05","1,137.43","1,131.00",(0.0028)
2019년 03월 15일,"1,135.70","1,136.42","1,140.31","1,132.45",(0.0006)
2019년 03월 14일,"1,136.42","1,130.50","1,137.79","1,129.90",0.0052 
2019년 03월 13일,"1,130.50","1,128.44","1,134.66","1,127.50",0.0018 
2019년 03월 12일,"1,128.44","1,131.77","1,132.69","1,127.40",(0.0029)
2019년 03월 11일,"1,131.77","1,134.10","1,137.40","1,131.10",(0.0019)
2019년 03월 08일,"1,133.90","1,134.87","1,138.03","1,132.16",(0.0009)
2019년 03월 07일,"1,134.87","1,128.38","1,135.90","1,126.80",0.0058 
2019년 03월 06일,"1,128.38","1,125.81","1,130.77","1,125.50",0.0023 
2019년 03월 05일,"1,125.81","1,126.46","1,129.48","1,125.28",(0.0006)
2019년 03월 04일,"1,126.46","1,127.66","1,128.36","1,123.75",(0.0011)
2019년 03월 01일,"1,127.67","1,125.60","1,128.22","1,124.10",0.0016 
2019년 02월 28일,"1,125.90","1,118.50","1,126.77","1,117.10",0.0069 
2019년 02월 27일,"1,118.22","1,115.61","1,120.91","1,114.90",0.0023 
2019년 02월 26일,"1,115.61","1,116.06","1,120.22","1,114.64",(0.0004)
2019년 02월 25일,"1,116.06","1,123.31","1,124.31","1,115.50",(0.0062)
2019년 02월 22일,"1,122.99","1,125.63","1,127.70","1,121.20",(0.0023)
2019년 02월 21일,"1,125.63","1,123.22","1,127.45","1,122.00",0.0021 
2019년 02월 20일,"1,123.22","1,122.92","1,125.24","1,120.80",0.0003 
2019년 02월 19일,"1,122.92","1,126.10","1,129.52","1,122.50",(0.0031)
2019년 02월 18일,"1,126.40","1,126.44","1,127.73","1,123.30",0.0000 
2019년 02월 15일,"1,126.44","1,126.40","1,130.87","1,125.70",0.0000 
2019년 02월 14일,"1,126.40","1,125.59","1,129.58","1,123.80",0.0007 
2019년 02월 13일,"1,125.59","1,121.29","1,126.20","1,119.90",0.0038 
2019년 02월 12일,"1,121.29","1,125.99","1,128.17","1,120.80",(0.0042)
2019년 02월 11일,"1,125.99","1,124.05","1,127.78","1,122.76",0.0013 
2019년 02월 08일,"1,124.50","1,124.81","1,127.92","1,121.30",(0.0003)
2019년 02월 07일,"1,124.81","1,121.80","1,127.25","1,120.40",0.0027 
2019년 02월 06일,"1,121.80","1,117.57","1,122.39","1,117.20",0.0041 
2019년 02월 05일,"1,117.27","1,119.86","1,122.41","1,116.80",(0.0023)
2019년 02월 04일,"1,119.86","1,119.00","1,123.39","1,118.40",0.0004 
2019년 02월 01일,"1,119.40","1,112.40","1,120.31","1,111.60",0.0063 
2019년 01월 31일,"1,112.40","1,111.04","1,114.67","1,109.50",0.0012 
2019년 01월 30일,"1,111.04","1,118.01","1,119.74","1,109.40",(0.0062)
2019년 01월 29일,"1,118.01","1,118.87","1,122.50","1,116.30",(0.0008)
2019년 01월 28일,"1,118.87","1,118.51","1,120.73","1,115.40",0.0001 
2019년 01월 25일,"1,118.78","1,128.75","1,129.82","1,117.30",(0.0088)
2019년 01월 24일,"1,128.75","1,126.46","1,131.37","1,125.80",0.0020 
2019년 01월 23일,"1,126.46","1,131.77","1,132.77","1,125.80",(0.0047)
2019년 01월 22일,"1,131.77","1,133.80","1,134.28","1,128.90",(0.0023)
2019년 01월 21일,"1,134.40","1,126.36","1,134.70","1,124.20",0.0074 
2019년 01월 18일,"1,126.08","1,122.70","1,126.64","1,120.80",0.0030 
2019년 01월 17일,"1,122.70","1,120.78","1,125.35","1,119.81",0.0017 
2019년 01월 16일,"1,120.78","1,122.50","1,125.22","1,118.78",(0.0018)
2019년 01월 15일,"1,122.85","1,122.15","1,125.29","1,118.82",0.0009 
2019년 01월 14일,"1,121.80","1,118.53","1,124.92","1,118.30",0.0032 
2019년 01월 11일,"1,118.23","1,117.79","1,120.72","1,113.30",0.0004 
2019년 01월 10일,"1,117.79","1,118.18","1,123.07","1,116.30",(0.0003)
2019년 01월 09일,"1,118.18","1,122.83","1,125.58","1,117.10",(0.0041)
2019년 01월 08일,"1,122.83","1,117.66","1,126.90","1,116.80",0.0046 
2019년 01월 07일,"1,117.66","1,116.10","1,121.44","1,114.90",0.0007 
2019년 01월 04일,"1,116.85","1,125.89","1,128.92","1,115.70",(0.0080)
2019년 01월 03일,"1,125.89","1,120.12","1,131.05","1,119.20",0.0052 
2019년 01월 02일,"1,120.12","1,113.70","1,122.91","1,113.70",0.0066 
2019년 01월 01일,"1,112.83","1,114.30","1,114.95","1,112.69",(0.0013)
2018년 12월 31일,"1,114.30","1,117.05","1,117.70","1,110.80",(0.0025)
2018년 12월 28일,"1,117.05","1,120.08","1,122.42","1,113.80",(0.0027)
2018년 12월 27일,"1,120.08","1,124.66","1,124.66","1,118.90",(0.0032)
2018년 12월 26일,"1,123.66","1,123.36","1,127.81","1,122.38",(0.0015)
2018년 12월 25일,"1,125.40","1,125.17","1,126.82","1,123.20",0.0005 
2018년 12월 24일,"1,124.87","1,129.00","1,129.71","1,123.90",(0.0037)
2018년 12월 21일,"1,129.04","1,122.76","1,129.88","1,119.89",0.0056 
2018년 12월 20일,"1,122.78","1,129.71","1,131.95","1,120.80",(0.0061)
2018년 12월 19일,"1,129.71","1,127.53","1,130.05","1,121.16",0.0019 
2018년 12월 18일,"1,127.53","1,129.20","1,132.90","1,126.40",(0.0018)
2018년 12월 17일,"1,129.55","1,132.73","1,134.15","1,128.75",(0.0028)
2018년 12월 14일,"1,132.70","1,125.55","1,135.89","1,124.60",0.0064 
2018년 12월 13일,"1,125.55","1,124.82","1,127.52","1,121.39",0.0006 
2018년 12월 12일,"1,124.82","1,129.53","1,130.60","1,123.40",(0.0042)
2018년 12월 11일,"1,129.53","1,128.54","1,132.60","1,126.50",0.0010 
2018년 12월 10일,"1,128.37","1,124.89","1,131.27","1,122.65",0.0031 
2018년 12월 07일,"1,124.85","1,118.70","1,126.50","1,116.60",0.0055 
2018년 12월 06일,"1,118.70","1,114.16","1,123.90","1,112.30",0.0041 
2018년 12월 05일,"1,114.16","1,111.51","1,117.00","1,110.80",0.0024 
2018년 12월 04일,"1,111.51","1,109.54","1,114.40","1,104.70",0.0018 
2018년 12월 03일,"1,109.54","1,120.56","1,120.62","1,108.65",(0.0097)
2018년 11월 30일,"1,120.44","1,117.55","1,124.07","1,117.20",0.0026 
2018년 11월 29일,"1,117.55","1,123.48","1,125.09","1,116.60",(0.0053)
2018년 11월 28일,"1,123.48","1,130.51","1,132.72","1,122.30",(0.0062)
2018년 11월 27일,"1,130.51","1,129.79","1,131.83","1,127.50",0.0006 
2018년 11월 26일,"1,129.79","1,133.50","1,134.50","1,126.60",(0.0033)
2018년 11월 23일,"1,133.50","1,130.00","1,134.44","1,128.80",0.0012 
2018년 11월 22일,"1,132.10","1,128.42","1,132.60","1,128.00",0.0035 
2018년 11월 21일,"1,128.12","1,130.25","1,134.71","1,127.10",(0.0019)
2018년 11월 20일,"1,130.25","1,126.13","1,131.34","1,125.83",0.0041 
2018년 11월 19일,"1,125.68","1,121.24","1,131.46","1,121.06",0.0038 
2018년 11월 16일,"1,121.40","1,127.93","1,133.41","1,119.50",(0.0058)
2018년 11월 15일,"1,127.93","1,132.70","1,134.72","1,125.02",(0.0042)
2018년 11월 14일,"1,132.70","1,132.34","1,137.93","1,129.38",0.0011 
2018년 11월 13일,"1,131.49","1,138.50","1,140.82","1,129.70",(0.0069)
2018년 11월 12일,"1,139.35","1,130.60","1,141.00","1,129.80",0.0077 
2018년 11월 09일,"1,130.69","1,121.68","1,132.70","1,120.40",0.0080 
2018년 11월 08일,"1,121.68","1,116.43","1,122.86","1,114.44",0.0047 
2018년 11월 07일,"1,116.43","1,121.93","1,126.20","1,116.00",(0.0049)
2018년 11월 06일,"1,121.93","1,120.56","1,126.53","1,119.30",0.0012 
2018년 11월 05일,"1,120.56","1,118.33","1,126.12","1,116.60",0.0022 
2018년 11월 02일,"1,118.10","1,125.26","1,130.20","1,111.20",(0.0055)
2018년 11월 01일,"1,124.31","1,141.18","1,142.07","1,122.04",(0.0155)
2018년 10월 31일,"1,142.02","1,139.69","1,143.56","1,137.80",0.0020 
2018년 10월 30일,"1,139.69","1,143.74","1,145.10","1,137.10",(0.0035)
2018년 10월 29일,"1,143.74","1,141.10","1,145.08","1,136.80",0.0030 
2018년 10월 26일,"1,140.28","1,137.38","1,145.70","1,135.63",0.0025 
2018년 10월 25일,"1,137.38","1,139.86","1,141.65","1,134.40",(0.0022)
2018년 10월 24일,"1,139.86","1,135.78","1,140.63","1,129.40",0.0036 
2018년 10월 23일,"1,135.78","1,133.25","1,140.48","1,131.80",0.0022 
2018년 10월 22일,"1,133.25","1,131.70","1,136.63","1,127.80",0.0010 
2018년 10월 19일,"1,132.15","1,138.60","1,140.89","1,129.20",(0.0057)
2018년 10월 18일,"1,138.60","1,128.53","1,140.16","1,127.70",0.0089 
2018년 10월 17일,"1,128.53","1,123.79","1,129.47","1,122.70",0.0047 
2018년 10월 16일,"1,123.24","1,131.05","1,135.47","1,121.38",(0.0076)
2018년 10월 15일,"1,131.87","1,131.50","1,135.70","1,127.10",0.0005 
2018년 10월 12일,"1,131.30","1,135.55","1,138.00","1,129.90",(0.0037)
2018년 10월 11일,"1,135.55","1,143.30","1,147.26","1,133.80",(0.0068)
2018년 10월 10일,"1,143.30","1,132.12","1,144.56","1,130.14",0.0099 
2018년 10월 09일,"1,132.12","1,134.63","1,139.18","1,131.59",(0.0022)
2018년 10월 08일,"1,134.63","1,131.84","1,139.78","1,129.80",0.0022 
2018년 10월 05일,"1,132.13","1,133.53","1,134.30","1,127.80",(0.0012)
2018년 10월 04일,"1,133.53","1,125.50","1,134.57","1,125.00",0.0071 
2018년 10월 03일,"1,125.50","1,119.43","1,126.48","1,117.36",0.0062 
2018년 10월 02일,"1,118.51","1,112.93","1,121.86","1,111.88",0.0043 
2018년 10월 01일,"1,113.76","1,110.00","1,114.63","1,109.10",0.0033 
2018년 09월 28일,"1,110.15","1,113.99","1,114.67","1,106.82",(0.0036)
2018년 09월 27일,"1,114.15","1,115.51","1,116.64","1,109.13",(0.0013)
2018년 09월 26일,"1,115.55","1,117.06","1,118.36","1,111.46",(0.0021)
2018년 09월 25일,"1,117.88","1,120.12","1,121.01","1,117.30",(0.0020)
2018년 09월 24일,"1,120.12","1,115.30","1,121.97","1,114.60",0.0046 
2018년 09월 21일,"1,114.95","1,117.13","1,119.90","1,113.10",(0.0020)
2018년 09월 20일,"1,117.13","1,118.95","1,123.70","1,117.00",(0.0016)
2018년 09월 19일,"1,118.95","1,122.82","1,126.10","1,118.60",(0.0034)
2018년 09월 18일,"1,122.82","1,126.33","1,131.10","1,122.20",(0.0031)
2018년 09월 17일,"1,126.33","1,122.00","1,130.31","1,121.10",0.0042 
2018년 09월 14일,"1,121.66","1,120.83","1,123.08","1,116.40",0.0015 
2018년 09월 13일,"1,120.01","1,119.42","1,126.59","1,116.97",(0.0002)
2018년 09월 12일,"1,120.25","1,123.99","1,130.65","1,117.10",(0.0033)
2018년 09월 11일,"1,123.99","1,129.60","1,131.60","1,123.70",(0.0052)
2018년 09월 10일,"1,129.90","1,128.60","1,132.14","1,126.70",0.0012 
2018년 09월 07일,"1,128.57","1,122.75","1,129.18","1,121.30",0.0058 
2018년 09월 06일,"1,122.06","1,119.02","1,124.96","1,116.59",0.0020 
2018년 09월 05일,"1,119.84","1,118.36","1,126.64","1,114.28",0.0013 
2018년 09월 04일,"1,118.36","1,112.10","1,122.49","1,111.90",0.0056 
2018년 09월 03일,"1,112.10","1,115.65","1,118.74","1,109.56",(0.0032)
2018년 08월 31일,"1,115.63","1,113.96","1,118.45","1,111.58",0.0008 
2018년 08월 30일,"1,114.79","1,111.18","1,116.19","1,107.53",0.0037 
2018년 08월 29일,"1,110.64","1,108.30","1,115.33","1,106.90",0.0021 
2018년 08월 28일,"1,108.30","1,108.80","1,112.84","1,104.50",(0.0007)
2018년 08월 27일,"1,109.05","1,114.75","1,117.19","1,107.65",(0.0049)
2018년 08월 24일,"1,114.51","1,123.80","1,126.74","1,112.17",(0.0090)
2018년 08월 23일,"1,124.62","1,117.76","1,125.43","1,117.30",0.0061 
2018년 08월 22일,"1,117.76","1,117.28","1,121.55","1,116.10",0.0010 
2018년 08월 21일,"1,116.61","1,117.35","1,120.33","1,114.38",(0.0014)
2018년 08월 20일,"1,118.17","1,119.40","1,124.72","1,117.60",(0.0014)
2018년 08월 17일,"1,119.69","1,127.35","1,128.32","1,117.58",(0.0067)
2018년 08월 16일,"1,127.25","1,133.97","1,137.55","1,123.90",(0.0059)
2018년 08월 15일,"1,133.97","1,128.21","1,139.07","1,127.10",0.0051 
2018년 08월 14일,"1,128.21","1,137.00","1,137.60","1,127.40",(0.0077)
2018년 08월 13일,"1,137.00","1,130.00","1,138.93","1,129.40",0.0060 
2018년 08월 10일,"1,130.17","1,123.40","1,133.00","1,122.60",0.0058 
2018년 08월 09일,"1,123.70","1,118.17","1,124.68","1,116.80",0.0058 
2018년 08월 08일,"1,117.26","1,117.12","1,121.60","1,116.08",(0.0006)
2018년 08월 07일,"1,117.94","1,126.70","1,128.55","1,117.10",(0.0078)
2018년 08월 06일,"1,126.70","1,123.20","1,128.50","1,122.25",0.0030 
2018년 08월 03일,"1,123.34","1,128.21","1,131.42","1,121.35",(0.0043)
2018년 08월 02일,"1,128.21","1,119.49","1,131.98","1,118.82",0.0078 
2018년 08월 01일,"1,119.49","1,113.25","1,123.29","1,112.60",0.0056 
2018년 07월 31일,"1,113.25","1,118.73","1,121.60","1,110.60",(0.0041)
2018년 07월 30일,"1,117.81","1,114.97","1,120.83","1,113.28",0.0017 
2018년 07월 27일,"1,115.89","1,124.62","1,125.94","1,114.87",(0.0076)
2018년 07월 26일,"1,124.38","1,117.65","1,124.77","1,116.47",0.0059 
2018년 07월 25일,"1,117.79","1,127.55","1,131.13","1,117.46",(0.0085)
2018년 07월 24일,"1,127.41","1,134.09","1,138.30","1,126.03",(0.0060)
2018년 07월 23일,"1,134.19","1,128.12","1,138.26","1,126.48",0.0056 
2018년 07월 20일,"1,127.90","1,135.39","1,139.70","1,127.48",(0.0067)
2018년 07월 19일,"1,135.55","1,131.32","1,141.56","1,128.95",0.0039 
2018년 07월 18일,"1,131.16","1,127.00","1,134.90","1,125.99",0.0037 
2018년 07월 17일,"1,127.00","1,128.64","1,129.20","1,122.65",(0.0013)
2018년 07월 16일,"1,128.46","1,129.82","1,131.12","1,125.26",(0.0015)
2018년 07월 13일,"1,130.14","1,124.72","1,135.12","1,122.42",0.0049 
2018년 07월 12일,"1,124.58","1,128.23","1,131.10","1,122.30",(0.0032)
2018년 07월 11일,"1,128.23","1,114.43","1,130.29","1,113.17",0.0126 
2018년 07월 10일,"1,114.22","1,113.12","1,118.48","1,109.39",0.0008 
2018년 07월 09일,"1,113.32","1,115.44","1,116.80","1,109.83",(0.0020)
2018년 07월 06일,"1,115.52","1,119.15","1,122.22","1,114.24",(0.0034)
2018년 07월 05일,"1,119.33","1,116.25","1,122.13","1,114.90",0.0026 
2018년 07월 04일,"1,116.40","1,115.14","1,119.06","1,112.84",0.0013 
2018년 07월 03일,"1,114.99","1,118.88","1,125.40","1,112.58",(0.0035)
2018년 07월 02일,"1,118.88","1,115.01","1,122.45","1,113.90",0.0034 
2018년 06월 29일,"1,115.04","1,121.63","1,122.42","1,111.06",(0.0056)
2018년 06월 28일,"1,121.35","1,123.24","1,125.82","1,119.42",(0.0020)
2018년 06월 27일,"1,123.57","1,118.66","1,126.33","1,115.96",0.0045 
2018년 06월 26일,"1,118.52","1,115.47","1,121.02","1,113.46",0.0027 
2018년 06월 25일,"1,115.47","1,111.90","1,119.22","1,110.39",0.0031 
2018년 06월 22일,"1,112.00","1,110.55","1,115.80","1,106.35",0.0013 
2018년 06월 21일,"1,110.55","1,109.98","1,114.98","1,105.58",0.0005 
2018년 06월 20일,"1,109.98","1,111.89","1,113.56","1,104.47",(0.0017)
2018년 06월 19일,"1,111.89","1,103.51","1,117.45","1,102.80",0.0076 
2018년 06월 18일,"1,103.51","1,102.79","1,107.41","1,100.80",0.0001 
2018년 06월 15일,"1,103.42","1,089.15","1,104.70","1,087.62",0.0131 
2018년 06월 14일,"1,089.15","1,086.17","1,090.03","1,081.42",0.0029 
2018년 06월 13일,"1,086.03","1,081.68","1,088.81","1,079.70",0.0039 
2018년 06월 12일,"1,081.84","1,076.88","1,082.47","1,072.90",0.0046 
2018년 06월 11일,"1,076.88","1,075.00","1,077.74","1,072.12",0.0018 
2018년 06월 08일,"1,074.93","1,072.61","1,078.85","1,070.74",0.0026 
2018년 06월 07일,"1,072.19","1,066.63","1,074.20","1,065.54",0.0050 
2018년 06월 06일,"1,066.88","1,071.79","1,072.29","1,065.85",(0.0047)
2018년 06월 05일,"1,071.95","1,070.33","1,073.47","1,067.40",0.0014 
2018년 06월 04일,"1,070.48","1,072.26","1,073.36","1,068.23",(0.0013)
2018년 06월 01일,"1,071.88","1,080.74","1,081.46","1,071.31",(0.0081)
2018년 05월 31일,"1,080.59","1,076.79","1,083.00","1,074.34",0.0032 
2018년 05월 30일,"1,077.10","1,084.67","1,085.64","1,076.95",(0.0067)
2018년 05월 29일,"1,084.37","1,075.41","1,086.29","1,073.89",0.0085 
2018년 05월 28일,"1,075.24","1,078.18","1,078.18","1,071.39",(0.0029)
2018년 05월 25일,"1,078.38","1,081.69","1,083.20","1,075.31",(0.0031)
2018년 05월 24일,"1,081.69","1,077.25","1,086.05","1,075.33",0.0041 
2018년 05월 23일,"1,077.25","1,076.54","1,083.95","1,074.87",0.0007 
2018년 05월 22일,"1,076.54","1,077.55","1,079.77","1,073.41",(0.0011)
2018년 05월 21일,"1,077.69","1,081.43","1,087.82","1,077.54",(0.0034)
2018년 05월 18일,"1,081.37","1,082.61","1,086.30","1,076.55",(0.0011)
2018년 05월 17일,"1,082.59","1,077.52","1,083.78","1,076.27",0.0045 
2018년 05월 16일,"1,077.74","1,081.01","1,084.50","1,076.59",(0.0028)
2018년 05월 15일,"1,080.82","1,070.95","1,082.49","1,069.36",0.0092 
2018년 05월 14일,"1,070.94","1,067.78","1,071.26","1,064.77",0.0028 
2018년 05월 11일,"1,067.98","1,065.79","1,071.30","1,064.79",0.0020 
2018년 05월 10일,"1,065.80","1,079.48","1,081.51","1,064.43",(0.0126)
2018년 05월 09일,"1,079.38","1,078.43","1,083.73","1,076.37",0.0008 
2018년 05월 08일,"1,078.56","1,080.04","1,081.54","1,075.88",(0.0014)
2018년 05월 07일,"1,080.03","1,074.44","1,082.76","1,073.12",0.0055 
2018년 05월 04일,"1,074.11","1,075.56","1,079.50","1,073.45",(0.0013)
2018년 05월 03일,"1,075.56","1,079.85","1,080.36","1,073.09",(0.0040)
2018년 05월 02일,"1,079.85","1,073.48","1,080.11","1,072.79",0.0059 
2018년 05월 01일,"1,073.48","1,070.33","1,075.19","1,069.38",0.0028 
2018년 04월 30일,"1,070.45","1,067.52","1,071.71","1,066.01",0.0024 
2018년 04월 27일,"1,067.86","1,077.69","1,079.72","1,067.21",(0.0091)
2018년 04월 26일,"1,077.69","1,082.34","1,082.92","1,076.46",(0.0042)
2018년 04월 25일,"1,082.21","1,077.28","1,085.31","1,075.41",0.0046 
2018년 04월 24일,"1,077.28","1,081.23","1,081.62","1,074.90",(0.0036)
2018년 04월 23일,"1,081.20","1,071.20","1,082.19","1,067.63",0.0094 
2018년 04월 20일,"1,071.10","1,067.21","1,073.79","1,065.94",0.0036 
2018년 04월 19일,"1,067.21","1,065.12","1,068.54","1,059.73",0.0020 
2018년 04월 18일,"1,065.12","1,067.11","1,069.80","1,063.83",(0.0019)
2018년 04월 17일,"1,067.12","1,070.68","1,071.31","1,066.39",(0.0033)
2018년 04월 16일,"1,070.68","1,071.68","1,076.00","1,070.15",(0.0009)
2018년 04월 13일,"1,071.68","1,071.03","1,072.99","1,068.24",0.0006 
2018년 04월 12일,"1,071.04","1,066.80","1,074.01","1,065.51",0.0040 
2018년 04월 11일,"1,066.82","1,064.81","1,070.25","1,064.30",0.0019 
2018년 04월 10일,"1,064.82","1,069.71","1,072.81","1,063.90",(0.0046)
2018년 04월 09일,"1,069.71","1,070.81","1,072.06","1,065.23",(0.0010)
2018년 04월 06일,"1,070.76","1,062.63","1,072.78","1,062.35",0.0077 
2018년 04월 05일,"1,062.63","1,058.28","1,064.20","1,057.41",0.0041 
2018년 04월 04일,"1,058.28","1,054.94","1,066.45","1,054.63",0.0032 
2018년 04월 03일,"1,054.94","1,057.16","1,060.10","1,054.10",(0.0021)
2018년 04월 02일,"1,057.16","1,060.56","1,063.06","1,053.00",(0.0039)
2018년 03월 30일,"1,061.26","1,063.08","1,066.70","1,060.80",(0.0017)
2018년 03월 29일,"1,063.08","1,064.56","1,068.81","1,061.09",(0.0014)
2018년 03월 28일,"1,064.56","1,075.13","1,075.61","1,063.18",(0.0098)
2018년 03월 27일,"1,075.13","1,075.59","1,076.81","1,067.97",(0.0005)
2018년 03월 26일,"1,075.69","1,084.30","1,084.55","1,075.19",(0.0075)
2018년 03월 23일,"1,083.87","1,081.21","1,086.53","1,076.39",0.0025 
2018년 03월 22일,"1,081.21","1,065.15","1,081.79","1,064.71",0.0154 
2018년 03월 21일,"1,064.76","1,071.52","1,073.56","1,064.02",(0.0067)
2018년 03월 20일,"1,071.91","1,073.49","1,074.20","1,068.37",(0.0015)
2018년 03월 19일,"1,073.49","1,070.54","1,074.81","1,069.66",0.0028 
2018년 03월 16일,"1,070.53","1,069.77","1,072.60","1,065.40",0.0007 
2018년 03월 15일,"1,069.78","1,064.56","1,070.46","1,062.95",0.0049 
2018년 03월 14일,"1,064.55","1,066.87","1,069.60","1,061.61",(0.0022)
2018년 03월 13일,"1,066.88","1,065.03","1,068.90","1,062.10",0.0017 
2018년 03월 12일,"1,065.02","1,065.19","1,068.05","1,063.39",(0.0003)
2018년 03월 09일,"1,065.38","1,074.11","1,074.57","1,065.08",(0.0081)
2018년 03월 08일,"1,074.11","1,067.43","1,076.05","1,066.80",0.0063 
2018년 03월 07일,"1,067.43","1,063.96","1,071.49","1,063.80",0.0033 
2018년 03월 06일,"1,063.96","1,077.67","1,078.98","1,060.47",(0.0127)
2018년 03월 05일,"1,077.67","1,079.59","1,083.49","1,076.81",(0.0019)
2018년 03월 02일,"1,079.69","1,082.84","1,085.84","1,077.04",(0.0029)
2018년 03월 01일,"1,082.84","1,085.21","1,088.58","1,080.98",(0.0022)
2018년 02월 28일,"1,085.21","1,081.45","1,085.38","1,079.43",0.0035 
2018년 02월 27일,"1,081.45","1,070.67","1,081.91","1,068.80",0.0101 
2018년 02월 26일,"1,070.67","1,076.99","1,078.11","1,069.33",(0.0059)
2018년 02월 23일,"1,077.00","1,080.72","1,082.40","1,075.52",(0.0034)
2018년 02월 22일,"1,080.72","1,076.01","1,086.40","1,075.75",0.0044 
2018년 02월 21일,"1,076.02","1,074.91","1,078.11","1,070.93",0.0010 
2018년 02월 20일,"1,074.91","1,067.41","1,075.95","1,067.33",0.0070 
2018년 02월 19일,"1,067.41","1,066.61","1,070.61","1,065.76",0.0002 
2018년 02월 16일,"1,067.19","1,064.04","1,069.39","1,061.86",0.0029 
2018년 02월 15일,"1,064.14","1,070.91","1,073.29","1,063.05",(0.0063)
2018년 02월 14일,"1,070.91","1,085.06","1,086.34","1,070.57",(0.0130)
2018년 02월 13일,"1,085.05","1,082.61","1,087.57","1,080.65",0.0023 
2018년 02월 12일,"1,082.60","1,084.61","1,087.07","1,081.90",(0.0028)
2018년 02월 09일,"1,085.67","1,097.58","1,098.40","1,084.90",(0.0109)
2018년 02월 08일,"1,097.58","1,090.24","1,098.93","1,085.58",0.0067 
2018년 02월 07일,"1,090.24","1,080.06","1,090.57","1,079.52",0.0094 
2018년 02월 06일,"1,080.06","1,095.13","1,099.40","1,078.72",(0.0135)
2018년 02월 05일,"1,094.84","1,089.65","1,095.04","1,085.45",0.0045 
2018년 02월 02일,"1,089.95","1,071.10","1,090.58","1,070.42",0.0178 
2018년 02월 01일,"1,070.94","1,070.12","1,074.90","1,068.72",0.0008 
2018년 01월 31일,"1,070.08","1,073.23","1,074.80","1,064.99",(0.0029)
2018년 01월 30일,"1,073.23","1,070.95","1,075.63","1,068.54",0.0021 
2018년 01월 29일,"1,070.95","1,064.50","1,073.01","1,062.50",0.0059 
2018년 01월 26일,"1,064.67","1,066.47","1,067.60","1,061.00",(0.0013)
2018년 01월 25일,"1,066.06","1,064.57","1,067.20","1,055.97",0.0010 
2018년 01월 24일,"1,064.98","1,073.89","1,074.00","1,062.21",(0.0083)
2018년 01월 23일,"1,073.89","1,069.40","1,078.20","1,066.90",0.0042 
2018년 01월 22일,"1,069.40","1,067.66","1,071.81","1,066.52",0.0016 
2018년 01월 19일,"1,067.66","1,070.18","1,071.26","1,063.97",(0.0028)
2018년 01월 18일,"1,070.69","1,067.36","1,072.50","1,066.97",0.0031 
2018년 01월 17일,"1,067.36","1,064.65","1,070.93","1,062.87",0.0025 
2018년 01월 16일,"1,064.65","1,063.43","1,067.71","1,062.12",0.0011 
2018년 01월 15일,"1,063.43","1,056.65","1,065.50","1,055.67",0.0032 
2018년 01월 12일,"1,059.99","1,065.58","1,067.39","1,059.78",(0.0052)
2018년 01월 11일,"1,065.58","1,070.14","1,074.20","1,063.12",(0.0043)
2018년 01월 10일,"1,070.14","1,071.97","1,073.70","1,066.15",(0.0017)
2018년 01월 09일,"1,071.97","1,068.87","1,073.95","1,065.62",0.0029 
2018년 01월 08일,"1,068.86","1,062.21","1,070.70","1,059.44",0.0064 
2018년 01월 05일,"1,062.09","1,061.83","1,064.06","1,060.20",(0.0002)
2018년 01월 04일,"1,062.28","1,065.13","1,069.31","1,061.53",(0.0024)
2018년 01월 03일,"1,064.80","1,062.88","1,068.16","1,062.48",0.0015 
2018년 01월 02일,"1,063.21","1,066.60","1,068.51","1,059.97",(0.0032)
2018년 01월 01일,"1,066.60","1,067.38","1,067.80","1,065.61",(0.0007)
2017년 12월 29일,"1,067.38","1,070.26","1,071.10","1,063.94",(0.0027)
2017년 12월 28일,"1,070.26","1,075.22","1,076.90","1,068.15",(0.0046)
2017년 12월 27일,"1,075.22","1,076.12","1,076.90","1,072.98",(0.0008)
2017년 12월 26일,"1,076.12","1,076.56","1,079.30","1,074.34",(0.0004)
2017년 12월 25일,"1,076.56","1,077.72","1,080.39","1,073.76",(0.0011)
2017년 12월 22일,"1,077.74","1,080.54","1,081.90","1,076.15",(0.0026)
2017년 12월 21일,"1,080.54","1,080.56","1,083.60","1,078.33",0.0000 
2017년 12월 20일,"1,080.56","1,085.67","1,087.20","1,078.42",(0.0047)
2017년 12월 19일,"1,085.67","1,086.07","1,089.51","1,082.41",(0.0003)
2017년 12월 18일,"1,086.05","1,088.96","1,092.20","1,084.55",(0.0027)
2017년 12월 15일,"1,088.95","1,089.22","1,092.11","1,086.59",(0.0002)
2017년 12월 14일,"1,089.22","1,084.55","1,091.13","1,084.32",0.0043 
2017년 12월 13일,"1,084.56","1,092.89","1,095.31","1,083.76",(0.0076)
2017년 12월 12일,"1,092.89","1,088.84","1,093.99","1,087.80",0.0037 
2017년 12월 11일,"1,088.84","1,092.85","1,094.60","1,086.14",(0.0037)
2017년 12월 08일,"1,092.85","1,093.60","1,096.90","1,091.07",(0.0007)
2017년 12월 07일,"1,093.60","1,093.99","1,097.00","1,090.63",(0.0004)
2017년 12월 06일,"1,093.99","1,087.60","1,097.28","1,086.10",0.0059 
2017년 12월 05일,"1,087.62","1,086.29","1,089.00","1,082.23",0.0012 
2017년 12월 04일,"1,086.30","1,083.44","1,090.90","1,083.32",0.0026 
2017년 12월 01일,"1,083.47","1,088.13","1,089.70","1,082.21",(0.0043)
2017년 11월 30일,"1,088.13","1,082.10","1,091.11","1,080.70",0.0056 
2017년 11월 29일,"1,082.10","1,083.95","1,085.90","1,074.71",(0.0017)
2017년 11월 28일,"1,083.95","1,091.69","1,091.80","1,078.66",(0.0071)
2017년 11월 27일,"1,091.69","1,085.62","1,092.26","1,084.56",0.0056 
2017년 11월 24일,"1,085.62","1,083.99","1,087.90","1,083.46",0.0015 
2017년 11월 23일,"1,083.99","1,086.07","1,091.51","1,083.45",(0.0019)
2017년 11월 22일,"1,086.06","1,091.13","1,094.80","1,085.16",(0.0046)
2017년 11월 21일,"1,091.13","1,097.04","1,100.81","1,087.95",(0.0054)
2017년 11월 20일,"1,097.04","1,094.33","1,102.31","1,093.57",0.0025 
2017년 11월 17일,"1,094.32","1,097.18","1,100.41","1,093.45",(0.0026)
2017년 11월 16일,"1,097.18","1,105.69","1,108.20","1,094.17",(0.0077)
2017년 11월 15일,"1,105.69","1,115.52","1,117.51","1,102.16",(0.0088)
2017년 11월 14일,"1,115.52","1,119.89","1,121.51","1,114.03",(0.0039)
2017년 11월 13일,"1,119.89","1,119.60","1,122.80","1,118.81",(0.0010)
2017년 11월 10일,"1,120.96","1,119.12","1,121.63","1,115.89",0.0023 
2017년 11월 09일,"1,118.36","1,114.23","1,121.23","1,112.69",0.0036 
2017년 11월 08일,"1,114.31","1,113.93","1,116.60","1,112.08",0.0003 
2017년 11월 07일,"1,113.93","1,112.83","1,116.45","1,110.78",0.0010 
2017년 11월 06일,"1,112.84","1,115.90","1,119.81","1,110.94",(0.0031)
2017년 11월 03일,"1,116.29","1,112.35","1,117.83","1,110.90",0.0035 
2017년 11월 02일,"1,112.35","1,111.51","1,115.50","1,110.21",0.0007 
2017년 11월 01일,"1,111.52","1,118.42","1,119.90","1,109.35",(0.0062)
2017년 10월 31일,"1,118.42","1,124.78","1,125.15","1,116.02",(0.0057)
2017년 10월 30일,"1,124.78","1,125.98","1,127.60","1,123.56",(0.0011)
2017년 10월 27일,"1,125.97","1,128.76","1,132.70","1,125.19",(0.0025)
2017년 10월 26일,"1,128.75","1,127.81","1,129.49","1,121.92",0.0008 
2017년 10월 25일,"1,127.81","1,130.93","1,131.50","1,122.81",(0.0028)
2017년 10월 24일,"1,130.93","1,130.85","1,131.73","1,127.30",0.0001 
2017년 10월 23일,"1,130.86","1,132.19","1,135.70","1,129.10",(0.0013)
2017년 10월 20일,"1,132.31","1,129.01","1,134.50","1,128.45",0.0029 
2017년 10월 19일,"1,129.01","1,132.87","1,134.80","1,128.37",(0.0034)
2017년 10월 18일,"1,132.88","1,131.21","1,133.91","1,129.28",0.0015 
2017년 10월 17일,"1,131.21","1,128.28","1,133.80","1,127.86",0.0026 
2017년 10월 16일,"1,128.28","1,127.00","1,130.25","1,125.80",0.0014 
2017년 10월 13일,"1,126.67","1,132.89","1,134.60","1,124.84",(0.0055)
2017년 10월 12일,"1,132.89","1,132.91","1,137.31","1,130.54",0.0000 
2017년 10월 11일,"1,132.91","1,135.21","1,138.50","1,130.89",(0.0021)
2017년 10월 10일,"1,135.31","1,143.81","1,144.01","1,131.57",(0.0074)
2017년 10월 09일,"1,143.82","1,145.51","1,146.11","1,142.36",(0.0013)
2017년 10월 06일,"1,145.32","1,142.41","1,145.85","1,141.38",0.0025 
2017년 10월 05일,"1,142.41","1,142.99","1,144.05","1,137.34",(0.0005)
2017년 10월 04일,"1,142.99","1,143.24","1,143.91","1,138.35",(0.0002)
2017년 10월 03일,"1,143.24","1,146.61","1,149.88","1,141.05",(0.0029)
2017년 10월 02일,"1,146.62","1,145.13","1,148.56","1,144.31",0.0012 
2017년 09월 29일,"1,145.30","1,146.59","1,147.81","1,141.77",(0.0011)
2017년 09월 28일,"1,146.58","1,145.75","1,151.65","1,142.80",0.0007 
2017년 09월 27일,"1,145.76","1,137.62","1,146.06","1,137.12",0.0072 
2017년 09월 26일,"1,137.62","1,134.80","1,140.68","1,134.66",0.0025 
2017년 09월 25일,"1,134.80","1,132.91","1,137.43","1,129.43",0.0015 
2017년 09월 22일,"1,133.13","1,132.77","1,140.51","1,130.20",0.0003 
2017년 09월 21일,"1,132.76","1,131.79","1,135.76","1,130.90",0.0009 
2017년 09월 20일,"1,131.79","1,131.18","1,133.96","1,125.57",0.0005 
2017년 09월 19일,"1,131.18","1,129.85","1,132.60","1,127.90",0.0012 
2017년 09월 18일,"1,129.86","1,133.76","1,135.56","1,126.02",(0.0030)
2017년 09월 15일,"1,133.21","1,134.32","1,137.40","1,128.26",(0.0010)
2017년 09월 14일,"1,134.32","1,132.08","1,136.41","1,131.02",0.0020 
2017년 09월 13일,"1,132.08","1,128.69","1,133.07","1,125.81",0.0030 
2017년 09월 12일,"1,128.69","1,130.34","1,131.90","1,126.76",(0.0015)
2017년 09월 11일,"1,130.34","1,132.05","1,135.08","1,126.80",(0.0014)
2017년 09월 08일,"1,131.97","1,127.89","1,134.86","1,125.63",0.0036 
2017년 09월 07일,"1,127.89","1,132.86","1,132.93","1,126.06",(0.0044)
2017년 09월 06일,"1,132.85","1,132.52","1,137.30","1,130.61",0.0003 
2017년 09월 05일,"1,132.52","1,133.39","1,134.60","1,128.12",(0.0008)
2017년 09월 04일,"1,133.39","1,121.71","1,134.70","1,119.46",0.0104 
2017년 09월 01일,"1,121.69","1,124.86","1,125.76","1,118.32",(0.0028)
2017년 08월 31일,"1,124.86","1,124.18","1,129.20","1,122.77",0.0006 
2017년 08월 30일,"1,124.18","1,124.51","1,125.76","1,121.27",(0.0003)
2017년 08월 29일,"1,124.52","1,118.47","1,129.61","1,118.47",0.0054 
2017년 08월 28일,"1,118.47","1,121.90","1,122.61","1,118.19",(0.0028)
2017년 08월 25일,"1,121.60","1,128.23","1,132.40","1,120.41",(0.0059)
2017년 08월 24일,"1,128.23","1,127.57","1,129.50","1,126.41",0.0006 
2017년 08월 23일,"1,127.58","1,132.38","1,134.31","1,126.45",(0.0042)
2017년 08월 22일,"1,132.38","1,138.71","1,139.40","1,132.16",(0.0056)
2017년 08월 21일,"1,138.71","1,139.75","1,140.70","1,136.80",(0.0009)
2017년 08월 18일,"1,139.78","1,142.18","1,145.01","1,138.30",(0.0024)
2017년 08월 17일,"1,142.50","1,135.60","1,142.68","1,134.45",0.0061 
2017년 08월 16일,"1,135.60","1,135.93","1,144.00","1,134.65",(0.0003)
2017년 08월 15일,"1,135.93","1,139.41","1,140.15","1,133.27",(0.0031)
2017년 08월 14일,"1,139.41","1,142.90","1,143.25","1,136.36",(0.0030)
2017년 08월 11일,"1,142.86","1,144.17","1,149.00","1,141.23",(0.0011)
2017년 08월 10일,"1,144.17","1,139.40","1,146.61","1,138.02",0.0042 
2017년 08월 09일,"1,139.40","1,128.99","1,141.16","1,126.37",0.0091 
2017년 08월 08일,"1,129.18","1,127.15","1,129.67","1,123.90",0.0018 
2017년 08월 07일,"1,127.15","1,128.65","1,130.10","1,126.41",(0.0014)
2017년 08월 04일,"1,128.78","1,128.95","1,130.62","1,123.30",(0.0002)
2017년 08월 03일,"1,128.95","1,122.97","1,130.80","1,122.77",0.0053 
2017년 08월 02일,"1,122.97","1,121.54","1,126.81","1,120.38",0.0013 
2017년 08월 01일,"1,121.54","1,119.40","1,123.59","1,115.61",0.0019 
2017년 07월 31일,"1,119.40","1,124.30","1,126.10","1,118.90",(0.0047)
2017년 07월 28일,"1,124.69","1,117.36","1,126.12","1,115.90",0.0066 
2017년 07월 27일,"1,117.35","1,112.60","1,117.99","1,110.90",0.0043 
2017년 07월 26일,"1,112.60","1,120.01","1,123.30","1,112.15",(0.0066)
2017년 07월 25일,"1,120.02","1,115.40","1,120.76","1,114.63",0.0041 
2017년 07월 24일,"1,115.40","1,118.90","1,119.61","1,112.31",(0.0031)
2017년 07월 21일,"1,118.84","1,121.24","1,124.41","1,116.80",(0.0021)
2017년 07월 20일,"1,121.24","1,124.59","1,127.57","1,120.95",(0.0030)
2017년 07월 19일,"1,124.60","1,125.30","1,125.41","1,120.28",(0.0006)
2017년 07월 18일,"1,125.29","1,128.39","1,131.00","1,122.30",(0.0027)
2017년 07월 17일,"1,128.39","1,129.01","1,130.81","1,126.31",(0.0006)
2017년 07월 14일,"1,129.10","1,137.86","1,139.63","1,126.69",(0.0077)
2017년 07월 13일,"1,137.85","1,138.31","1,140.70","1,134.80",(0.0004)
2017년 07월 12일,"1,138.32","1,149.17","1,149.61","1,137.36",(0.0094)
2017년 07월 11일,"1,149.17","1,149.58","1,153.35","1,148.16",(0.0004)
2017년 07월 10일,"1,149.58","1,153.81","1,154.91","1,148.31",(0.0036)
2017년 07월 07일,"1,153.74","1,157.25","1,158.75","1,152.76",(0.0030)
2017년 07월 06일,"1,157.26","1,153.34","1,158.70","1,150.83",0.0034 
2017년 07월 05일,"1,153.34","1,150.73","1,156.06","1,147.59",0.0023 
2017년 07월 04일,"1,150.73","1,150.28","1,152.89","1,147.37",0.0004 
2017년 07월 03일,"1,150.28","1,145.61","1,150.69","1,141.57",0.0042 
2017년 06월 30일,"1,145.43","1,147.30","1,147.72","1,141.56",(0.0016)
2017년 06월 29일,"1,147.30","1,138.93","1,149.31","1,138.01",0.0073 
2017년 06월 28일,"1,138.93","1,140.55","1,146.72","1,138.68",(0.0014)
2017년 06월 27일,"1,140.56","1,133.52","1,141.42","1,133.43",0.0062 
2017년 06월 26일,"1,133.52","1,134.65","1,138.40","1,132.11",(0.0012)
2017년 06월 23일,"1,134.89","1,139.31","1,142.90","1,132.86",(0.0039)
2017년 06월 22일,"1,139.30","1,143.32","1,144.03","1,138.76",(0.0035)
2017년 06월 21일,"1,143.32","1,141.93","1,145.46","1,139.58",0.0012 
2017년 06월 20일,"1,141.93","1,136.78","1,143.53","1,135.34",0.0045 
2017년 06월 19일,"1,136.78","1,132.56","1,137.86","1,129.01",0.0033 
2017년 06월 16일,"1,133.08","1,130.84","1,139.01","1,127.80",0.0020 
2017년 06월 15일,"1,130.84","1,119.93","1,132.59","1,118.81",0.0097 
2017년 06월 14일,"1,119.93","1,127.73","1,128.31","1,116.30",(0.0069)
2017년 06월 13일,"1,127.73","1,130.97","1,131.59","1,126.65",(0.0029)
2017년 06월 12일,"1,130.97","1,125.36","1,133.26","1,123.61",0.0050 
2017년 06월 09일,"1,125.30","1,121.95","1,126.02","1,119.57",0.0030 
2017년 06월 08일,"1,121.95","1,124.29","1,128.01","1,121.86",(0.0021)
2017년 06월 07일,"1,124.28","1,118.07","1,126.00","1,117.93",0.0055 
2017년 06월 06일,"1,118.08","1,118.32","1,122.54","1,115.49",(0.0002)
2017년 06월 05일,"1,118.31","1,118.35","1,120.93","1,115.78",(0.0001)
2017년 06월 02일,"1,118.39","1,122.13","1,124.51","1,117.77",(0.0033)
2017년 06월 01일,"1,122.13","1,119.65","1,124.22","1,118.40",0.0022 
2017년 05월 31일,"1,119.65","1,124.49","1,125.16","1,117.56",(0.0043)
2017년 05월 30일,"1,124.49","1,122.06","1,126.90","1,121.76",0.0022 
2017년 05월 29일,"1,122.05","1,119.04","1,123.12","1,118.40",0.0029 
2017년 05월 26일,"1,118.84","1,120.36","1,122.65","1,115.76",(0.0014)
2017년 05월 25일,"1,120.36","1,119.23","1,122.51","1,116.31",0.0010 
2017년 05월 24일,"1,119.23","1,125.46","1,128.81","1,118.90",(0.0055)
2017년 05월 23일,"1,125.46","1,116.03","1,126.47","1,115.40",0.0084 
2017년 05월 22일,"1,116.04","1,118.15","1,119.90","1,114.48",(0.0014)
2017년 05월 19일,"1,117.62","1,129.19","1,131.97","1,115.76",(0.0102)
2017년 05월 18일,"1,129.19","1,123.06","1,134.39","1,122.56",0.0055 
2017년 05월 17일,"1,123.06","1,116.07","1,123.26","1,115.07",0.0063 
2017년 05월 16일,"1,116.06","1,118.11","1,120.33","1,113.95",(0.0018)
2017년 05월 15일,"1,118.12","1,123.37","1,128.04","1,115.64",(0.0047)
2017년 05월 12일,"1,123.41","1,124.41","1,130.65","1,121.99",(0.0009)
2017년 05월 11일,"1,124.41","1,132.06","1,134.95","1,123.58",(0.0067)
2017년 05월 10일,"1,132.05","1,139.15","1,139.53","1,131.47",(0.0062)
2017년 05월 09일,"1,139.15","1,133.69","1,140.73","1,133.06",0.0048 
2017년 05월 08일,"1,133.69","1,135.15","1,138.15","1,130.34",(0.0018)
2017년 05월 05일,"1,135.71","1,135.60","1,142.13","1,135.53",0.0001 
2017년 05월 04일,"1,135.60","1,133.95","1,137.08","1,129.69",0.0015 
2017년 05월 03일,"1,133.95","1,129.20","1,134.48","1,128.36",0.0042 
2017년 05월 02일,"1,129.20","1,137.60","1,137.89","1,127.15",(0.0074)
2017년 05월 01일,"1,137.60","1,137.74","1,140.08","1,135.51",(0.0002)
2017년 04월 28일,"1,137.88","1,131.65","1,141.36","1,129.21",0.0055 
2017년 04월 27일,"1,131.65","1,133.04","1,136.48","1,128.45",(0.0012)
2017년 04월 26일,"1,133.03","1,128.23","1,137.39","1,121.90",0.0043 
2017년 04월 25일,"1,128.23","1,134.38","1,137.45","1,124.26",(0.0054)
2017년 04월 24일,"1,134.38","1,134.71","1,139.79","1,126.08",(0.0002)
2017년 04월 21일,"1,134.57","1,138.11","1,140.90","1,132.90",(0.0031)
2017년 04월 20일,"1,138.12","1,143.69","1,145.31","1,135.57",(0.0049)
2017년 04월 19일,"1,143.69","1,142.64","1,144.65","1,137.81",0.0009 
2017년 04월 18일,"1,142.64","1,133.01","1,148.82","1,132.49",0.0085 
2017년 04월 17일,"1,133.02","1,136.34","1,139.62","1,131.41",(0.0030)
2017년 04월 14일,"1,136.45","1,136.33","1,142.08","1,135.40",0.0001 
2017년 04월 13일,"1,136.32","1,134.95","1,138.90","1,126.19",0.0012 
2017년 04월 12일,"1,134.95","1,145.63","1,150.30","1,134.49",(0.0093)
2017년 04월 11일,"1,145.63","1,143.47","1,150.61","1,141.17",0.0019 
2017년 04월 10일,"1,143.47","1,137.92","1,144.82","1,136.99",0.0049 
2017년 04월 07일,"1,137.89","1,131.30","1,140.81","1,130.44",0.0058 
2017년 04월 06일,"1,131.30","1,128.28","1,135.04","1,126.78",0.0027 
2017년 04월 05일,"1,128.28","1,125.10","1,129.15","1,121.97",0.0028 
2017년 04월 04일,"1,125.10","1,117.28","1,127.22","1,116.80",0.0070 
2017년 04월 03일,"1,117.28","1,116.90","1,119.54","1,112.27",(0.0003)
2017년 03월 31일,"1,117.65","1,118.60","1,122.68","1,116.14",(0.0008)
2017년 03월 30일,"1,118.60","1,111.47","1,119.81","1,110.19",0.0064 
2017년 03월 29일,"1,111.47","1,116.41","1,117.31","1,110.80",(0.0044)
2017년 03월 28일,"1,116.41","1,111.32","1,117.15","1,110.89",0.0046 
2017년 03월 27일,"1,111.32","1,117.14","1,117.58","1,106.64",(0.0056)
2017년 03월 24일,"1,117.56","1,122.68","1,125.61","1,113.49",(0.0046)
2017년 03월 23일,"1,122.68","1,117.28","1,124.64","1,116.79",0.0048 
2017년 03월 22일,"1,117.28","1,123.03","1,127.60","1,116.59",(0.0051)
2017년 03월 21일,"1,123.03","1,114.51","1,124.31","1,114.09",0.0076 
2017년 03월 20일,"1,114.52","1,129.05","1,131.31","1,112.59",(0.0129)
2017년 03월 17일,"1,129.04","1,128.82","1,134.14","1,127.39",0.0002 
2017년 03월 16일,"1,128.82","1,128.62","1,134.70","1,125.86",0.0002 
2017년 03월 15일,"1,128.62","1,149.97","1,150.84","1,127.60",(0.0186)
2017년 03월 14일,"1,149.97","1,147.59","1,151.20","1,145.35",0.0017 
2017년 03월 13일,"1,147.99","1,149.12","1,153.01","1,144.15",(0.0007)
2017년 03월 10일,"1,148.81","1,160.09","1,162.03","1,148.19",(0.0097)
2017년 03월 09일,"1,160.10","1,154.80","1,161.45","1,153.10",0.0043 
2017년 03월 08일,"1,155.19","1,151.08","1,156.88","1,143.67",0.0039 
2017년 03월 07일,"1,150.67","1,155.15","1,158.11","1,146.19",(0.0039)
2017년 03월 06일,"1,155.15","1,152.41","1,159.40","1,152.12",0.0025 
2017년 03월 03일,"1,152.32","1,150.71","1,159.85","1,147.70",0.0014 
2017년 03월 02일,"1,150.71","1,140.23","1,152.53","1,139.80",0.0092 
2017년 03월 01일,"1,140.23","1,137.39","1,146.42","1,137.01",0.0021 
2017년 02월 28일,"1,137.80","1,135.06","1,138.19","1,124.96",0.0028 
2017년 02월 27일,"1,134.65","1,130.51","1,135.21","1,129.30",0.0037 
2017년 02월 24일,"1,130.50","1,132.59","1,134.80","1,127.40",(0.0023)
2017년 02월 23일,"1,133.10","1,138.48","1,142.70","1,129.19",(0.0047)
2017년 02월 22일,"1,138.48","1,142.89","1,145.83","1,137.69",(0.0039)
2017년 02월 21일,"1,142.89","1,145.38","1,149.81","1,141.60",(0.0022)
2017년 02월 20일,"1,145.38","1,150.62","1,151.57","1,144.89",(0.0047)
2017년 02월 17일,"1,150.78","1,141.99","1,152.68","1,141.49",0.0077 
2017년 02월 16일,"1,141.99","1,135.28","1,144.04","1,133.74",0.0059 
2017년 02월 15일,"1,135.28","1,138.89","1,146.01","1,133.19",(0.0032)
2017년 02월 14일,"1,138.89","1,149.71","1,151.40","1,134.60",(0.0094)
2017년 02월 13일,"1,149.71","1,146.59","1,155.40","1,146.17",0.0027 
2017년 02월 10일,"1,146.60","1,151.03","1,155.40","1,145.69",(0.0038)
2017년 02월 09일,"1,151.02","1,145.20","1,152.28","1,142.92",0.0051 
2017년 02월 08일,"1,145.20","1,143.39","1,149.56","1,142.16",0.0016 
2017년 02월 07일,"1,143.39","1,134.60","1,148.48","1,133.19",0.0074 
2017년 02월 06일,"1,134.99","1,138.77","1,141.01","1,131.51",(0.0031)
2017년 02월 03일,"1,138.52","1,144.10","1,149.51","1,134.16",(0.0049)
2017년 02월 02일,"1,144.10","1,153.71","1,155.20","1,137.63",(0.0083)
2017년 02월 01일,"1,153.71","1,151.65","1,159.40","1,149.89",0.0018 
2017년 01월 31일,"1,151.65","1,170.71","1,171.11","1,147.99",(0.0163)
2017년 01월 30일,"1,170.71","1,178.40","1,179.43","1,169.60",(0.0069)
2017년 01월 27일,"1,178.82","1,171.99","1,180.93","1,170.69",0.0055 
2017년 01월 26일,"1,172.39","1,163.11","1,173.12","1,156.70",0.0083 
2017년 01월 25일,"1,162.70","1,170.23","1,170.35","1,161.67",(0.0064)
2017년 01월 24일,"1,170.23","1,163.23","1,170.77","1,160.77",0.0060 
2017년 01월 23일,"1,163.23","1,175.36","1,176.01","1,162.80",(0.0103)
2017년 01월 20일,"1,175.39","1,175.18","1,178.45","1,168.63",0.0002 
2017년 01월 19일,"1,175.18","1,178.37","1,181.53","1,174.36",(0.0027)
2017년 01월 18일,"1,178.38","1,160.84","1,178.95","1,160.39",0.0151 
2017년 01월 17일,"1,160.84","1,183.38","1,188.11","1,160.15",(0.0190)
2017년 01월 16일,"1,183.38","1,175.06","1,185.55","1,175.05",0.0071 
2017년 01월 13일,"1,175.00","1,175.91","1,181.40","1,171.77",(0.0008)
2017년 01월 12일,"1,175.91","1,187.88","1,188.18","1,171.31",(0.0101)
2017년 01월 11일,"1,187.88","1,201.80","1,203.36","1,184.49",(0.0116)
2017년 01월 10일,"1,201.80","1,203.36","1,204.26","1,194.09",(0.0013)
2017년 01월 09일,"1,203.36","1,202.01","1,209.61","1,201.09",0.0011 
2017년 01월 06일,"1,202.00","1,181.79","1,202.33","1,180.19",0.0168 
2017년 01월 05일,"1,182.19","1,196.56","1,196.72","1,181.17",(0.0117)
2017년 01월 04일,"1,196.15","1,206.82","1,210.11","1,194.89",(0.0088)
2017년 01월 03일,"1,206.82","1,203.93","1,212.81","1,201.39",0.0024 
2017년 01월 02일,"1,203.93","1,206.85","1,210.70","1,203.19",(0.0028)
2016년 12월 30일,"1,207.26","1,206.39","1,208.29","1,200.73",0.0007 
2016년 12월 29일,"1,206.39","1,211.93","1,212.42","1,205.60",(0.0046)
2016년 12월 28일,"1,211.93","1,207.67","1,215.11","1,205.61",0.0035 
2016년 12월 27일,"1,207.67","1,200.36","1,209.48","1,199.89",0.0056 
2016년 12월 26일,"1,200.99","1,200.36","1,202.72","1,198.05",0.0005 
2016년 12월 23일,"1,200.36","1,205.26","1,206.11","1,199.90",(0.0041)
2016년 12월 22일,"1,205.26","1,194.19","1,207.76","1,193.60",0.0093 
2016년 12월 21일,"1,194.19","1,192.21","1,198.26","1,191.76",0.0017 
2016년 12월 20일,"1,192.21","1,187.69","1,196.56","1,187.56",0.0034 
2016년 12월 19일,"1,188.14","1,186.89","1,191.98","1,184.16",0.0013 
2016년 12월 16일,"1,186.58","1,183.39","1,189.38","1,181.15",0.0027 
2016년 12월 15일,"1,183.39","1,179.72","1,187.89","1,177.56",0.0031 
2016년 12월 14일,"1,179.72","1,164.30","1,180.90","1,163.18",0.0132 
2016년 12월 13일,"1,164.30","1,164.73","1,169.70","1,162.35",(0.0004)
2016년 12월 12일,"1,164.73","1,172.91","1,174.90","1,162.69",(0.0070)
2016년 12월 09일,"1,172.89","1,162.38","1,175.06","1,162.38",0.0087 
2016년 12월 08일,"1,162.79","1,158.68","1,166.43","1,157.20",0.0039 
2016년 12월 07일,"1,158.28","1,171.54","1,173.40","1,157.89",(0.0113)
2016년 12월 06일,"1,171.54","1,167.15","1,173.40","1,166.38",0.0038 
2016년 12월 05일,"1,167.15","1,172.70","1,176.63","1,166.17",(0.0001)
2016년 12월 02일,"1,167.32","1,167.73","1,175.21","1,164.69",(0.0004)
2016년 12월 01일,"1,167.73","1,177.39","1,179.78","1,166.69",(0.0085)
2016년 11월 30일,"1,177.80","1,168.15","1,179.45","1,166.65",0.0086 
2016년 11월 29일,"1,167.76","1,171.89","1,175.06","1,166.73",(0.0035)
2016년 11월 28일,"1,171.89","1,175.69","1,176.84","1,168.07",(0.0033)
2016년 11월 25일,"1,175.77","1,182.14","1,183.70","1,174.51",(0.0054)
2016년 11월 24일,"1,182.14","1,181.49","1,185.51","1,177.25",0.0002 
2016년 11월 23일,"1,181.89","1,170.47","1,186.11","1,169.06",0.0101 
2016년 11월 22일,"1,170.08","1,180.19","1,181.02","1,169.49",(0.0086)
2016년 11월 21일,"1,180.19","1,181.09","1,187.81","1,176.09",(0.0008)
2016년 11월 18일,"1,181.08","1,180.02","1,186.89","1,173.90",0.0009 
2016년 11월 17일,"1,180.02","1,170.69","1,181.19","1,168.48",0.0080 
2016년 11월 16일,"1,170.69","1,167.63","1,178.10","1,164.76",0.0026 
2016년 11월 15일,"1,167.63","1,168.91","1,173.31","1,163.67",(0.0011)
2016년 11월 14일,"1,168.91","1,165.40","1,176.91","1,165.39",0.0029 
2016년 11월 11일,"1,165.58","1,166.39","1,171.77","1,160.08",(0.0007)
2016년 11월 10일,"1,166.39","1,157.49","1,168.07","1,146.61",0.0073 
2016년 11월 09일,"1,157.89","1,129.34","1,159.01","1,129.02",0.0257 
2016년 11월 08일,"1,128.93","1,141.67","1,142.51","1,128.06",(0.0112)
2016년 11월 07일,"1,141.67","1,141.45","1,145.29","1,138.40",0.0002 
2016년 11월 04일,"1,141.45","1,144.47","1,147.20","1,139.18",(0.0026)
2016년 11월 03일,"1,144.47","1,145.06","1,146.53","1,136.56",(0.0005)
2016년 11월 02일,"1,145.06","1,145.86","1,153.01","1,141.95",(0.0007)
2016년 11월 01일,"1,145.85","1,142.73","1,148.34","1,139.10",0.0027 
2016년 10월 31일,"1,142.73","1,147.27","1,149.81","1,140.42",(0.0040)
2016년 10월 28일,"1,147.32","1,147.41","1,149.94","1,143.52",(0.0001)
2016년 10월 27일,"1,147.41","1,138.76","1,149.05","1,136.90",0.0076 
2016년 10월 26일,"1,138.76","1,130.23","1,139.23","1,128.83",0.0075 
2016년 10월 25일,"1,130.23","1,135.60","1,140.40","1,129.80",(0.0047)
2016년 10월 24일,"1,135.60","1,136.15","1,138.01","1,129.67",(0.0005)
2016년 10월 21일,"1,136.21","1,131.13","1,140.80","1,129.60",0.0045 
2016년 10월 20일,"1,131.13","1,120.36","1,132.38","1,118.69",0.0096 
2016년 10월 19일,"1,120.36","1,125.13","1,126.43","1,119.94",(0.0042)
2016년 10월 18일,"1,125.13","1,136.56","1,137.47","1,124.04",(0.0101)
2016년 10월 17일,"1,136.56","1,136.61","1,144.51","1,135.90",0.0001 
2016년 10월 14일,"1,136.41","1,129.69","1,137.51","1,128.69",0.0059 
2016년 10월 13일,"1,129.69","1,125.52","1,138.61","1,124.30",0.0037 
2016년 10월 12일,"1,125.51","1,124.99","1,129.39","1,121.49",0.0005 
2016년 10월 11일,"1,124.99","1,108.63","1,127.26","1,107.49",0.0148 
2016년 10월 10일,"1,108.63","1,115.81","1,117.26","1,107.49",(0.0064)
2016년 10월 07일,"1,115.76","1,115.36","1,118.69","1,110.52",0.0004 
2016년 10월 06일,"1,115.36","1,115.02","1,118.83","1,109.68",0.0003 
2016년 10월 05일,"1,115.02","1,116.58","1,117.90","1,111.56",(0.0014)
2016년 10월 04일,"1,116.58","1,104.13","1,117.80","1,102.15",0.0113 
2016년 10월 03일,"1,104.13","1,101.81","1,105.80","1,099.34",0.0020 
2016년 09월 30일,"1,101.91","1,102.67","1,106.97","1,097.87",(0.0007)
2016년 09월 29일,"1,102.67","1,092.30","1,105.36","1,091.61",0.0092 
2016년 09월 28일,"1,092.60","1,097.23","1,100.08","1,092.51",(0.0039)
2016년 09월 27일,"1,096.93","1,108.91","1,113.90","1,094.15",(0.0108)
2016년 09월 26일,"1,108.91","1,104.36","1,110.88","1,102.60",0.0044 
2016년 09월 23일,"1,104.01","1,103.34","1,107.61","1,099.47",0.0006 
2016년 09월 22일,"1,103.34","1,103.84","1,107.01","1,097.07",(0.0005)
2016년 09월 21일,"1,103.84","1,117.20","1,123.61","1,102.26",(0.0120)
2016년 09월 20일,"1,117.20","1,119.45","1,122.20","1,116.59",(0.0020)
2016년 09월 19일,"1,119.45","1,125.89","1,126.40","1,116.77",(0.0059)
2016년 09월 16일,"1,126.05","1,124.89","1,128.70","1,119.68",0.0010 
2016년 09월 15일,"1,124.89","1,126.57","1,134.36","1,122.59",(0.0015)
2016년 09월 14일,"1,126.57","1,128.16","1,129.78","1,123.07",(0.0014)
2016년 09월 13일,"1,128.16","1,107.68","1,130.14","1,107.30",0.0185 
2016년 09월 12일,"1,107.68","1,109.91","1,118.49","1,106.99",(0.0009)
2016년 09월 09일,"1,108.73","1,098.63","1,109.50","1,096.87",0.0092 
2016년 09월 08일,"1,098.63","1,090.70","1,099.05","1,088.45",0.0073 
2016년 09월 07일,"1,090.70","1,094.63","1,097.10","1,086.71",(0.0036)
2016년 09월 06일,"1,094.64","1,104.55","1,108.80","1,093.86",(0.0090)
2016년 09월 05일,"1,104.55","1,116.70","1,117.36","1,103.57",(0.0107)
2016년 09월 02일,"1,116.45","1,118.09","1,120.61","1,108.45",(0.0015)
2016년 09월 01일,"1,118.09","1,116.30","1,124.72","1,114.43",0.0016 
2016년 08월 31일,"1,116.30","1,120.24","1,121.70","1,113.55",(0.0035)
2016년 08월 30일,"1,120.24","1,120.09","1,121.59","1,113.41",0.0001 
2016년 08월 29일,"1,120.08","1,123.05","1,129.30","1,120.01",(0.0022)
2016년 08월 26일,"1,122.51","1,115.82","1,124.01","1,107.45",0.0060 
2016년 08월 25일,"1,115.82","1,121.39","1,124.61","1,114.86",(0.0050)
2016년 08월 24일,"1,121.39","1,120.58","1,125.50","1,118.33",0.0007 
2016년 08월 23일,"1,120.58","1,123.73","1,123.88","1,114.79",(0.0028)
2016년 08월 22일,"1,123.74","1,116.66","1,129.61","1,115.49",0.0073 
2016년 08월 19일,"1,115.57","1,108.13","1,123.54","1,107.31",0.0067 
2016년 08월 18일,"1,108.14","1,108.07","1,112.59","1,103.36",0.0001 
2016년 08월 17일,"1,108.07","1,095.86","1,116.51","1,094.49",0.0111 
2016년 08월 16일,"1,095.86","1,097.91","1,099.51","1,089.61",(0.0019)
2016년 08월 15일,"1,097.91","1,103.16","1,105.28","1,096.16",(0.0051)
2016년 08월 12일,"1,103.49","1,097.80","1,107.20","1,097.09",0.0051 
2016년 08월 11일,"1,097.85","1,096.44","1,104.36","1,094.36",0.0013 
2016년 08월 10일,"1,096.44","1,103.05","1,104.50","1,092.51",(0.0060)
2016년 08월 09일,"1,103.05","1,107.90","1,111.51","1,100.94",(0.0041)
2016년 08월 08일,"1,107.55","1,115.85","1,117.80","1,106.23",(0.0069)
2016년 08월 05일,"1,115.27","1,113.59","1,116.56","1,107.89",0.0012 
2016년 08월 04일,"1,113.94","1,117.36","1,117.60","1,112.35",(0.0027)
2016년 08월 03일,"1,117.00","1,111.75","1,120.30","1,110.52",0.0047 
2016년 08월 02일,"1,111.75","1,108.09","1,113.00","1,105.89",0.0030 
2016년 08월 01일,"1,108.44","1,111.81","1,115.56","1,103.14",(0.0034)
2016년 07월 29일,"1,112.24","1,124.95","1,126.45","1,111.44",(0.0110)
2016년 07월 28일,"1,124.60","1,131.63","1,131.75","1,123.36",(0.0062)
2016년 07월 27일,"1,131.63","1,137.39","1,137.95","1,131.49",(0.0054)
2016년 07월 26일,"1,137.80","1,142.49","1,144.49","1,135.04",(0.0041)
2016년 07월 25일,"1,142.44","1,136.80","1,144.18","1,135.25",0.0054 
2016년 07월 22일,"1,136.35","1,138.37","1,140.76","1,133.57",(0.0015)
2016년 07월 21일,"1,138.01","1,142.50","1,143.50","1,134.99",(0.0046)
2016년 07월 20일,"1,143.25","1,141.01","1,144.12","1,138.24",0.0017 
2016년 07월 19일,"1,141.29","1,134.89","1,143.21","1,134.39",0.0053 
2016년 07월 18일,"1,135.24","1,137.65","1,139.92","1,134.47",(0.0030)
2016년 07월 15일,"1,138.60","1,131.39","1,139.04","1,129.69",0.0053 
2016년 07월 14일,"1,132.55","1,146.22","1,148.81","1,130.55",(0.0116)
2016년 07월 13일,"1,145.87","1,143.29","1,148.82","1,141.69",0.0019 
2016년 07월 12일,"1,143.64","1,151.34","1,153.95","1,142.05",(0.0064)
2016년 07월 11일,"1,150.98","1,149.75","1,152.30","1,145.41",0.0010 
2016년 07월 08일,"1,149.80","1,158.25","1,163.30","1,147.59",(0.0073)
2016년 07월 07일,"1,158.25","1,159.45","1,162.40","1,152.49",(0.0010)
2016년 07월 06일,"1,159.45","1,159.05","1,169.90","1,156.29",0.0003 
2016년 07월 05일,"1,159.05","1,151.79","1,159.75","1,149.97",0.0060 
2016년 07월 04일,"1,152.14","1,152.11","1,153.95","1,145.42",0.0019 
2016년 07월 01일,"1,150.00","1,151.99","1,154.40","1,143.89",(0.0020)
2016년 06월 30일,"1,152.35","1,154.67","1,158.18","1,147.33",(0.0017)
2016년 06월 29일,"1,154.32","1,167.07","1,171.50","1,152.89",(0.0109)
2016년 06월 28일,"1,167.07","1,180.19","1,186.20","1,166.26",(0.0114)
2016년 06월 27일,"1,180.55","1,172.62","1,189.65","1,172.60",0.0073 
2016년 06월 24일,"1,171.95","1,141.75","1,181.10","1,140.67",0.0265 
2016년 06월 23일,"1,141.75","1,149.28","1,153.70","1,141.09",(0.0066)
2016년 06월 22일,"1,149.28","1,153.19","1,158.40","1,146.09",(0.0037)
2016년 06월 21일,"1,153.55","1,159.94","1,163.76","1,151.25",(0.0055)
2016년 06월 20일,"1,159.89","1,170.56","1,170.72","1,155.85",(0.0090)
2016년 06월 17일,"1,170.46","1,172.65","1,177.90","1,167.20",(0.0019)
2016년 06월 16일,"1,172.65","1,168.79","1,179.37","1,167.52",0.0030 
2016년 06월 15일,"1,169.14","1,176.70","1,181.15","1,166.25",(0.0061)
2016년 06월 14일,"1,176.35","1,172.44","1,182.20","1,170.61",0.0033 
2016년 06월 13일,"1,172.44","1,171.10","1,175.97","1,168.22",0.0008 
2016년 06월 10일,"1,171.53","1,158.99","1,172.95","1,157.59",0.0105 
2016년 06월 09일,"1,159.35","1,154.61","1,162.81","1,151.83",0.0044 
2016년 06월 08일,"1,154.25","1,155.99","1,159.65","1,150.89",(0.0018)
2016년 06월 07일,"1,156.30","1,162.99","1,167.01","1,153.49",(0.0058)
2016년 06월 06일,"1,162.99","1,165.20","1,168.86","1,161.20",(0.0005)
2016년 06월 03일,"1,163.55","1,187.16","1,190.56","1,163.35",(0.0196)
2016년 06월 02일,"1,186.81","1,192.37","1,194.96","1,185.38",(0.0047)
2016년 06월 01일,"1,192.37","1,189.39","1,196.40","1,188.25",0.0022 
2016년 05월 31일,"1,189.74","1,190.26","1,194.55","1,188.20",(0.0031)
2016년 05월 30일,"1,193.39","1,187.35","1,193.81","1,186.65",0.0060 
2016년 05월 27일,"1,186.25","1,179.69","1,187.50","1,177.39",0.0053 
2016년 05월 26일,"1,180.05","1,181.85","1,186.06","1,174.25",(0.0015)
2016년 05월 25일,"1,181.85","1,188.25","1,191.65","1,180.05",(0.0054)
2016년 05월 24일,"1,188.24","1,183.24","1,195.22","1,182.55",0.0042 
2016년 05월 23일,"1,183.24","1,191.30","1,191.32","1,182.15",(0.0025)
2016년 05월 20일,"1,186.20","1,187.48","1,192.85","1,185.47",(0.0011)
2016년 05월 19일,"1,187.48","1,189.19","1,193.30","1,186.89",(0.0017)
2016년 05월 18일,"1,189.55","1,177.60","1,193.54","1,175.14",0.0105 
2016년 05월 17일,"1,177.24","1,178.20","1,179.18","1,171.39",(0.0008)
2016년 05월 16일,"1,178.20","1,176.65","1,181.30","1,175.29",0.0012 
2016년 05월 13일,"1,176.80","1,170.49","1,181.03","1,166.11",0.0055 
2016년 05월 12일,"1,170.35","1,165.35","1,171.46","1,161.88",0.0041 
2016년 05월 11일,"1,165.55","1,170.94","1,173.56","1,162.55",(0.0046)
2016년 05월 10일,"1,170.94","1,175.64","1,176.95","1,170.05",(0.0040)
2016년 05월 09일,"1,175.60","1,170.01","1,179.46","1,163.31",0.0054 
2016년 05월 06일,"1,169.30","1,167.59","1,176.14","1,165.99",0.0012 
2016년 05월 05일,"1,167.89","1,167.10","1,172.00","1,163.46",0.0007 
2016년 05월 04일,"1,167.10","1,151.80","1,168.11","1,150.11",0.0132 
2016년 05월 03일,"1,151.89","1,137.19","1,152.63","1,133.77",0.0130 
2016년 05월 02일,"1,137.10","1,145.40","1,146.90","1,136.70",(0.0068)
2016년 04월 29일,"1,144.83","1,137.29","1,149.07","1,133.90",0.0064 
2016년 04월 28일,"1,137.60","1,149.32","1,150.51","1,136.20",(0.0099)
2016년 04월 27일,"1,149.01","1,147.90","1,154.93","1,142.59",0.0010 
2016년 04월 26일,"1,147.90","1,151.21","1,152.80","1,146.09",(0.0029)
2016년 04월 25일,"1,151.21","1,149.40","1,152.90","1,145.74",0.0011 
2016년 04월 22일,"1,149.99","1,141.39","1,151.30","1,138.20",0.0075 
2016년 04월 21일,"1,141.39","1,133.70","1,142.82","1,131.80",0.0067 
2016년 04월 20일,"1,133.74","1,129.05","1,137.76","1,127.44",0.0042 
2016년 04월 19일,"1,128.99","1,144.76","1,146.70","1,124.80",(0.0134)
2016년 04월 18일,"1,144.28","1,146.89","1,153.80","1,141.79",(0.0024)
2016년 04월 15일,"1,146.99","1,153.70","1,156.40","1,144.59",(0.0059)
2016년 04월 14일,"1,153.74","1,146.24","1,159.95","1,145.43",0.0065 
2016년 04월 13일,"1,146.24","1,144.24","1,150.42","1,141.94",0.0021 
2016년 04월 12일,"1,143.89","1,142.29","1,148.95","1,141.29",0.0011 
2016년 04월 11일,"1,142.64","1,151.56","1,155.45","1,141.44",(0.0078)
2016년 04월 08일,"1,151.64","1,160.85","1,164.06","1,147.44",(0.0079)
2016년 04월 07일,"1,160.80","1,156.14","1,162.01","1,150.86",0.0043 
2016년 04월 06일,"1,155.84","1,160.89","1,163.69","1,153.09",(0.0043)
2016년 04월 05일,"1,160.81","1,152.16","1,162.88","1,150.29",0.0075 
2016년 04월 04일,"1,152.16","1,147.90","1,153.30","1,145.57",0.0037 
2016년 04월 01일,"1,147.89","1,145.28","1,155.89","1,142.39",0.0026 
2016년 03월 31일,"1,144.97","1,143.92","1,147.50","1,134.69",0.0010 
2016년 03월 30일,"1,143.85","1,155.29","1,158.88","1,139.79",(0.0103)
2016년 03월 29일,"1,155.74","1,166.05","1,168.09","1,155.26",(0.0088)
2016년 03월 28일,"1,165.99","1,169.90","1,174.20","1,164.59",(0.0026)
2016년 03월 25일,"1,169.05","1,168.55","1,174.56","1,165.41",0.0004 
2016년 03월 24일,"1,168.55","1,168.85","1,171.26","1,164.40",(0.0003)
2016년 03월 23일,"1,168.85","1,157.62","1,169.51","1,155.83",0.0100 
2016년 03월 22일,"1,157.27","1,160.99","1,165.90","1,152.84",(0.0035)
2016년 03월 21일,"1,161.30","1,164.49","1,170.30","1,157.70",(0.0026)
2016년 03월 18일,"1,164.30","1,154.59","1,164.70","1,153.79",0.0081 
2016년 03월 17일,"1,154.94","1,178.94","1,180.26","1,152.14",(0.0204)
2016년 03월 16일,"1,178.94","1,194.94","1,197.14","1,176.95",(0.0134)
2016년 03월 15일,"1,194.94","1,189.05","1,197.84","1,186.26",0.0050 
2016년 03월 14일,"1,189.05","1,188.12","1,192.56","1,183.92",0.0010 
2016년 03월 11일,"1,187.90","1,205.09","1,211.10","1,184.39",(0.0146)
2016년 03월 10일,"1,205.44","1,209.85","1,214.86","1,198.61",(0.0036)
2016년 03월 09일,"1,209.85","1,210.25","1,218.36","1,207.05",(0.0003)
2016년 03월 08일,"1,210.24","1,199.84","1,210.90","1,199.74",0.0086 
2016년 03월 07일,"1,199.89","1,198.90","1,208.50","1,197.29",0.0012 
2016년 03월 04일,"1,198.50","1,211.57","1,214.00","1,194.69",(0.0112)
2016년 03월 03일,"1,212.07","1,224.69","1,227.70","1,208.89",(0.0106)
2016년 03월 02일,"1,225.10","1,229.39","1,237.20","1,224.69",(0.0035)
2016년 03월 01일,"1,229.35","1,238.60","1,239.44","1,226.85",(0.0072)
2016년 02월 29일,"1,238.24","1,243.50","1,246.10","1,234.89",(0.0039)
2016년 02월 26일,"1,243.13","1,234.89","1,245.99","1,230.79",0.0064 
2016년 02월 25일,"1,235.20","1,233.01","1,243.95","1,232.11",0.0020 
2016년 02월 24일,"1,232.71","1,232.04","1,241.74","1,230.89",0.0005 
2016년 02월 23일,"1,232.04","1,224.09","1,233.72","1,222.29",0.0062 
2016년 02월 22일,"1,224.44","1,234.40","1,238.76","1,222.44",(0.0076)
2016년 02월 19일,"1,233.87","1,228.59","1,240.50","1,228.29",0.0040 
2016년 02월 18일,"1,228.94","1,224.25","1,235.11","1,222.43",0.0038 
2016년 02월 17일,"1,224.24","1,219.26","1,232.16","1,217.74",0.0044 
2016년 02월 16일,"1,218.91","1,214.39","1,222.66","1,211.29",0.0034 
2016년 02월 15일,"1,214.74","1,208.20","1,214.74","1,206.95",0.0064 
2016년 02월 12일,"1,207.00","1,200.65","1,212.50","1,198.79",0.0053 
2016년 02월 11일,"1,200.65","1,188.69","1,206.80","1,188.39",0.0098 
2016년 02월 10일,"1,189.05","1,198.75","1,202.09","1,187.85",(0.0081)
2016년 02월 09일,"1,198.70","1,203.99","1,209.40","1,197.39",(0.0044)
2016년 02월 08일,"1,204.05","1,206.62","1,211.70","1,203.70",(0.0019)
2016년 02월 05일,"1,206.35","1,191.94","1,207.38","1,189.44",0.0121 
2016년 02월 04일,"1,191.94","1,201.14","1,206.95","1,182.06",(0.0077)
2016년 02월 03일,"1,201.14","1,212.84","1,222.36","1,199.63",(0.0094)
2016년 02월 02일,"1,212.48","1,202.79","1,214.57","1,197.78",0.0081 
2016년 02월 01일,"1,202.79","1,208.11","1,211.70","1,199.70",(0.0044)
2016년 01월 29일,"1,208.11","1,207.73","1,213.60","1,198.08",0.0003 
2016년 01월 28일,"1,207.74","1,208.82","1,212.10","1,201.49",(0.0009)
2016년 01월 27일,"1,208.79","1,198.32","1,209.57","1,197.75",0.0088 
2016년 01월 26일,"1,198.20","1,199.70","1,206.62","1,197.35",(0.0013)
2016년 01월 25일,"1,199.70","1,197.70","1,202.57","1,192.07",0.0018 
2016년 01월 22일,"1,197.57","1,204.20","1,207.20","1,195.84",(0.0051)
2016년 01월 21일,"1,203.76","1,208.43","1,214.30","1,202.20",(0.0045)
2016년 01월 20일,"1,209.25","1,207.39","1,219.15","1,207.11",0.0015 
2016년 01월 19일,"1,207.49","1,211.72","1,214.20","1,202.06",(0.0034)
2016년 01월 18일,"1,211.57","1,214.81","1,217.20","1,208.26",(0.0027)
2016년 01월 15일,"1,214.81","1,207.73","1,221.70","1,206.58",0.0059 
2016년 01월 14일,"1,207.74","1,210.24","1,219.07","1,207.50",(0.0021)
2016년 01월 13일,"1,210.24","1,210.40","1,215.20","1,201.30",(0.0001)
2016년 01월 12일,"1,210.33","1,204.63","1,213.50","1,203.97",0.0046 
2016년 01월 11일,"1,204.76","1,207.94","1,211.50","1,202.19",(0.0026)
2016년 01월 08일,"1,207.94","1,197.29","1,214.65","1,191.90",0.0089 
2016년 01월 07일,"1,197.29","1,200.52","1,204.70","1,193.16",(0.0027)
2016년 01월 06일,"1,200.52","1,190.81","1,203.80","1,187.59",0.0082 
2016년 01월 05일,"1,190.81","1,190.35","1,192.80","1,184.40",0.0004 
2016년 01월 04일,"1,190.35","1,175.66","1,193.23","1,175.65",0.0127 
2016년 01월 01일,"1,175.45","1,175.94","1,176.50","1,175.19",(0.0004)
