date,close,open,high,low,volume_k,diff
2019-12-30,61.68,61.71,62.34,61.09,427.15,-0.0006
2019-12-27,61.72,61.73,61.97,61.24,351.9,0.0006
2019-12-26,61.68,61.2,61.83,61.06,265.09,0.008
2019-12-25,61.19,61.45,61.52,61.17,0,0.0013
2019-12-24,61.11,60.63,61.16,60.47,204.54,0.0097
2019-12-23,60.52,60.41,60.77,60.1,314.71,0.0013
2019-12-20,60.44,61.11,61.2,60.02,552.52,-0.0127
2019-12-19,61.22,60.86,61.47,60.79,35.46,0.0048
2019-12-18,60.93,60.55,61.18,60.32,131.07,-0.0002
2019-12-17,60.94,60.23,61.06,60.03,163.74,0.0121
2019-12-16,60.21,59.87,60.34,59.71,347.4,0.0023
2019-12-13,60.07,59.36,60.48,59.27,512.29,0.015
2019-12-12,59.18,58.88,59.72,58.75,530.85,0.0071
2019-12-11,58.76,59.06,59.22,58.11,589.65,-0.0081
2019-12-10,59.24,58.92,59.52,58.52,566.82,0.0037
2019-12-09,59.02,59.11,59.25,58.23,511.56,-0.003
2019-12-06,59.2,58.32,59.85,57.7,679.61,0.0132
2019-12-05,58.43,58.36,59.12,58.1,649.46,0
2019-12-04,58.43,56.43,58.66,56.28,760.54,0.0415
2019-12-03,56.1,55.96,56.8,55.35,560.55,0.0025
2019-12-02,55.96,55.47,56.67,55.42,616.42,0.0143
2019-11-29,55.17,58.13,58.3,55.02,718.72,-0.0501
2019-11-28,58.08,57.97,58.29,57.64,0,-0.0005
2019-11-27,58.11,58.27,58.68,57.51,454.26,-0.0051
2019-11-26,58.41,57.92,58.56,57.76,443.82,0.0069
2019-11-25,58.01,57.92,58.15,57.21,420.64,0.0042
2019-11-22,57.77,58.31,58.74,57.5,508.24,-0.0138
2019-11-21,58.58,57,58.67,56.6,593.53,0.0257
2019-11-20,57.11,55.16,57.25,54.76,31.92,0.0344
2019-11-19,55.21,56.9,57.11,55.04,121.21,-0.0323
2019-11-18,57.05,57.88,58.09,56.55,159.33,-0.0116
2019-11-15,57.72,56.91,57.97,56.43,375.99,0.0167
2019-11-14,56.77,57.39,57.79,56.63,516.83,-0.0061
2019-11-13,57.12,56.79,57.53,56.2,547.64,0.0056
2019-11-12,56.8,56.89,57.55,56.54,586.57,-0.0011
2019-11-11,56.86,57.4,57.4,56.25,498.98,-0.0066
2019-11-08,57.24,57.08,57.48,55.76,636.94,0.0016
2019-11-07,57.15,56.35,57.88,56.27,678.17,0.0142
2019-11-06,56.35,57.26,57.85,56.11,623.26,-0.0154
2019-11-05,57.23,56.56,57.5,56.3,435.32,0.0122
2019-11-04,56.54,56.41,57.43,55.83,580.35,0.006
2019-11-01,56.2,54.15,56.33,54.07,538.12,0.0373
2019-10-31,54.18,54.9,55.59,53.71,677.42,-0.016
2019-10-30,55.06,55.53,55.73,54.42,659.33,-0.0086
2019-10-29,55.54,55.8,55.91,54.61,521.46,-0.0048
2019-10-28,55.81,56.65,56.92,55.58,437.02,-0.015
2019-10-25,56.66,56.07,56.74,55.6,445.02,0.0076
2019-10-24,56.23,55.9,56.51,55.41,480.76,0.0046
2019-10-23,55.97,54.3,56.07,53.62,620.2,0.0334
2019-10-22,54.16,53.39,54.62,53.1,33.92,0.0159
2019-10-21,53.31,53.71,54.03,52.71,95.98,-0.0087
2019-10-18,53.78,54.09,54.62,53.35,174.48,-0.0028
2019-10-17,53.93,52.99,54.16,52.62,418.42,0.0107
2019-10-16,53.36,52.92,53.74,52.51,451.64,0.0104
2019-10-15,52.81,53.51,53.79,52.39,511.25,-0.0146
2019-10-14,53.59,54.9,54.9,52.77,467.64,-0.0203
2019-10-11,54.7,53.88,54.93,53.64,741.7,0.0215
2019-10-10,53.55,52.69,53.97,51.38,613.94,0.0183
2019-10-09,52.59,52.57,53.74,52.31,632.67,-0.0008
2019-10-08,52.63,52.81,53.27,51.81,658.32,-0.0023
2019-10-07,52.75,52.69,54.06,52.59,549.02,-0.0011
2019-10-04,52.81,52.29,53.35,52.04,541.1,0.0069
2019-10-03,52.45,52.47,52.91,50.99,642.47,-0.0036
2019-10-02,52.64,54,54.42,52.17,590.31,-0.0183
2019-10-01,53.62,54.28,54.84,53.05,589.18,-0.0083
2019-09-30,54.07,56.54,56.57,53.98,532.52,-0.0329
2019-09-27,55.91,56.51,56.76,54.75,712.97,-0.0089
2019-09-26,56.41,56.69,56.84,55.41,599.65,-0.0014
2019-09-25,56.49,56.7,57.02,55.55,563.55,-0.014
2019-09-24,57.29,58.44,58.49,56.69,591.53,-0.023
2019-09-23,58.64,59.25,59.39,57.37,526.79,0.0095
2019-09-20,58.09,58.65,59.1,57.79,37.98,-0.0007
2019-09-19,58.13,58.2,59.54,58.01,112.33,0.0003
2019-09-18,58.11,58.81,59.43,57.67,216.96,-0.0207
2019-09-17,59.34,61.96,62.59,58.46,993.24,-0.0566
2019-09-16,62.9,61.48,63.38,58.77,1.40M,0.1468
2019-09-13,54.85,55.15,55.68,54.44,599.47,-0.0044
2019-09-12,55.09,55.93,56.34,54,845.98,-0.0118
2019-09-11,55.75,57.89,58.3,55.61,858.77,-0.0287
2019-09-10,57.4,58.03,58.76,57.2,755.47,-0.0078
2019-09-09,57.85,56.8,58.16,56.58,646.99,0.0235
2019-09-06,56.52,56.19,56.95,54.83,714.29,0.0039
2019-09-05,56.3,55.95,57.76,55.75,712.47,0.0007
2019-09-04,56.26,53.92,56.58,53.84,682.3,0.043
2019-09-03,53.94,55,55.24,52.84,970.8,-0.0132
2019-09-02,54.66,54.81,55.22,54.36,0,-0.0026
2019-09-01,54.8,55,55,54.56,0,-0.0054
2019-08-30,55.1,56.63,56.72,54.55,708.27,-0.0284
2019-08-29,56.71,55.88,56.89,55.43,630.76,0.0167
2019-08-28,55.78,55.71,56.75,55.34,674.05,0.0155
2019-08-27,54.93,53.76,55.72,53.69,596.62,0.024
2019-08-26,53.64,53.25,55.26,52.96,679.02,-0.0098
2019-08-23,54.17,55.35,55.6,53.24,807.15,-0.0213
2019-08-22,55.35,55.94,56.46,54.85,621.57,-0.0059
2019-08-21,55.68,56.05,57.13,55.55,704.04,-0.0117
2019-08-20,56.34,56.1,56.6,55.28,47.45,0.0023
2019-08-19,56.21,54.96,56.41,54.84,113.57,0.0244
2019-08-16,54.87,54.74,55.67,54.26,168.35,0.0073
2019-08-15,54.47,54.9,55.33,53.77,527.87,-0.0138
2019-08-14,55.23,56.74,56.85,53.97,718.29,-0.0327
2019-08-13,57.1,54.73,57.47,54.21,783.49,0.0395
2019-08-12,54.93,54.32,55.18,53.54,611.03,0.0079
2019-08-09,54.5,52.88,54.92,52.37,726.39,0.0373
2019-08-08,52.54,52.33,53.06,51.94,724.76,0.0284
2019-08-07,51.09,53.42,53.77,50.52,1.06M,-0.0474
2019-08-06,53.63,54.95,55.42,53.29,682.79,-0.0194
2019-08-05,54.69,55.38,55.61,54.22,823.84,-0.0174
2019-08-02,55.66,54.54,56.05,54.15,739.81,0.0317
2019-08-01,53.95,57.85,57.99,53.59,886.75,-0.079
2019-07-31,58.58,58.34,58.82,57.81,614,0.0091
2019-07-30,58.05,57.07,58.47,56.96,547.4,0.0207
2019-07-29,56.87,56.2,57.1,55.81,529.74,0.0119
2019-07-26,56.2,55.93,56.57,55.68,476.79,0.0032
2019-07-25,56.02,55.9,56.99,55.81,559.28,0.0025
2019-07-24,55.88,57.23,57.64,55.33,745.25,-0.0157
2019-07-23,56.77,56.17,57.47,55.74,521.88,0.0098
2019-07-22,56.22,56.22,56.84,55.72,24.3,0.0106
2019-07-19,55.63,55.72,56.36,54.99,105.22,0.006
2019-07-18,55.3,56.6,57.32,54.72,215.36,-0.0261
2019-07-17,56.78,57.52,58.36,56.21,504.43,-0.0146
2019-07-16,57.62,59.26,60.06,57.07,712.54,-0.0329
2019-07-15,59.58,60.25,60.92,59.2,566.82,-0.0105
2019-07-12,60.21,60.46,60.74,59.93,469.03,0.0002
2019-07-11,60.2,60.44,60.94,60.14,573.02,-0.0038
2019-07-10,60.43,58.4,60.53,58.35,690.66,0.045
2019-07-09,57.83,57.56,59.1,57.29,551.87,0.0029
2019-07-08,57.66,57.77,58.46,57.3,540.86,0.0026
2019-07-05,57.51,57.38,57.82,56.29,698.02,0.0125
2019-07-04,56.8,57.41,57.57,56.48,0,-0.0094
2019-07-03,57.34,56.49,57.48,56.04,600.13,0.0194
2019-07-02,56.25,59.14,59.43,56.09,878.94,-0.0481
2019-07-01,59.09,59.27,60.28,58.34,674.89,0.0106
2019-06-28,58.47,59.22,59.8,57.75,556.1,-0.0162
2019-06-27,59.43,59.27,59.73,58.61,531.41,0.0008
2019-06-26,59.38,58.84,59.93,58.65,686.82,0.0268
2019-06-25,57.83,57.74,58.84,57.2,673.14,-0.0012
2019-06-24,57.9,57.72,58.22,56.75,597.16,0.0082
2019-06-21,57.43,57.26,57.98,56.66,676.05,0.0138
2019-06-20,56.65,54.12,57.02,54.11,27.88,0.0538
2019-06-19,53.76,54.09,54.42,53.28,122.84,-0.0026
2019-06-18,53.9,51.95,54.31,51.5,181.64,0.0379
2019-06-17,51.93,52.5,52.74,51.58,397.87,-0.011
2019-06-14,52.51,52.18,52.98,51.7,574.23,0.0044
2019-06-13,52.28,51.07,53.45,50.92,945.02,0.0223
2019-06-12,51.14,53.04,53.05,50.72,786.11,-0.04
2019-06-11,53.27,53.43,54.04,52.91,642.94,0.0002
2019-06-10,53.26,54.24,54.84,53.05,687.15,-0.0135
2019-06-07,53.99,53.1,54.32,52.62,828.13,0.0266
2019-06-06,52.59,51.66,53.3,51.17,790.07,0.0176
2019-06-05,51.68,52.86,53.41,50.6,943.19,-0.0337
2019-06-04,53.48,52.89,53.78,52.43,831.63,0.0043
2019-06-03,53.25,53.42,54.63,52.11,984.31,-0.0047
2019-05-31,53.5,56.46,56.61,53.05,1.03M,-0.0546
2019-05-30,56.59,59.12,59.7,56.33,842.28,-0.0377
2019-05-29,58.81,59.07,59.14,56.88,1.12M,-0.0056
2019-05-28,59.14,58.94,59.57,58.13,1.02M,-0.0003
2019-05-27,59.16,58.77,59.26,58.14,0,0.0066
2019-05-26,58.77,58.94,59,58.67,0,0.0024
2019-05-24,58.63,58.21,59.1,57.5,758.1,0.0124
2019-05-23,57.91,61.31,61.41,57.33,1.11M,-0.0571
2019-05-22,61.42,62.95,63,61.03,766.73,-0.0249
2019-05-21,62.99,63.22,63.6,62.75,28.91,-0.0017
2019-05-20,63.1,62.93,63.81,62.45,131.89,0.0054
2019-05-17,62.76,63.12,63.64,62.52,215.8,-0.0017
2019-05-16,62.87,62.12,63.48,62.08,545.68,0.0137
2019-05-15,62.02,61.37,62.34,60.85,723,0.0039
2019-05-14,61.78,60.86,62.11,60.69,751.67,0.0121
2019-05-13,61.04,61.65,63.33,60.64,1.00M,-0.0101
2019-05-10,61.66,61.64,62.49,61.42,786.49,-0.0006
2019-05-09,61.7,62.02,62.21,60.92,769.58,-0.0068
2019-05-08,62.12,61.44,62.37,61.07,791.77,0.0117
2019-05-07,61.4,62.17,62.49,60.66,842.81,-0.0137
2019-05-06,62.25,61.43,62.95,60.04,768.81,0.005
2019-05-03,61.94,61.55,62.52,61.3,646.87,0.0021
2019-05-02,61.81,63.61,63.68,60.95,914.66,-0.0281
2019-05-01,63.6,63.4,63.93,62.77,676.87,-0.0049
2019-04-30,63.91,63.58,64.75,63.3,750.49,0.0065
2019-04-29,63.5,62.95,63.69,62.46,654.08,0.0032
2019-04-26,63.3,65.13,65.18,62.28,1.00M,-0.0293
2019-04-25,65.21,65.81,66.28,64.9,603,-0.0103
2019-04-24,65.89,66.17,66.43,65.66,678.39,-0.0062
2019-04-23,66.3,65.75,66.6,65.58,700.6,0.0091
2019-04-22,65.7,64,65.92,64,30.14,0.0266
2019-04-18,64,63.75,64.16,63.46,148.24,0.0038
2019-04-17,63.76,64.32,64.61,63.66,235.38,-0.0045
2019-04-16,64.05,63.57,64.37,62.99,547.47,0.0103
2019-04-15,63.4,63.76,63.84,63.03,555.86,-0.0077
2019-04-12,63.89,63.71,64.65,63.66,625.59,0.0049
2019-04-11,63.58,64.48,64.49,63.31,760.5,-0.0159
2019-04-10,64.61,64.22,64.7,64.05,722.22,0.0098
2019-04-09,63.98,64.4,64.79,63.68,790.68,-0.0065
2019-04-08,64.4,63.33,64.48,63.13,895.77,0.0209
2019-04-05,63.08,62.18,63.34,61.82,686.86,0.0158
2019-04-04,62.1,62.5,62.77,61.89,684.97,-0.0058
2019-04-03,62.46,62.64,62.99,62.05,799.67,-0.0019
2019-04-02,62.58,61.81,62.75,61.6,793.23,0.0161
2019-04-01,61.59,60.24,61.8,60.13,670.81,0.0241
2019-03-29,60.14,59.53,60.73,59.41,705.56,0.0142
2019-03-28,59.3,59.4,59.56,58.2,712.21,-0.0019
2019-03-27,59.41,60.03,60.22,58.81,732.15,-0.0088
2019-03-26,59.94,59.12,60.38,59.04,685.99,0.019
2019-03-25,58.82,58.98,59.35,58.17,705.4,-0.0037
2019-03-22,59.04,59.87,60.07,58.28,738.84,-0.0157
2019-03-21,59.98,59.99,60.39,59.66,655.38,0.0025
2019-03-20,59.83,59.02,60.12,58.39,31.13,0.0136
2019-03-19,59.03,59.01,59.57,58.62,114.82,-0.001
2019-03-18,59.09,58.45,59.23,58.05,157.24,0.0097
2019-03-15,58.52,58.51,58.95,57.74,507.39,-0.0015
2019-03-14,58.61,58.35,58.74,58,567.6,0.006
2019-03-13,58.26,57.09,58.48,57.01,610.62,0.0244
2019-03-12,56.87,56.76,57.55,56.74,652.8,0.0014
2019-03-11,56.79,56.07,57.01,55.96,597.16,0.0128
2019-03-08,56.07,56.43,56.51,54.52,747.36,-0.0104
2019-03-07,56.66,56.2,56.99,56.08,628.82,0.0078
2019-03-06,56.22,56.28,56.4,55.42,637.68,-0.006
2019-03-05,56.56,56.45,57.19,56.09,538.4,-0.0005
2019-03-04,56.59,55.83,57,55.81,549.4,0.0142
2019-03-01,55.8,57.22,57.88,55.57,684.19,-0.0248
2019-02-28,57.22,57,57.43,56.43,496.68,0.0049
2019-02-27,56.94,55.95,57.39,55.72,577.23,0.0259
2019-02-26,55.5,55.46,56.08,55.02,538.92,0.0004
2019-02-25,55.48,57.17,57.53,55.08,723.01,-0.0311
2019-02-22,57.26,56.84,57.81,56.71,513.44,0.0053
2019-02-21,56.96,57.24,57.61,56.64,546.2,0.0007
2019-02-20,56.92,55.94,57.55,55.48,37.68,0.0148
2019-02-19,56.09,55.78,56.33,55.29,153.73,-0.0032
2019-02-18,56.27,56.33,56.73,56.12,0,-0.0011
2019-02-17,56.33,56.17,56.39,56.11,0,0.0133
2019-02-15,55.59,54.48,55.87,54.24,276.91,0.0217
2019-02-14,54.41,53.96,54.68,53.08,623.55,0.0095
2019-02-13,53.9,53.35,54.6,53.27,706.55,0.0151
2019-02-12,53.1,52.47,54.05,52.29,708.31,0.0132
2019-02-11,52.41,52.66,52.78,51.23,750.24,-0.0059
2019-02-08,52.72,52.59,52.99,52.08,621,0.0015
2019-02-07,52.64,53.94,54.21,51.8,749.01,-0.0254
2019-02-06,54.01,53.73,54.3,52.86,606.72,0.0065
2019-02-05,53.66,54.86,55.21,53.47,609.76,-0.0165
2019-02-04,54.56,55.32,55.75,53.29,622.47,-0.0127
2019-02-01,55.26,54.01,55.66,53.37,689.57,0.0273
2019-01-31,53.79,54.28,55.37,53.62,718.65,-0.0081
2019-01-30,54.23,53.24,54.93,53.09,731.31,0.0173
2019-01-29,53.31,52.12,53.93,51.84,660.53,0.0254
2019-01-28,51.99,53.56,53.64,51.33,650.67,-0.0317
2019-01-25,53.69,53.17,53.94,52.91,593.39,0.0105
2019-01-24,53.13,52.45,53.47,52.07,714.42,0.0097
2019-01-23,52.62,52.95,53.64,51.86,702.87,0.001
2019-01-22,52.57,53.73,54.24,51.8,46.03,-0.0308
2019-01-21,54.24,53.66,54.48,53.58,0,0.011
2019-01-20,53.65,53.97,54.05,53.59,0,-0.0028
2019-01-18,53.8,52.23,53.92,52.09,193.1,0.0332
2019-01-17,52.07,52.3,52.58,50.98,288.56,-0.0046
2019-01-16,52.31,52,52.52,51.26,694.18,0.0038
2019-01-15,52.11,50.78,52.3,50.64,664.18,0.0317
2019-01-14,50.51,51.73,52.11,50.38,791.53,-0.0209
2019-01-11,51.59,52.28,53.31,51.18,812.34,-0.019
2019-01-10,52.59,52.18,52.78,51.37,821.78,0.0044
2019-01-09,52.36,49.8,52.58,49.71,891.92,0.0518
2019-01-08,49.78,48.73,49.95,48.31,765.98,0.026
2019-01-07,48.52,48.3,49.79,48.11,819.94,0.0117
2019-01-04,47.96,46.9,49.22,46.65,817.28,0.0185
2019-01-03,47.09,46.26,47.49,45.35,788.72,0.0118
2019-01-02,46.54,45.8,47.78,44.35,850.48,0.0142
2019-01-01,45.89,45.77,45.95,45.73,0,0.0106
2018-12-31,45.41,45.22,46.53,44.73,476.97,0.0018
2018-12-28,45.33,45.44,46.22,44.42,564.39,0.0161
2018-12-27,44.61,46.58,46.7,44.37,665.59,-0.0348
2018-12-26,46.22,42.85,47,42.52,698.41,0.0709
2018-12-25,43.16,43,43.25,42.88,0,0.0148
2018-12-24,42.53,45.45,46.24,42.36,415.86,-0.0671
2018-12-21,45.59,46.25,46.77,45.13,694,-0.0063
2018-12-20,45.88,47.39,47.51,45.67,794.13,-0.028
2018-12-19,47.2,45.93,48,45.93,37.16,0.0208
2018-12-18,46.24,49.16,49.59,45.79,120.1,-0.073
2018-12-17,49.88,51.25,51.87,49.01,211.26,-0.0258
2018-12-14,51.2,52.83,52.95,50.84,526.84,-0.0262
2018-12-13,52.58,51.2,53.27,50.35,733.63,0.028
2018-12-12,51.15,51.95,52.88,50.94,730.81,-0.0097
2018-12-11,51.65,50.89,52.43,50.7,665.26,0.0127
2018-12-10,51,52.03,52.81,50.53,733.23,-0.0306
2018-12-07,52.61,51.76,54.22,50.6,987.72,0.0218
2018-12-06,51.49,52.93,53.3,50.08,987.27,-0.0265
2018-12-05,52.89,52.59,54.44,52.16,624.91,-0.0068
2018-12-04,53.25,53.13,54.55,52.43,738.13,0.0057
2018-12-03,52.95,52.45,53.85,52.03,758.01,0.0397
2018-11-30,50.93,51.27,51.79,49.65,796.71,-0.0101
2018-11-29,51.45,50.31,52.2,49.41,812.72,0.0231
2018-11-28,50.29,52.09,52.56,50.06,831.69,-0.0246
2018-11-27,51.56,51.54,52.38,50.3,764.01,-0.0014
2018-11-26,51.63,50.62,52.25,50.1,663.11,0.024
2018-11-23,50.42,54.66,54.82,50.15,1.01M,-0.0666
2018-11-22,54.02,54.64,54.82,53.53,0,-0.0112
2018-11-21,54.63,53.39,55.86,53.39,734.28,0.0225
2018-11-20,53.43,57.39,57.44,52.77,983.12,-0.0587
2018-11-19,56.76,56.72,57.33,55.08,33.58,0.0053
2018-11-16,56.46,56.58,57.96,55.89,159,0
2018-11-15,56.46,56.02,57.26,55.59,256.5,0.0037
2018-11-14,56.25,55.27,57.37,55.13,844.7,0.0101
2018-11-13,55.69,58.88,59.35,54.75,1.10M,-0.0707
2018-11-12,59.93,60.7,61.28,58.68,806.22,-0.0043
2018-11-09,60.19,60.75,60.79,59.26,821.73,-0.0079
2018-11-08,60.67,61.64,62.42,60.4,764.55,-0.0162
2018-11-07,61.67,61.74,63.18,61.2,866.63,-0.0087
2018-11-06,62.21,62.7,63.32,61.31,761.24,-0.0141
2018-11-05,63.1,62.99,64.14,62.52,609.13,-0.0006
2018-11-02,63.14,63.5,63.95,62.63,708.91,-0.0086
2018-11-01,63.69,64.88,65.39,63.11,790.29,-0.0248
2018-10-31,65.31,66.32,67,64.81,666.49,-0.0131
2018-10-30,66.18,66.68,67.26,65.33,680.44,-0.0128
2018-10-29,67.04,67.55,67.95,66.29,477.49,-0.0081
2018-10-26,67.59,66.95,67.88,66.2,595.21,0.0039
2018-10-25,67.33,66.36,67.65,65.99,573.1,0.0076
2018-10-24,66.82,66.17,67.72,66.05,775.96,0.0059
2018-10-23,66.43,69.55,69.66,65.74,853.27,-0.0396
2018-10-22,69.17,69.41,69.65,68.27,27.42,0.0007
2018-10-19,69.12,68.68,69.77,68.56,108.31,0.0068
2018-10-18,68.65,70.03,70.03,68.47,215.34,-0.0158
2018-10-17,69.75,72.17,72.43,69.43,651.58,-0.0302
2018-10-16,71.92,71.72,72.29,71.02,535,0.002
2018-10-15,71.78,71.85,72.7,70.85,568.61,0.0062
2018-10-12,71.34,70.99,72.01,70.64,626.67,0.0052
2018-10-11,70.97,72.68,72.76,70.51,783.96,-0.0301
2018-10-10,73.17,74.66,75.08,72.38,652.74,-0.0239
2018-10-09,74.96,74.21,75.28,74,623.54,0.009
2018-10-08,74.29,74.4,74.58,73.07,554.94,-0.0007
2018-10-05,74.34,74.67,75.22,73.83,613.22,0.0001
2018-10-04,74.33,76.18,76.47,73.88,687.95,-0.0272
2018-10-03,76.41,75.12,76.9,74.3,698.82,0.0157
2018-10-02,75.23,75.42,75.91,74.93,463.62,-0.0009
2018-10-01,75.3,73.29,75.77,72.95,601.45,0.028
2018-09-28,73.25,72.18,73.73,71.88,544.05,0.0157
2018-09-27,72.12,72.01,72.6,71.71,454.55,0.0077
2018-09-26,71.57,72.09,72.38,71.47,464.46,-0.0098
2018-09-25,72.28,72.25,72.78,71.89,551.28,0.0028
2018-09-24,72.08,71.14,72.74,71.14,576.89,0.0184
2018-09-21,70.78,70.2,71.8,69.98,855.94,-0.0003
2018-09-20,70.8,71.39,71.81,70.73,28.4,-0.0045
2018-09-19,71.12,69.71,71.5,69.65,125.21,0.0182
2018-09-18,69.85,68.8,70.42,68.53,234.2,0.0136
2018-09-17,68.91,68.93,69.72,68.53,422.29,-0.0012
2018-09-14,68.99,68.79,69.91,67.94,611.08,0.0058
2018-09-13,68.59,70.24,70.28,68.35,684.94,-0.0253
2018-09-12,70.37,69.89,71.26,69.5,800.54,0.0162
2018-09-11,69.25,67.53,70.01,67.48,676.87,0.0253
2018-09-10,67.54,67.82,68.52,67.33,571.17,-0.0031
2018-09-07,67.75,67.88,68.08,66.86,530.9,-0.0003
2018-09-06,67.77,68.64,69.02,67,633.82,-0.0138
2018-09-05,68.72,69.43,69.59,68.56,542.1,-0.0165
2018-09-04,69.87,69.89,71.4,69.08,785.98,-0.0036
2018-09-03,70.12,69.91,70.2,69.54,0,0.0029
2018-09-02,69.92,69.91,69.99,69.88,0,0.0017
2018-08-31,69.8,70.06,70.36,69.64,419.74,-0.0064
2018-08-30,70.25,69.71,70.5,69.55,445.58,0.0106
2018-08-29,69.51,68.54,69.76,68.37,497.1,0.0143
2018-08-28,68.53,68.93,69.2,68.21,426.83,-0.0049
2018-08-27,68.87,68.57,68.97,68.34,332.61,0.0022
2018-08-24,68.72,67.9,69.31,67.78,517.8,0.0131
2018-08-23,67.83,68.07,68.12,67.32,450.69,-0.0004
2018-08-22,67.86,66.08,68.15,65.98,581.9,0.0076
2018-08-21,67.35,66.62,68.1,66.52,27.15,0.0138
2018-08-20,66.43,65.91,66.68,65.59,112.71,0.0079
2018-08-17,65.91,65.47,66.39,65.3,171.4,0.0069
2018-08-16,65.46,64.95,65.52,64.43,383.38,0.0069
2018-08-15,65.01,66.62,66.9,64.51,573.47,-0.0303
2018-08-14,67.04,67.42,68.37,66.58,538.48,-0.0024
2018-08-13,67.2,67.78,67.95,65.71,578.22,-0.0064
2018-08-10,67.63,66.74,67.87,66.14,524.49,0.0123
2018-08-09,66.81,66.79,67.41,66.49,509.4,-0.0019
2018-08-08,66.94,69.09,69.37,66.32,760.31,-0.0322
2018-08-07,69.17,68.9,69.83,68.81,485.03,0.0023
2018-08-06,69.01,68.65,69.92,68.5,495.61,0.0076
2018-08-03,68.49,68.99,69.24,67.87,476.62,-0.0068
2018-08-02,68.96,67.86,69.36,66.92,531.07,0.0192
2018-08-01,67.66,68.43,68.52,67.31,576.56,-0.016
2018-07-31,68.76,70.05,70.22,67.98,519.07,-0.0195
2018-07-30,70.13,69.01,70.43,68.8,463.01,0.021
2018-07-27,68.69,69.58,69.77,68.26,460.45,-0.0132
2018-07-26,69.61,69.38,69.92,68.92,489.06,0.0045
2018-07-25,69.3,68.77,69.7,68.2,622.91,0.0114
2018-07-24,68.52,67.8,69.05,67.56,524.59,0.0093
2018-07-23,67.89,68.17,69.31,67.6,555.92,-0.0365
2018-07-20,70.46,69.39,71.1,69.37,25.56,0.0144
2018-07-19,69.46,69,70.17,67.8,103.22,0.0102
2018-07-18,68.76,67.61,69.06,67.04,187.31,0.01
2018-07-17,68.08,68.03,68.44,67.03,440.73,0.0003
2018-07-16,68.06,70.52,70.87,67.58,530.48,-0.0415
2018-07-13,71.01,70.38,71.66,69.84,530.28,0.0097
2018-07-12,70.33,70.6,71.24,69.23,707.89,-0.0007
2018-07-11,70.38,74.2,74.26,70.02,861.73,-0.0503
2018-07-10,74.11,74.04,74.7,73.65,586.83,0.0035
2018-07-09,73.85,73.87,74.28,72.99,533,0.0007
2018-07-06,73.8,73.16,74.01,72.14,611.42,0.0118
2018-07-05,72.94,74.23,74.9,72.53,841.63,-0.0161
2018-07-04,74.13,74.62,74.76,73.52,0,-0.0001
2018-07-03,74.14,74.08,75.27,72.73,667.24,0.0027
2018-07-02,73.94,73.62,74.35,72.51,652.17,-0.0028
2018-06-29,74.15,73.33,74.46,72.93,602.4,0.0095
2018-06-28,73.45,72.27,74.03,72.2,717.35,0.0095
2018-06-27,72.76,70.68,73.06,70.56,775.16,0.0316
2018-06-26,70.53,68.21,70.91,67.72,848.54,0.036
2018-06-25,68.08,68.75,69.44,67.78,816.21,-0.0073
2018-06-22,68.58,65.93,69.38,65.71,1.14M,0.0464
2018-06-21,65.54,65.34,66.22,64.34,760.72,-0.0103
2018-06-20,66.22,65.11,66.53,65.01,30.65,0.0177
2018-06-19,65.07,65.82,65.9,64.39,122.65,-0.0118
2018-06-18,65.85,64.4,65.98,63.59,218.93,0.0121
2018-06-15,65.06,67,67.09,64.29,512.59,-0.0274
2018-06-14,66.89,66.62,67.16,66.36,460.17,0.0038
2018-06-13,66.64,66.01,66.89,65.52,626.4,0.0042
2018-06-12,66.36,66.05,66.7,65.87,524.41,0.0039
2018-06-11,66.1,65.56,66.35,64.85,558.28,0.0055
2018-06-08,65.74,65.98,66.24,65.15,571.22,-0.0032
2018-06-07,65.95,65.07,66.07,64.81,675.04,0.0188
2018-06-06,64.73,65.51,65.96,64.27,708.83,-0.0121
2018-06-05,65.52,64.94,65.57,64.22,714.67,0.0119
2018-06-04,64.75,65.71,66.04,64.57,696.05,-0.0161
2018-06-01,65.81,67.07,67.34,65.51,781.1,-0.0183
2018-05-31,67.04,68.24,68.3,66.56,917.56,-0.0172
2018-05-30,68.21,66.85,68.67,66.35,726.89,0.0222
2018-05-29,66.73,67.55,67.55,65.8,1.06M,-0.0048
2018-05-28,67.05,67.39,67.41,65.81,0,-0.0046
2018-05-27,67.36,67.44,67.48,67.02,0,-0.0077
2018-05-25,67.88,70.65,70.8,67.42,955.35,-0.04
2018-05-24,70.71,71.83,72,70.52,640.73,-0.0157
2018-05-23,71.84,72.11,72.26,71.19,702.79,-0.004
2018-05-22,72.13,72.53,72.83,71.9,31.97,-0.0015
2018-05-21,72.24,71.47,72.59,71.25,119.89,0.0135
2018-05-18,71.28,71.6,71.75,70.99,211.79,-0.0029
2018-05-17,71.49,71.56,72.3,71.09,562.64,0
2018-05-16,71.49,71.02,71.59,70.66,574.28,0.0025
2018-05-15,71.31,71.15,71.92,70.42,815.29,0.0049
2018-05-14,70.96,70.54,71.26,70.26,592.83,0.0037
2018-05-11,70.7,71.45,71.63,70.45,634.15,-0.0092
2018-05-10,71.36,71.23,71.89,70.56,749.81,0.0031
2018-05-09,71.14,70.05,71.36,69.85,863.39,0.0301
2018-05-08,69.06,70.03,70.4,67.63,1.25M,-0.0236
2018-05-07,70.73,69.85,70.84,69.51,758.92,0.0145
2018-05-04,69.72,68.5,69.97,68.12,690.88,0.0189
2018-05-03,68.43,67.68,68.6,67.21,691.22,0.0074
2018-05-02,67.93,67.49,68.14,66.92,789.37,0.0101
2018-05-01,67.25,68.56,68.9,66.85,694.77,-0.0193
2018-04-30,68.57,68.15,69.34,67.17,755.19,0.0069
2018-04-27,68.1,68.21,68.36,67.64,542.55,-0.0013
2018-04-26,68.19,68.03,68.78,67.71,660.55,0.0021
2018-04-25,68.05,67.75,68.18,67.11,764.05,0.0052
2018-04-24,67.7,68.95,69.38,67.54,832.3,-0.0137
2018-04-23,68.64,68.22,69.03,67.14,740.94,0.0038
2018-04-20,68.38,68.26,68.62,67.5,32.95,0.0013
2018-04-19,68.29,68.75,69.56,67.98,125.99,-0.0026
2018-04-18,68.47,66.68,68.91,66.56,221.66,0.0293
2018-04-17,66.52,66.42,66.75,65.56,486.08,0.0045
2018-04-16,66.22,67.24,67.74,66.13,560.08,-0.0174
2018-04-13,67.39,67.18,67.76,66.7,624.2,0.0048
2018-04-12,67.07,66.75,67.33,66,687.47,0.0037
2018-04-11,66.82,65.59,67.45,65.15,963.02,0.02
2018-04-10,65.51,63.3,65.86,63.2,840.28,0.033
2018-04-09,63.42,62,63.61,61.93,655.83,0.0219
2018-04-06,62.06,63.7,63.79,61.81,753.26,-0.0233
2018-04-05,63.54,63.6,64.12,63.07,588.6,0.0027
2018-04-04,63.37,63.59,63.64,62.06,760.6,-0.0022
2018-04-03,63.51,62.89,63.86,62.86,527.29,0.0079
2018-04-02,63.01,64.91,65.42,62.8,582.74,-0.0297
2018-03-29,64.94,64.69,65.26,64.16,562.82,0.0087
2018-03-28,64.38,64.7,65.13,63.72,697.68,-0.0133
2018-03-27,65.25,65.53,66.41,64.53,670.81,-0.0046
2018-03-26,65.55,65.9,66.55,65.08,585.9,-0.005
2018-03-23,65.88,64.28,66,64.11,752.99,0.0246
2018-03-22,64.3,65.5,65.74,64.14,689.17,-0.0133
2018-03-21,65.17,63.72,65.55,63.58,763.77,0.0279
2018-03-20,63.4,62.1,63.81,62.08,36.06,0.0216
2018-03-19,62.06,62.23,62.35,61.36,115.96,-0.0045
2018-03-16,62.34,61.19,62.54,61.08,202.49,0.0188
2018-03-15,61.19,60.95,61.54,60.82,430.2,0.0038
2018-03-14,60.96,60.87,61.33,60.11,665.02,0.0041
2018-03-13,60.71,61.37,61.97,60.27,747.74,-0.0106
2018-03-12,61.36,62.1,62.33,60.67,537.99,-0.011
2018-03-09,62.04,60.27,62.18,60.14,659.72,0.0319
2018-03-08,60.12,61.33,61.4,59.95,720.51,-0.0168
2018-03-07,61.15,62.3,62.58,60.58,879.12,-0.0232
2018-03-06,62.6,62.58,63.28,62.17,634.95,0.0005
2018-03-05,62.57,61.55,62.79,61.1,599.27,0.0216
2018-03-02,61.25,61.34,61.6,60.13,613.51,0.0043
2018-03-01,60.99,61.55,61.83,60.18,812.51,-0.0105
2018-02-28,61.64,62.79,63.44,61.36,768.41,-0.0217
2018-02-27,63.01,64.06,64.08,62.64,562.67,-0.0141
2018-02-26,63.91,63.6,64.24,63.06,469.85,0.0057
2018-02-23,63.55,62.6,63.73,62.33,460.6,0.0124
2018-02-22,62.77,61.34,63.09,60.75,592.6,0.0177
2018-02-21,61.68,61.63,61.86,60.92,466.92,-0.0036
2018-02-20,61.9,61.63,62.74,61.58,50.21,-0.0077
2018-02-19,62.38,61.71,62.49,61.67,0,0.0107
2018-02-18,61.72,61.51,61.74,61.51,0,0.0006
2018-02-16,61.68,61.45,61.99,60.88,181.18,0.0055
2018-02-15,61.34,60.71,61.64,59.72,340.4,0.0122
2018-02-14,60.6,58.98,60.9,58.2,650.32,0.0238
2018-02-13,59.19,59.35,59.73,58.39,580.6,-0.0017
2018-02-12,59.29,59.12,60.83,59.1,736.92,0.0015
2018-02-09,59.2,60.43,60.77,58.07,933.31,-0.0319
2018-02-08,61.15,61.7,62.09,60.27,929.58,-0.0104
2018-02-07,61.79,63.92,64.18,61.25,1.03M,-0.0252
2018-02-06,63.39,63.43,64.29,63.12,797.81,-0.0118
2018-02-05,64.15,65.1,65.4,63.42,891.06,-0.0199
2018-02-02,65.45,65.99,66.3,64.47,857.57,-0.0053
2018-02-01,65.8,64.76,66.25,64.63,685.75,0.0165
2018-01-31,64.73,64.03,64.94,63.67,613.26,0.0036
2018-01-30,64.5,65.53,65.56,63.89,688.38,-0.0162
2018-01-29,65.56,66.18,66.46,64.98,656.17,-0.0088
2018-01-26,66.14,65.25,66.35,64.91,678.19,0.0096
2018-01-25,65.51,65.88,66.66,65.08,771.76,-0.0015
2018-01-24,65.61,64.42,66.05,64.34,887.02,0.0177
2018-01-23,64.47,63.88,64.88,63.7,662.46,0.0154
2018-01-22,63.49,63.61,64.14,63.17,40.06,0.0019
2018-01-19,63.37,63.74,63.77,62.85,142.71,-0.0091
2018-01-18,63.95,64.07,64.35,63.47,204.5,-0.0003
2018-01-17,63.97,63.89,64.17,63.31,444.38,0.0038
2018-01-16,63.73,64.43,64.89,63.39,867.77,-0.0154
2018-01-15,64.73,64.28,64.89,64.11,0,0.007
2018-01-14,64.28,64.42,64.44,64.19,0,-0.0003
2018-01-12,64.3,63.57,64.5,63.06,678.73,0.0078
2018-01-11,63.8,63.5,64.77,63.43,876.64,0.0036
2018-01-10,63.57,63.41,63.67,63.09,697.84,0.0097
2018-01-09,62.96,61.92,63.48,61.8,844.72,0.0199
2018-01-08,61.73,61.61,61.97,61.34,616.47,0.0047
2018-01-05,61.44,61.9,62.04,61.09,563.04,-0.0092
2018-01-04,62.01,61.96,62.21,61.59,654.36,0.0062
2018-01-03,61.63,60.39,61.97,60.28,673.86,0.0209
2018-01-02,60.37,60.2,60.74,60.1,510.31,0.0022
2018-01-01,60.24,60.26,60.28,60.15,0,-0.003
2017-12-29,60.42,59.91,60.51,59.82,464.48,0.0097
2017-12-28,59.84,59.53,59.94,59.44,345.96,0.0034
2017-12-27,59.64,59.79,59.93,59.33,402.4,-0.0055
2017-12-26,59.97,58.4,60.01,58.32,437.79,0.0236
2017-12-25,58.59,58.41,58.62,58.38,0,0.0021
2017-12-22,58.47,58.21,58.5,57.87,324.55,0.0019
2017-12-21,58.36,58.02,58.38,57.63,405.32,0.0046
2017-12-20,58.09,57.66,58.12,57.44,420.84,0.011
2017-12-19,57.46,57.3,57.64,57.16,36.29,0.0052
2017-12-18,57.16,57.37,57.78,56.82,137.15,-0.0024
2017-12-15,57.3,57.15,57.49,56.94,210.05,0.0046
2017-12-14,57.04,56.7,57.22,56.09,580.57,0.0078
2017-12-13,56.6,57.45,57.83,56.55,658.14,-0.0095
2017-12-12,57.14,58.02,58.56,56.85,826.49,-0.0147
2017-12-11,57.99,57.25,58.08,56.91,606.72,0.011
2017-12-08,57.36,56.65,57.79,56.54,681.6,0.0118
2017-12-07,56.69,56,56.78,55.82,557.33,0.013
2017-12-06,55.96,57.45,57.57,55.87,678.99,-0.0288
2017-12-05,57.62,57.48,57.92,57.08,499.25,0.0026
2017-12-04,57.47,58.32,58.34,57.35,529.97,-0.0153
2017-12-01,58.36,57.42,58.88,57.29,685.22,0.0167
2017-11-30,57.4,57.41,57.98,56.82,735.13,0.0017
2017-11-29,57.3,57.73,58.3,56.75,741.56,-0.0119
2017-11-28,57.99,57.86,58.11,57.42,546.53,-0.0021
2017-11-27,58.11,58.95,58.99,57.55,690.08,-0.0142
2017-11-24,58.95,58.05,59.05,57.75,577.83,0.0098
2017-11-23,58.38,57.97,58.58,57.76,0,0.0062
2017-11-22,58.02,57.12,58.15,57.03,837.41,0.0209
2017-11-21,56.83,56.38,57.22,56.32,619.07,0.0132
2017-11-20,56.09,56.69,56.76,55.57,37.7,-0.0081
2017-11-17,56.55,55.25,56.68,55.18,184.94,0.0256
2017-11-16,55.14,55.3,55.62,54.93,213.92,-0.0034
2017-11-15,55.33,55.06,55.56,54.88,501.39,-0.0066
2017-11-14,55.7,56.72,56.77,54.81,707.34,-0.0187
2017-11-13,56.76,56.9,57.15,56.3,631.62,0.0004
2017-11-10,56.74,57.02,57.35,56.55,541.3,-0.0075
2017-11-09,57.17,56.85,57.53,56.69,666.95,0.0063
2017-11-08,56.81,56.96,57.92,56.41,919.15,-0.0068
2017-11-07,57.2,57.27,57.69,56.83,750.19,-0.0026
2017-11-06,57.35,55.97,57.61,55.66,861.71,0.0307
2017-11-03,55.64,54.73,55.76,54.4,614.16,0.0202
2017-11-02,54.54,54.28,54.84,53.99,482.85,0.0044
2017-11-01,54.3,54.65,55.22,53.89,671.04,-0.0015
2017-10-31,54.38,54.08,54.85,53.93,497.3,0.0042
2017-10-30,54.15,54.16,54.46,53.75,565.04,0.0046
2017-10-27,53.9,52.8,54.2,52.25,730.92,0.0239
2017-10-26,52.64,52.19,52.86,51.91,594.65,0.0088
2017-10-25,52.18,52.56,52.57,51.89,681.74,-0.0055
2017-10-24,52.47,51.89,52.62,51.55,709.55,0.011
2017-10-23,51.9,52.07,52.3,51.68,583.56,0.0084
2017-10-20,51.47,51.42,51.73,50.7,32.96,0.0035
2017-10-19,51.29,52.05,52.17,51.07,127.41,-0.0144
2017-10-18,52.04,51.94,52.33,51.69,152.62,0.0031
2017-10-17,51.88,51.93,52.25,51.21,471.61,0.0002
2017-10-16,51.87,51.43,52.37,51.35,520.73,0.0082
2017-10-13,51.45,50.73,51.72,50.7,667.5,0.0168
2017-10-12,50.6,51,51.13,50.15,729.27,-0.0136
2017-10-11,51.3,50.94,51.42,50.61,651.95,0.0075
2017-10-10,50.92,49.55,51.06,49.54,664.84,0.027
2017-10-09,49.58,49.25,49.79,49.13,505.08,0.0059
2017-10-06,49.29,50.75,50.82,49.1,743.11,-0.0295
2017-10-05,50.79,49.88,51.22,49.85,654.39,0.0162
2017-10-04,49.98,50.16,50.67,49.76,598.84,-0.0087
2017-10-03,50.42,50.59,50.73,50.14,462.74,-0.0032
2017-10-02,50.58,51.64,51.71,50.07,600.93,-0.0211
2017-09-29,51.67,51.58,51.77,51.25,551.98,0.0021
2017-09-28,51.56,52.05,52.86,51.22,801.82,-0.0111
2017-09-27,52.14,52.09,52.34,51.63,637.04,0.005
2017-09-26,51.88,52.12,52.43,51.43,709.52,-0.0065
2017-09-25,52.22,50.68,52.28,50.39,701.24,0.0308
2017-09-22,50.66,50.73,50.78,50.29,473.8,0.0022
2017-09-21,50.55,50.72,50.81,50.07,580.57,0.0028
2017-09-20,50.41,49.84,50.65,49.75,35.49,0.0188
2017-09-19,49.48,49.91,50.42,49.33,143.38,-0.0086
2017-09-18,49.91,49.85,50.33,49.19,189.61,0.0004
2017-09-15,49.89,49.72,50.13,49.41,433.6,0
2017-09-14,49.89,49.31,50.5,49.15,709.04,0.012
2017-09-13,49.3,48.34,49.4,48.12,706.93,0.0222
2017-09-12,48.23,48.12,48.44,47.73,676.04,0.0033
2017-09-11,48.07,47.58,48.27,47,774.47,0.0124
2017-09-08,47.48,49.09,49.26,47.27,843.76,-0.0328
2017-09-07,49.09,49.14,49.33,48.63,702.51,-0.0014
2017-09-06,49.16,48.59,49.42,48.52,788.96,0.0103
2017-09-05,48.66,47.28,48.98,47.15,1.03M,0.0264
2017-09-04,47.41,47.31,47.66,47.16,0,0.0019
2017-09-03,47.32,47.31,47.42,47.3,0,0.0006
2017-09-01,47.29,47.08,47.35,46.56,742.81,0.0013
2017-08-31,47.23,45.95,47.47,45.58,915.71,0.0276
2017-08-30,45.96,46.31,46.72,45.84,882.98,-0.0103
2017-08-29,46.44,46.86,46.96,45.76,895.64,-0.0028
2017-08-28,46.57,47.89,48.2,46.15,921.29,-0.0272
2017-08-25,47.87,47.62,47.91,47.39,646.52,0.0093
2017-08-24,47.43,48.36,48.43,47.06,831.36,-0.0202
2017-08-23,48.41,47.64,48.5,47.53,701.69,0.0162
2017-08-22,47.64,47.45,48.03,47.2,38.4,0.0057
2017-08-21,47.37,48.72,48.75,47.03,129.19,-0.0235
2017-08-18,48.51,46.93,48.74,46.78,253.07,0.0302
2017-08-17,47.09,46.8,47.19,46.46,608.31,0.0066
2017-08-16,46.78,47.72,47.99,46.67,815.54,-0.0162
2017-08-15,47.55,47.49,47.9,47.02,770.36,-0.0008
2017-08-14,47.59,48.79,49.16,47.43,763.24,-0.0252
2017-08-11,48.82,48.52,48.98,47.98,804.24,0.0047
2017-08-10,48.59,49.68,50.22,48.35,1.14M,-0.0196
2017-08-09,49.56,49,49.72,48.9,858.25,0.0079
2017-08-08,49.17,49.31,49.79,48.86,924.24,-0.0045
2017-08-07,49.39,49.59,49.73,48.54,831.37,-0.0038
2017-08-04,49.58,48.95,49.64,48.5,745.66,0.0112
2017-08-03,49.03,49.59,49.96,48.78,837.76,-0.0113
2017-08-02,49.59,48.8,49.65,48.55,847.72,0.0087
2017-08-01,49.16,50.21,50.43,48.37,1.01M,-0.0201
2017-07-31,50.17,49.85,50.41,49.18,781.54,0.0093
2017-07-28,49.71,49.17,49.81,48.86,771.23,0.0137
2017-07-27,49.04,48.7,49.24,48.25,880.76,0.0059
2017-07-26,48.75,48.51,48.87,47.86,887.86,0.018
2017-07-25,47.89,46.46,48.66,46.38,885.7,0.0334
2017-07-24,46.34,45.62,46.53,45.4,707.91,0.0125
2017-07-21,45.77,46.91,47.21,45.54,769.44,-0.0218
2017-07-20,46.79,47.09,47.55,46.66,23.24,-0.007
2017-07-19,47.12,46.25,47.26,46.14,140.68,0.0155
2017-07-18,46.4,45.99,46.92,45.81,208.42,0.0083
2017-07-17,46.02,46.68,46.88,45.89,560.63,-0.0112
2017-07-14,46.54,46.08,46.74,45.8,742.9,0.01
2017-07-13,46.08,45.44,46.28,44.99,748.97,0.013
2017-07-12,45.49,45.74,46.48,45.11,963.51,0.01
2017-07-11,45.04,44.58,45.81,43.83,1.01M,0.0144
2017-07-10,44.4,44.35,44.84,43.65,848.57,0.0038
2017-07-07,44.23,45.35,45.42,43.78,975.91,-0.0283
2017-07-06,45.52,45.65,46.53,45.18,969.68,0.0086
2017-07-05,45.13,47.04,47.32,44.51,1.17M,-0.0424
2017-07-04,47.13,47.06,47.31,46.74,0,0.0013
2017-07-03,47.07,46.28,47.1,45.92,517.62,0.0224
2017-06-30,46.04,44.89,46.35,44.88,677.41,0.0247
2017-06-29,44.93,44.89,45.45,44.65,768.95,0.0042
2017-06-28,44.74,43.7,44.9,43.67,753.38,0.0113
2017-06-27,44.24,43.49,44.44,43.32,759.12,0.0198
2017-06-26,43.38,43.16,43.65,42.63,661.35,0.0086
2017-06-23,43.01,42.8,43.2,42.53,690.91,0.0063
2017-06-22,42.74,42.55,43.32,42.26,668.83,0.0049
2017-06-21,42.53,43.38,44.2,42.05,1.07M,-0.0162
2017-06-20,43.23,44.11,44.4,42.75,29.57,-0.0219
2017-06-19,44.2,44.68,45.06,44.05,123.94,-0.0121
2017-06-16,44.74,44.25,44.94,44.24,191.82,0.0063
2017-06-15,44.46,44.69,44.81,44.22,500.94,-0.006
2017-06-14,44.73,45.94,46.49,44.54,924.41,-0.0372
2017-06-13,46.46,46.01,46.57,45.56,783.32,0.0082
2017-06-12,46.08,45.8,46.71,45.66,666.77,0.0055
2017-06-09,45.83,45.71,46.18,45.27,735.93,0.0042
2017-06-08,45.64,45.85,46.18,45.2,927.7,-0.0017
2017-06-07,45.72,47.98,48.23,45.65,1.18M,-0.0513
2017-06-06,48.19,47.4,48.4,46.94,825.06,0.0167
2017-06-05,47.4,47.71,48.42,46.86,710.2,-0.0055
2017-06-02,47.66,48.04,48.19,46.74,802.66,-0.0145
2017-06-01,48.36,48.63,49.17,47.9,774.48,0.0008
2017-05-31,48.32,49.65,49.71,47.73,779.14,-0.027
2017-05-30,49.66,49.93,50.28,49.03,663.49,-0.0062
2017-05-29,49.97,49.95,50.29,49.52,0,0.0006
2017-05-28,49.94,49.93,50.04,49.85,0,0.0028
2017-05-26,49.8,48.75,49.94,48.18,763.92,0.0184
2017-05-25,48.9,51.25,52,48.45,1.15M,-0.0479
2017-05-24,51.36,51.44,51.88,51.03,736.34,-0.0021
2017-05-23,51.47,51.04,51.79,50.57,584.14,0.0146
2017-05-22,50.73,50.6,51.06,50.44,30.01,0.0079
2017-05-19,50.33,49.28,50.53,49.28,146.45,0.0199
2017-05-18,49.35,48.93,49.6,48.05,242.75,0.0057
2017-05-17,49.07,48.23,49.5,48.03,650.11,0.0084
2017-05-16,48.66,48.82,49.38,48.17,589.21,-0.0039
2017-05-15,48.85,47.85,49.66,47.75,687.15,0.0211
2017-05-12,47.84,47.81,48.07,47.35,537.49,0.0002
2017-05-11,47.83,47.39,48.22,47.34,661.78,0.0106
2017-05-10,47.33,46.18,47.78,46.01,819.8,0.0316
2017-05-09,45.88,46.49,46.78,45.53,701.94,-0.0118
2017-05-08,46.43,46.35,46.98,45.73,785.06,0.0045
2017-05-05,46.22,45.51,46.68,43.76,1.02M,0.0154
2017-05-04,45.52,47.6,47.75,45.29,943.96,-0.0481
2017-05-03,47.82,48.12,48.23,47.3,691.32,0.0034
2017-05-02,47.66,48.78,49.28,47.35,702.38,-0.0242
2017-05-01,48.84,49.17,49.32,48.59,364.39,-0.0099
2017-04-28,49.33,49.27,49.76,48.8,633.99,0.0074
2017-04-27,48.97,49.22,49.43,48.2,771.19,-0.0131
2017-04-26,49.62,49.36,50.2,48.94,655.72,0.0012
2017-04-25,49.56,49.22,49.83,48.87,587.24,0.0067
2017-04-24,49.23,49.68,50.22,49.03,517.9,-0.0079
2017-04-21,49.62,50.71,50.93,49.2,687.47,-0.0129
2017-04-20,50.27,50.63,50.97,50.18,33.75,-0.0034
2017-04-19,50.44,52.36,52.65,50.09,133.17,-0.0376
2017-04-18,52.41,52.75,52.85,52.1,202.04,-0.0046
2017-04-17,52.65,52.97,53.21,52.55,326.34,-0.01
2017-04-13,53.18,52.85,53.39,52.82,480.84,0.0013
2017-04-12,53.11,53.4,53.76,52.71,629.81,-0.0054
2017-04-11,53.4,53.13,53.45,52.7,598,0.006
2017-04-10,53.08,52.31,53.18,52.29,565.44,0.0161
2017-04-07,52.24,51.7,52.94,51.49,796.44,0.0104
2017-04-06,51.7,50.8,51.82,50.77,473.02,0.0108
2017-04-05,51.15,51.18,51.88,50.74,651.4,0.0024
2017-04-04,51.03,50.24,51.3,49.88,532.05,0.0157
2017-04-03,50.24,50.69,50.83,50.12,440.72,-0.0071
2017-03-31,50.6,50.32,50.85,49.9,527.61,0.005
2017-03-30,50.35,49.6,50.47,49.27,580.67,0.017
2017-03-29,49.51,48.47,49.63,48.38,548.62,0.0236
2017-03-28,48.37,47.89,48.74,47.8,502.38,0.0134
2017-03-27,47.73,48.12,48.28,47.08,466.18,-0.005
2017-03-24,47.97,47.67,48.2,47.54,421.03,0.0057
2017-03-23,47.7,48.15,48.48,47.58,499.88,-0.0071
2017-03-22,48.04,48.16,48.32,47.01,680.85,0.0148
2017-03-21,47.34,47.93,48.73,47.23,28.08,-0.0182
2017-03-20,48.22,48.7,48.74,47.84,142.26,-0.0115
2017-03-17,48.78,48.79,49.2,48.6,172.34,0.0006
2017-03-16,48.75,49.01,49.62,48.45,516.85,-0.0023
2017-03-15,48.86,48.76,49.04,48.16,655.79,0.0239
2017-03-14,47.72,48.45,48.79,47.09,857.71,-0.014
2017-03-13,48.4,48.45,48.68,47.9,601.36,-0.0019
2017-03-10,48.49,49.61,50.11,48.31,796.96,-0.016
2017-03-09,49.28,50.22,50.84,48.59,1.07M,-0.0199
2017-03-08,50.28,52.79,52.92,50.05,963.39,-0.0538
2017-03-07,53.14,53.17,53.8,52.71,494.68,-0.0011
2017-03-06,53.2,53.19,53.56,52.76,503.69,-0.0024
2017-03-03,53.33,52.58,53.39,52.55,436.36,0.0137
2017-03-02,52.61,53.69,53.8,52.54,638.39,-0.0227
2017-03-01,53.83,53.95,54.44,53.63,491.29,-0.0033
2017-02-28,54.01,54.04,54.23,53.18,593.91,-0.0007
2017-02-27,54.05,54.02,54.61,53.94,394.38,0.0011
2017-02-24,53.99,54.33,54.51,53.76,395.26,-0.0084
2017-02-23,54.45,53.91,54.94,53.87,529.88,0.016
2017-02-22,53.59,54.26,54.6,53.35,499.48,-0.0087
2017-02-21,54.06,53.48,54.68,53.35,44.05,0.0017
2017-02-20,53.97,53.78,54.24,53.73,0,0.0033
2017-02-19,53.79,53.86,53.96,53.78,0,0.0073
2017-02-17,53.4,53.47,53.52,52.88,195.35,0.0007
2017-02-16,53.36,53.01,53.59,52.68,343.36,0.0047
2017-02-15,53.11,53,53.51,52.73,463.64,-0.0017
2017-02-14,53.2,52.91,53.72,52.86,493.02,0.0051
2017-02-13,52.93,53.8,53.95,52.77,586.03,-0.0173
2017-02-10,53.86,53.15,54.13,52.9,596.45,0.0162
2017-02-09,53,52.37,53.21,52.37,610.2,0.0126
2017-02-08,52.34,51.64,52.67,51.22,767.38,0.0033
2017-02-07,52.17,53.14,53.24,51.63,624.06,-0.0158
2017-02-06,53.01,53.81,54.13,52.91,425.09,-0.0152
2017-02-03,53.83,53.68,54.22,53.4,462.62,0.0054
2017-02-02,53.54,53.57,54.34,53.35,492.55,-0.0063
2017-02-01,53.88,52.76,53.91,52.64,577.24,0.0203
2017-01-31,52.81,52.6,53.56,52.24,586.68,0.0034
2017-01-30,52.63,53.15,53.46,52.41,486.31,-0.0102
2017-01-27,53.17,53.74,54.08,52.58,495.56,-0.0113
2017-01-26,53.78,52.96,54.06,52.79,578.07,0.0195
2017-01-25,52.75,52.95,53.47,52.56,589.71,-0.0081
2017-01-24,53.18,52.86,53.56,52.67,520.29,0.0082
2017-01-23,52.75,53.33,53.47,52.21,455.33,0.0063
2017-01-20,52.42,51.45,52.9,51.39,0,0.0204
2017-01-19,51.37,51.39,51.87,51.02,122.59,0.0057
2017-01-18,51.08,52.52,52.79,50.91,236.24,-0.0267
2017-01-17,52.48,52.55,53.52,52.12,606.02,-0.0008
2017-01-16,52.52,52.46,52.72,52.13,0,0.0013
2017-01-15,52.45,52.53,52.56,52.39,0,0.0015
2017-01-13,52.37,53.05,53.17,52.27,477.99,-0.0121
2017-01-12,53.01,52.37,53.5,52.12,660.7,0.0145
2017-01-11,52.25,50.81,52.78,50.75,815.85,0.0281
2017-01-10,50.82,51.83,52.37,50.71,632.57,-0.0219
2017-01-09,51.96,53.75,53.83,51.76,564.89,-0.0376
2017-01-06,53.99,53.73,54.32,53.32,528.33,0.0043
2017-01-05,53.76,53.39,54.12,52.79,517.36,0.0094
2017-01-04,53.26,52.49,53.43,52.15,512.64,0.0178
2017-01-03,52.33,54.2,55.24,52.11,727.79,-0.0315
2017-01-02,54.03,54.09,54.18,54.01,0,0.0058
2016-12-30,53.72,53.87,54.09,53.41,271.09,-0.0009
2016-12-29,53.77,53.66,54.21,53.46,360.19,-0.0054
2016-12-28,54.06,53.93,54.37,53.56,322.54,0.003
2016-12-27,53.9,53.29,54.1,53.03,277.31,0.0133
2016-12-26,53.19,53.33,53.34,53.14,0,0.0032
2016-12-23,53.02,52.68,53.28,52.26,285.17,0.0013
2016-12-22,52.95,52.52,53.19,52.08,393.49,0.0088
2016-12-21,52.49,53.56,53.79,52.32,471.99,0.005
2016-12-20,52.23,52.11,52.7,51.85,26.17,0.0021
2016-12-19,52.12,52.15,52.52,51.51,129.99,0.0042
2016-12-16,51.9,51.1,52.08,50.5,252.57,0.0196
2016-12-15,50.9,50.79,51.48,49.95,551.76,-0.0027
2016-12-14,51.04,52.45,52.78,50.67,677.96,-0.0366
2016-12-13,52.98,52.51,53.41,52.35,638.4,0.0028
2016-12-12,52.83,52.58,54.51,52.18,847.03,0.0258
2016-12-09,51.5,50.92,51.66,50.86,652.04,0.013
2016-12-08,50.84,49.88,50.98,49.61,780.06,0.0215
2016-12-07,49.77,50.93,51.2,49.72,816.88,-0.0228
2016-12-06,50.93,50.97,51.6,50.28,642.75,-0.0166
2016-12-05,51.79,51.46,52.42,50.93,600.78,0.0021
2016-12-02,51.68,51.01,51.73,50.18,667.1,0.0121
2016-12-01,51.06,49.07,51.8,48.98,974.81,0.0328
2016-11-30,49.44,45.24,49.9,45.22,1.31M,0.0931
2016-11-29,45.23,46.88,46.98,44.82,732.82,-0.0393
2016-11-28,47.08,45.43,47.65,45.14,734.38,0.0221
2016-11-25,46.06,47.97,48.26,45.88,465.98,-0.04
2016-11-24,47.98,48.03,48.26,47.8,0,0.0004
2016-11-23,47.96,47.94,48.43,47.4,556.86,-0.0015
2016-11-22,48.03,48.37,49.2,47.17,826.21,0.0114
2016-11-21,47.49,45.83,47.8,45.77,34.92,0.0394
2016-11-18,45.69,44.93,45.77,44.55,155.65,0.0059
2016-11-17,45.42,45.37,46.58,44.88,284.87,-0.0033
2016-11-16,45.57,45.77,46.41,45.03,658.17,-0.0052
2016-11-15,45.81,43.76,46.09,43.55,706.18,0.0575
2016-11-14,43.32,43.2,43.81,42.2,704.77,-0.0021
2016-11-11,43.41,44.35,44.63,43.03,631.14,-0.028
2016-11-10,44.66,45.31,45.64,44.25,686.34,-0.0135
2016-11-09,45.27,44.82,45.95,43.07,946.51,0.0064
2016-11-08,44.98,44.97,45.39,44.41,669.64,0.002
2016-11-07,44.89,44.45,45.01,44.11,605.73,0.0186
2016-11-04,44.07,44.63,44.87,43.57,736.69,-0.0132
2016-11-03,44.66,45.48,45.9,44.37,540.44,-0.015
2016-11-02,45.34,46.32,46.47,44.96,674.32,-0.0285
2016-11-01,46.67,46.77,47.35,46.2,834.99,-0.0041
2016-10-31,46.86,48.25,48.74,46.63,649.24,-0.0378
2016-10-28,48.7,49.61,49.81,48.42,550.08,-0.0205
2016-10-27,49.72,49.22,50.06,49,543.17,0.011
2016-10-26,49.18,49.31,50.1,48.87,679.32,-0.0156
2016-10-25,49.96,50.49,50.93,49.27,553.78,-0.0111
2016-10-24,50.52,50.85,50.98,49.62,623.4,-0.0065
2016-10-21,50.85,50.66,51.02,50.21,551.3,0.0083
2016-10-20,50.43,51.4,51.58,50.25,24.86,-0.0227
2016-10-19,51.6,50.77,51.93,50.69,132.43,0.026
2016-10-18,50.29,50.04,50.78,49.76,192.8,0.007
2016-10-17,49.94,50.23,50.58,49.47,418.72,-0.0081
2016-10-14,50.35,50.58,51.14,49.9,519.43,-0.0018
2016-10-13,50.44,50,50.59,49.36,740.68,0.0052
2016-10-12,50.18,50.84,51.17,49.89,533.88,-0.012
2016-10-11,50.79,51.1,51.54,50.39,765.61,-0.0109
2016-10-10,51.35,49.57,51.6,49.15,686.07,0.0309
2016-10-07,49.81,50.59,50.74,49.4,618.81,-0.0125
2016-10-06,50.44,49.65,50.63,49.33,547.92,0.0122
2016-10-05,49.83,49.26,49.97,49.1,520.07,0.0234
2016-10-04,48.69,48.65,49.26,48.26,513.71,-0.0025
2016-10-03,48.81,48.04,49.02,47.78,458.02,0.0118
2016-09-30,48.24,47.76,48.3,47.04,496.52,0.0086
2016-09-29,47.83,47.2,48.32,46.6,702.65,0.0166
2016-09-28,47.05,44.96,47.45,44.35,1.01M,0.0533
2016-09-27,44.67,45.62,45.96,44.19,630.76,-0.0274
2016-09-26,45.93,44.62,46.2,44.43,527.12,0.0326
2016-09-23,44.48,46.07,46.55,44.22,718.4,-0.0397
2016-09-22,46.32,45.62,46.52,45.52,521.68,0.0216
2016-09-21,45.34,44.5,45.65,44.5,585.99,0.0437
2016-09-20,43.44,43.13,44.05,42.55,37.38,0.0032
2016-09-19,43.3,43.18,44.15,43.12,129.86,0.0063
2016-09-16,43.03,43.71,43.75,42.74,231.19,-0.02
2016-09-15,43.91,43.7,44.34,43.26,537.19,0.0076
2016-09-14,43.58,45,45.33,43.42,705.86,-0.0294
2016-09-13,44.9,46.06,46.13,44.77,657.78,-0.03
2016-09-12,46.29,45.57,46.51,44.72,745.02,0.0089
2016-09-09,45.88,47.36,47.36,45.56,688.19,-0.0365
2016-09-08,47.62,46.12,47.75,45.77,761.94,0.0466
2016-09-07,45.5,44.85,46.17,44.55,572.88,0.0149
2016-09-06,44.83,44.15,46.53,43.84,932.15,-0.0053
2016-09-05,45.07,44.12,46.53,44.07,0,0.0218
2016-09-04,44.11,44.15,44.38,44.1,0,-0.0074
2016-09-02,44.44,43.55,44.67,43.16,576.92,0.0297
2016-09-01,43.16,44.85,45.08,43,605,-0.0345
2016-08-31,44.7,46.24,46.41,44.51,549.01,-0.0356
2016-08-30,46.35,46.98,47.49,46.21,464.45,-0.0134
2016-08-29,46.98,47.22,47.28,46.62,309.25,-0.0139
2016-08-26,47.64,47.37,48.46,46.94,558.34,0.0065
2016-08-25,47.33,46.8,47.46,46.42,458.82,0.012
2016-08-24,46.77,47.59,47.74,46.45,603.5,-0.0277
2016-08-23,48.1,47.39,48.32,46.59,623.9,0.0223
2016-08-22,47.05,48.4,48.4,46.75,36.53,-0.0303
2016-08-19,48.52,48.33,48.75,47.93,162.44,0.0062
2016-08-18,48.22,46.9,48.38,46.63,229.28,0.0306
2016-08-17,46.79,46.37,46.95,45.84,563.35,0.0045
2016-08-16,46.58,45.59,46.73,45.34,550.44,0.0184
2016-08-15,45.74,44.74,45.93,44.38,522.53,0.0281
2016-08-12,44.49,43.46,44.78,43.31,536.08,0.023
2016-08-11,43.49,41.48,43.86,41.1,682.24,0.0427
2016-08-10,41.71,42.74,43.39,41.42,676.15,-0.0248
2016-08-09,42.77,42.83,43.52,42.47,624.7,-0.0058
2016-08-08,43.02,41.99,43.39,41.81,562.53,0.0292
2016-08-05,41.8,41.84,42.1,41.06,550.19,-0.0031
2016-08-04,41.93,41.16,42.08,40.43,598.84,0.0269
2016-08-03,40.83,39.7,41.2,39.19,655.19,0.0334
2016-08-02,39.51,40.08,40.91,39.26,534.51,-0.0137
2016-08-01,40.06,41.35,41.88,39.82,533.02,-0.037
2016-07-29,41.6,41.12,41.67,40.57,478.76,0.0112
2016-07-28,41.14,41.93,42.22,41.04,447.91,-0.0186
2016-07-27,41.92,42.66,43.2,41.68,537.39,-0.0233
2016-07-26,42.92,43.07,43.39,42.36,461.32,-0.0049
2016-07-25,43.13,44.2,44.37,42.97,389.84,-0.024
2016-07-22,44.19,44.6,44.97,43.74,428.41,-0.0125
2016-07-21,44.75,45.65,46.09,44.52,432.97,-0.0042
2016-07-20,44.94,44.59,45.25,43.69,29.39,0.0065
2016-07-19,44.65,45.23,45.67,44.53,128.13,-0.013
2016-07-18,45.24,46.12,46.14,44.86,211.39,-0.0155
2016-07-15,45.95,45.52,46.33,45.05,430.26,0.0059
2016-07-14,45.68,45.14,45.8,44.95,573.76,0.0208
2016-07-13,44.75,46.58,46.71,44.56,686.25,-0.0438
2016-07-12,46.8,44.58,46.93,44.51,658.26,0.0456
2016-07-11,44.76,45.07,45.77,44.42,533.66,-0.0143
2016-07-08,45.41,45.19,45.97,44.77,583.08,0.006
2016-07-07,45.14,47.88,48.25,44.87,710.89,-0.0483
2016-07-06,47.43,46.83,47.95,45.92,607.66,0.0178
2016-07-05,46.6,49.11,49.35,46.33,609.19,-0.0421
2016-07-04,48.65,49.01,49.35,48.54,0,-0.0073
2016-07-03,49.01,49.14,49.22,48.94,0,0.0004
2016-07-01,48.99,48.38,49.3,47.9,405.19,0.0137
2016-06-30,48.33,49.55,49.62,48.17,508.74,-0.0311
2016-06-29,49.88,48.06,50,47.98,511.48,0.0424
2016-06-28,47.85,46.59,48.18,46.54,498.85,0.0328
2016-06-27,46.33,47.81,47.96,45.83,504.61,-0.0275
2016-06-24,47.64,50.3,50.45,46.7,649.45,-0.0493
2016-06-23,50.11,49.08,50.23,49.08,401.89,0.0199
2016-06-22,49.13,50.22,50.54,48.4,569.94,0.0057
2016-06-21,48.85,49.14,49.32,48.16,30.11,-0.0105
2016-06-20,49.37,48.29,49.42,48.14,98.29,0.029
2016-06-17,47.98,45.99,48.29,45.83,226.65,0.0383
2016-06-16,46.21,47.45,47.75,45.91,507.91,-0.0375
2016-06-15,48.01,47.9,48.72,47.28,527.87,-0.0099
2016-06-14,48.49,48.52,48.69,47.84,456.14,-0.008
2016-06-13,48.88,48.85,49.28,48.16,506.04,-0.0039
2016-06-10,49.07,50.47,50.73,48.8,596.12,-0.0295
2016-06-09,50.56,51.45,51.67,50.23,560.72,-0.0131
2016-06-08,51.23,50.41,51.62,50.32,656.42,0.0173
2016-06-07,50.36,49.71,50.53,49.44,542.25,0.0135
2016-06-06,49.69,48.88,49.9,48.71,450.47,0.022
2016-06-03,48.62,49.04,49.41,48.33,481.03,-0.0112
2016-06-02,49.17,48.9,49.47,47.97,564.85,0.0033
2016-06-01,49.01,48.82,49.25,47.75,568.84,-0.0018
2016-05-31,49.1,49.54,50.1,48.81,476.99,-0.0083
2016-05-30,49.51,49.56,49.75,49.08,0,-0.0014
2016-05-29,49.58,49.54,49.71,49.54,0,0.0051
2016-05-27,49.33,49.31,49.6,48.69,406.39,-0.003
2016-05-26,49.48,49.7,50.21,49.22,488.47,-0.0016
2016-05-25,49.56,49.09,49.75,48.65,550.5,0.0193
2016-05-24,48.62,48.08,49.27,47.64,475.97,0.0112
2016-05-23,48.08,48.46,48.5,47.4,475.45,0.0069
2016-05-20,47.75,48.2,48.79,47.44,28.52,-0.0085
2016-05-19,48.16,47.87,48.28,46.73,108.82,-0.0006
2016-05-18,48.19,48.53,48.95,47.75,343.18,-0.0025
2016-05-17,48.31,47.9,48.76,47.53,470.44,0.0124
2016-05-16,47.72,46.28,47.98,46.15,550.86,0.0327
2016-05-13,46.21,46.41,46.49,45.75,519.36,-0.0105
2016-05-12,46.7,46,47.02,45.61,715.1,0.0102
2016-05-11,46.23,44.6,46.36,43.96,869.96,0.0352
2016-05-10,44.66,43.25,44.79,43.03,709.42,0.0281
2016-05-09,43.44,45,45.94,43.24,767.57,-0.0273
2016-05-06,44.66,44.52,45.34,43.54,695.31,0.0077
2016-05-05,44.32,44.04,46.07,43.96,746.16,0.0123
2016-05-04,43.78,43.85,44.88,43.22,711.13,0.003
2016-05-03,43.65,44.92,45.35,43.32,625.55,-0.0252
2016-05-02,44.78,45.9,46.15,44.54,464.03,-0.0248
2016-04-29,45.92,45.9,46.78,45.24,598.44,-0.0024
2016-04-28,46.03,45.3,46.14,44.94,487.41,0.0154
2016-04-27,45.33,44.64,45.62,43.77,648.03,0.0293
2016-04-26,44.04,42.96,44.83,42.5,564.39,0.0328
2016-04-25,42.64,43.75,44.04,42.58,606.38,-0.0249
2016-04-22,43.73,43.42,44.45,43.11,575.11,0.0127
2016-04-21,43.18,43.97,44.49,43.05,671.1,0.0129
2016-04-20,42.63,40.8,42.91,39.85,30.09,0.0377
2016-04-19,41.08,40.04,41.53,39.58,101.73,0.0327
2016-04-18,39.78,38.75,40.24,37.61,342.46,-0.0144
2016-04-15,40.36,41.43,41.73,39.98,520.15,-0.0275
2016-04-14,41.5,41.54,42.16,40.84,488.61,-0.0062
2016-04-13,41.76,41.63,42.42,41.24,730.44,-0.0097
2016-04-12,42.17,40.35,42.25,40.09,796.84,0.0448
2016-04-11,40.36,39.72,40.75,39.25,679.35,0.0161
2016-04-08,39.72,37.52,39.84,37.45,817.23,0.066
2016-04-07,37.26,37.76,38.3,36.69,626.75,-0.013
2016-04-06,37.75,36.52,37.9,36.43,751.05,0.0518
2016-04-05,35.89,35.5,36.58,35.24,485.54,0.0053
2016-04-04,35.7,36.61,37.21,35.46,549.48,-0.0296
2016-04-01,36.79,38.14,38.56,36.63,547.19,-0.0404
2016-03-31,38.34,38.3,39.04,37.57,532.15,0.0005
2016-03-30,38.32,38.52,39.85,38.14,542.47,0.001
2016-03-29,38.28,39.32,39.48,37.91,488.03,-0.0282
2016-03-28,39.39,39.55,40.14,38.86,299.78,-0.0018
2016-03-24,39.46,39.73,39.77,38.33,495.17,-0.0083
2016-03-23,39.79,41.19,41.34,39.67,492,-0.04
2016-03-22,41.45,41.59,41.9,40.77,463.69,0.0386
2016-03-21,39.91,39.06,40.3,38.61,31.92,0.0119
2016-03-18,39.44,40.25,41.2,39.15,130.15,-0.0189
2016-03-17,40.2,38.59,40.36,38.47,298.01,0.0452
2016-03-16,38.46,36.74,38.63,36.61,494.17,0.0583
2016-03-15,36.34,37.37,37.4,35.96,446.1,-0.0226
2016-03-14,37.18,38.17,38.77,36.68,489.94,-0.0343
2016-03-11,38.5,37.99,39.02,37.92,564.79,0.0174
2016-03-10,37.84,38.17,38.48,37.21,701.44,-0.0118
2016-03-09,38.29,36.36,38.51,36.24,740.63,0.049
2016-03-08,36.5,37.94,38.39,36.12,706.93,-0.0369
2016-03-07,37.9,36.2,38.11,36.09,709.87,0.0551
2016-03-04,35.92,34.66,36.34,34.4,578.29,0.0391
2016-03-03,34.57,34.73,35.32,34.19,512.96,-0.0026
2016-03-02,34.66,33.89,35.17,33.55,597.83,0.0076
2016-03-01,34.4,33.9,34.76,33.37,566.23,0.0193
2016-02-29,33.75,32.72,33.98,32.32,512.47,0.0296
2016-02-26,32.78,33.04,34.69,32.64,646.29,-0.0088
2016-02-25,33.07,32.19,33.49,31.07,611.87,0.0286
2016-02-24,32.15,31.28,32.4,30.56,652.25,0.0088
2016-02-23,31.87,33.34,33.53,31.22,539.38,0.0124
2016-02-22,31.48,29.72,32.05,29.48,26.32,0.0621
2016-02-19,29.64,30.6,30.73,29.05,103.2,-0.0367
2016-02-18,30.77,31.35,31.98,30.27,225.5,0.0036
2016-02-17,30.66,29.14,31.49,28.73,578.64,0.0558
2016-02-16,29.04,29.08,31.53,28.7,651.96,-0.0511
2016-02-15,30.6,29.08,30.69,28.97,0,0.0526
2016-02-14,29.08,29.06,29.18,28.97,0,-0.0124
2016-02-12,29.44,27.3,29.66,26.95,675.16,0.1232
2016-02-11,26.21,27.34,27.48,26.05,795.97,-0.0452
2016-02-10,27.45,28.36,29.22,27.24,781.28,-0.0175
2016-02-09,27.94,30.17,30.61,27.74,738.22,-0.0589
2016-02-08,29.69,30.97,31.38,29.57,603.65,-0.0388
2016-02-05,30.89,31.64,32.45,30.63,616.53,-0.0262
2016-02-04,31.72,32.71,33.6,31.53,696.72,-0.0173
2016-02-03,32.28,29.75,32.75,29.4,811.7,0.0803
2016-02-02,29.88,31.37,31.53,29.57,602.56,-0.055
2016-02-01,31.62,33.83,34.18,31.29,595.61,-0.0595
2016-01-29,33.62,33.7,34.4,32.65,618.11,0.012
2016-01-28,33.22,32.19,34.82,31.74,833.38,0.0285
2016-01-27,32.3,30.55,32.84,30.14,738.55,0.027
2016-01-26,31.45,29.81,32.41,29.25,642.43,0.0366
2016-01-25,30.34,32.05,32.74,29.68,606.89,-0.0575
2016-01-22,32.19,29.84,32.35,29.53,636.57,0.0901
2016-01-21,29.53,28.35,30.25,27.87,694.04,0.1122
2016-01-20,26.55,28.33,28.58,26.19,32.11,-0.0671
2016-01-19,28.46,29.2,30.21,28.21,188.03,-0.0521
2016-01-18,30.02,29.76,30.88,29.67,0,0.0094
2016-01-17,29.75,30.68,30.68,29.36,0,0.011
2016-01-15,29.42,31.18,31.18,29.13,329.09,-0.0571
2016-01-14,31.2,30.6,31.77,30.28,537.91,0.0236
2016-01-13,30.48,30.54,31.71,30.1,637.9,0.0013
2016-01-12,30.44,31.11,32.21,29.93,627.22,-0.0309
2016-01-11,31.41,32.94,33.2,30.88,648.64,-0.0528
2016-01-08,33.16,33.3,34.34,32.64,596.5,-0.0033
2016-01-07,33.27,34.09,34.26,32.1,617.41,-0.0206
2016-01-06,33.97,36.18,36.39,33.77,563.81,-0.0556
2016-01-05,35.97,36.9,37.1,35.74,410.13,-0.0215
2016-01-04,36.76,37.6,38.39,36.33,431.99,-0.0076
